evaluated_at_datetime_utc,evaluated_at_datetime_ept,forecast_datetime_beginning_utc,forecast_datetime_beginning_ept,forecast_datetime_ending_utc,forecast_datetime_ending_ept,forecast_area,forecast_load_mw
7/9/2026 12:47:14 PM,7/9/2026 8:47:14 AM,7/9/2026 4:00:00 AM,7/9/2026 12:00:00 AM,7/9/2026 5:00:00 AM,7/9/2026 1:00:00 AM,AE/MIDATL,1311
7/9/2026 12:47:14 PM,7/9/2026 8:47:14 AM,7/9/2026 5:00:00 AM,7/9/2026 1:00:00 AM,7/9/2026 6:00:00 AM,7/9/2026 2:00:00 AM,AE/MIDATL,1224
7/9/2026 12:47:14 PM,7/9/2026 8:47:14 AM,7/9/2026 6:00:00 AM,7/9/2026 2:00:00 AM,7/9/2026 7:00:00 AM,7/9/2026 3:00:00 AM,AE/MIDATL,1170
7/9/2026 12:47:14 PM,7/9/2026 8:47:14 AM,7/9/2026 7:00:00 AM,7/9/2026 3:00:00 AM,7/9/2026 8:00:00 AM,7/9/2026 4:00:00 AM,AE/MIDATL,1137
7/9/2026 12:47:14 PM,7/9/2026 8:47:14 AM,7/9/2026 8:00:00 AM,7/9/2026 4:00:00 AM,7/9/2026 9:00:00 AM,7/9/2026 5:00:00 AM,AE/MIDATL,1134
7/9/2026 12:47:14 PM,7/9/2026 8:47:14 AM,7/9/2026 9:00:00 AM,7/9/2026 5:00:00 AM,7/9/2026 10:00:00 AM,7/9/2026 6:00:00 AM,AE/MIDATL,1158
7/9/2026 12:47:14 PM,7/9/2026 8:47:14 AM,7/9/2026 10:00:00 AM,7/9/2026 6:00:00 AM,7/9/2026 11:00:00 AM,7/9/2026 7:00:00 AM,AE/MIDATL,1219
7/9/2026 12:47:14 PM,7/9/2026 8:47:14 AM,7/9/2026 11:00:00 AM,7/9/2026 7:00:00 AM,7/9/2026 12:00:00 PM,7/9/2026 8:00:00 AM,AE/MIDATL,1303
7/9/2026 12:47:14 PM,7/9/2026 8:47:14 AM,7/9/2026 12:00:00 PM,7/9/2026 8:00:00 AM,7/9/2026 1:00:00 PM,7/9/2026 9:00:00 AM,AE/MIDATL,1273
7/9/2026 12:47:14 PM,7/9/2026 8:47:14 AM,7/9/2026 1:00:00 PM,7/9/2026 9:00:00 AM,7/9/2026 2:00:00 PM,7/9/2026 10:00:00 AM,AE/MIDATL,1288
7/9/2026 12:47:14 PM,7/9/2026 8:47:14 AM,7/9/2026 2:00:00 PM,7/9/2026 10:00:00 AM,7/9/2026 3:00:00 PM,7/9/2026 11:00:00 AM,AE/MIDATL,1333
7/9/2026 12:47:14 PM,7/9/2026 8:47:14 AM,7/9/2026 3:00:00 PM,7/9/2026 11:00:00 AM,7/9/2026 4:00:00 PM,7/9/2026 12:00:00 PM,AE/MIDATL,1398
7/9/2026 12:47:14 PM,7/9/2026 8:47:14 AM,7/9/2026 4:00:00 PM,7/9/2026 12:00:00 PM,7/9/2026 5:00:00 PM,7/9/2026 1:00:00 PM,AE/MIDATL,1481
7/9/2026 12:47:14 PM,7/9/2026 8:47:14 AM,7/9/2026 5:00:00 PM,7/9/2026 1:00:00 PM,7/9/2026 6:00:00 PM,7/9/2026 2:00:00 PM,AE/MIDATL,1590
7/9/2026 12:47:14 PM,7/9/2026 8:47:14 AM,7/9/2026 6:00:00 PM,7/9/2026 2:00:00 PM,7/9/2026 7:00:00 PM,7/9/2026 3:00:00 PM,AE/MIDATL,1689
7/9/2026 12:47:14 PM,7/9/2026 8:47:14 AM,7/9/2026 7:00:00 PM,7/9/2026 3:00:00 PM,7/9/2026 8:00:00 PM,7/9/2026 4:00:00 PM,AE/MIDATL,1788
7/9/2026 12:47:14 PM,7/9/2026 8:47:14 AM,7/9/2026 8:00:00 PM,7/9/2026 4:00:00 PM,7/9/2026 9:00:00 PM,7/9/2026 5:00:00 PM,AE/MIDATL,1893
7/9/2026 12:47:14 PM,7/9/2026 8:47:14 AM,7/9/2026 9:00:00 PM,7/9/2026 5:00:00 PM,7/9/2026 10:00:00 PM,7/9/2026 6:00:00 PM,AE/MIDATL,1967
7/9/2026 12:47:14 PM,7/9/2026 8:47:14 AM,7/9/2026 10:00:00 PM,7/9/2026 6:00:00 PM,7/9/2026 11:00:00 PM,7/9/2026 7:00:00 PM,AE/MIDATL,1982
7/9/2026 12:47:14 PM,7/9/2026 8:47:14 AM,7/9/2026 11:00:00 PM,7/9/2026 7:00:00 PM,7/10/2026 12:00:00 AM,7/9/2026 8:00:00 PM,AE/MIDATL,1926
7/9/2026 12:47:14 PM,7/9/2026 8:47:14 AM,7/10/2026 12:00:00 AM,7/9/2026 8:00:00 PM,7/10/2026 1:00:00 AM,7/9/2026 9:00:00 PM,AE/MIDATL,1831
7/9/2026 12:47:14 PM,7/9/2026 8:47:14 AM,7/10/2026 1:00:00 AM,7/9/2026 9:00:00 PM,7/10/2026 2:00:00 AM,7/9/2026 10:00:00 PM,AE/MIDATL,1738
7/9/2026 12:47:14 PM,7/9/2026 8:47:14 AM,7/10/2026 2:00:00 AM,7/9/2026 10:00:00 PM,7/10/2026 3:00:00 AM,7/9/2026 11:00:00 PM,AE/MIDATL,1601
7/9/2026 12:47:14 PM,7/9/2026 8:47:14 AM,7/10/2026 3:00:00 AM,7/9/2026 11:00:00 PM,7/10/2026 4:00:00 AM,7/10/2026 12:00:00 AM,AE/MIDATL,1455
7/9/2026 12:47:14 PM,7/9/2026 8:47:14 AM,7/10/2026 4:00:00 AM,7/10/2026 12:00:00 AM,7/10/2026 5:00:00 AM,7/10/2026 1:00:00 AM,AE/MIDATL,1417
7/9/2026 12:47:14 PM,7/9/2026 8:47:14 AM,7/10/2026 5:00:00 AM,7/10/2026 1:00:00 AM,7/10/2026 6:00:00 AM,7/10/2026 2:00:00 AM,AE/MIDATL,1323
7/9/2026 12:47:14 PM,7/9/2026 8:47:14 AM,7/10/2026 6:00:00 AM,7/10/2026 2:00:00 AM,7/10/2026 7:00:00 AM,7/10/2026 3:00:00 AM,AE/MIDATL,1258
7/9/2026 12:47:14 PM,7/9/2026 8:47:14 AM,7/10/2026 7:00:00 AM,7/10/2026 3:00:00 AM,7/10/2026 8:00:00 AM,7/10/2026 4:00:00 AM,AE/MIDATL,1218
7/9/2026 12:47:14 PM,7/9/2026 8:47:14 AM,7/10/2026 8:00:00 AM,7/10/2026 4:00:00 AM,7/10/2026 9:00:00 AM,7/10/2026 5:00:00 AM,AE/MIDATL,1212
7/9/2026 12:47:14 PM,7/9/2026 8:47:14 AM,7/10/2026 9:00:00 AM,7/10/2026 5:00:00 AM,7/10/2026 10:00:00 AM,7/10/2026 6:00:00 AM,AE/MIDATL,1235
7/9/2026 12:47:14 PM,7/9/2026 8:47:14 AM,7/10/2026 10:00:00 AM,7/10/2026 6:00:00 AM,7/10/2026 11:00:00 AM,7/10/2026 7:00:00 AM,AE/MIDATL,1279
7/9/2026 12:47:14 PM,7/9/2026 8:47:14 AM,7/10/2026 11:00:00 AM,7/10/2026 7:00:00 AM,7/10/2026 12:00:00 PM,7/10/2026 8:00:00 AM,AE/MIDATL,1353
7/9/2026 12:47:14 PM,7/9/2026 8:47:14 AM,7/10/2026 12:00:00 PM,7/10/2026 8:00:00 AM,7/10/2026 1:00:00 PM,7/10/2026 9:00:00 AM,AE/MIDATL,1430
7/9/2026 12:47:14 PM,7/9/2026 8:47:14 AM,7/10/2026 1:00:00 PM,7/10/2026 9:00:00 AM,7/10/2026 2:00:00 PM,7/10/2026 10:00:00 AM,AE/MIDATL,1489
7/9/2026 12:47:14 PM,7/9/2026 8:47:14 AM,7/10/2026 2:00:00 PM,7/10/2026 10:00:00 AM,7/10/2026 3:00:00 PM,7/10/2026 11:00:00 AM,AE/MIDATL,1578
7/9/2026 12:47:14 PM,7/9/2026 8:47:14 AM,7/10/2026 3:00:00 PM,7/10/2026 11:00:00 AM,7/10/2026 4:00:00 PM,7/10/2026 12:00:00 PM,AE/MIDATL,1681
7/9/2026 12:47:14 PM,7/9/2026 8:47:14 AM,7/10/2026 4:00:00 PM,7/10/2026 12:00:00 PM,7/10/2026 5:00:00 PM,7/10/2026 1:00:00 PM,AE/MIDATL,1801
7/9/2026 12:47:14 PM,7/9/2026 8:47:14 AM,7/10/2026 5:00:00 PM,7/10/2026 1:00:00 PM,7/10/2026 6:00:00 PM,7/10/2026 2:00:00 PM,AE/MIDATL,1936
7/9/2026 12:47:14 PM,7/9/2026 8:47:14 AM,7/10/2026 6:00:00 PM,7/10/2026 2:00:00 PM,7/10/2026 7:00:00 PM,7/10/2026 3:00:00 PM,AE/MIDATL,2045
7/9/2026 12:47:14 PM,7/9/2026 8:47:14 AM,7/10/2026 7:00:00 PM,7/10/2026 3:00:00 PM,7/10/2026 8:00:00 PM,7/10/2026 4:00:00 PM,AE/MIDATL,2130
7/9/2026 12:47:14 PM,7/9/2026 8:47:14 AM,7/10/2026 8:00:00 PM,7/10/2026 4:00:00 PM,7/10/2026 9:00:00 PM,7/10/2026 5:00:00 PM,AE/MIDATL,2230
7/9/2026 12:47:14 PM,7/9/2026 8:47:14 AM,7/10/2026 9:00:00 PM,7/10/2026 5:00:00 PM,7/10/2026 10:00:00 PM,7/10/2026 6:00:00 PM,AE/MIDATL,2287
7/9/2026 12:47:14 PM,7/9/2026 8:47:14 AM,7/10/2026 10:00:00 PM,7/10/2026 6:00:00 PM,7/10/2026 11:00:00 PM,7/10/2026 7:00:00 PM,AE/MIDATL,2285
7/9/2026 12:47:14 PM,7/9/2026 8:47:14 AM,7/10/2026 11:00:00 PM,7/10/2026 7:00:00 PM,7/11/2026 12:00:00 AM,7/10/2026 8:00:00 PM,AE/MIDATL,2203
7/9/2026 12:47:14 PM,7/9/2026 8:47:14 AM,7/11/2026 12:00:00 AM,7/10/2026 8:00:00 PM,7/11/2026 1:00:00 AM,7/10/2026 9:00:00 PM,AE/MIDATL,2101
7/9/2026 12:47:14 PM,7/9/2026 8:47:14 AM,7/11/2026 1:00:00 AM,7/10/2026 9:00:00 PM,7/11/2026 2:00:00 AM,7/10/2026 10:00:00 PM,AE/MIDATL,1995
7/9/2026 12:47:14 PM,7/9/2026 8:47:14 AM,7/11/2026 2:00:00 AM,7/10/2026 10:00:00 PM,7/11/2026 3:00:00 AM,7/10/2026 11:00:00 PM,AE/MIDATL,1850
7/9/2026 12:47:14 PM,7/9/2026 8:47:14 AM,7/11/2026 3:00:00 AM,7/10/2026 11:00:00 PM,7/11/2026 4:00:00 AM,7/11/2026 12:00:00 AM,AE/MIDATL,1694
7/9/2026 12:47:14 PM,7/9/2026 8:47:14 AM,7/11/2026 4:00:00 AM,7/11/2026 12:00:00 AM,7/11/2026 5:00:00 AM,7/11/2026 1:00:00 AM,AE/MIDATL,1519
7/9/2026 12:47:14 PM,7/9/2026 8:47:14 AM,7/11/2026 5:00:00 AM,7/11/2026 1:00:00 AM,7/11/2026 6:00:00 AM,7/11/2026 2:00:00 AM,AE/MIDATL,1401
7/9/2026 12:47:14 PM,7/9/2026 8:47:14 AM,7/11/2026 6:00:00 AM,7/11/2026 2:00:00 AM,7/11/2026 7:00:00 AM,7/11/2026 3:00:00 AM,AE/MIDATL,1313
7/9/2026 12:47:14 PM,7/9/2026 8:47:14 AM,7/11/2026 7:00:00 AM,7/11/2026 3:00:00 AM,7/11/2026 8:00:00 AM,7/11/2026 4:00:00 AM,AE/MIDATL,1257
7/9/2026 12:47:14 PM,7/9/2026 8:47:14 AM,7/11/2026 8:00:00 AM,7/11/2026 4:00:00 AM,7/11/2026 9:00:00 AM,7/11/2026 5:00:00 AM,AE/MIDATL,1226
7/9/2026 12:47:14 PM,7/9/2026 8:47:14 AM,7/11/2026 9:00:00 AM,7/11/2026 5:00:00 AM,7/11/2026 10:00:00 AM,7/11/2026 6:00:00 AM,AE/MIDATL,1209
7/9/2026 12:47:14 PM,7/9/2026 8:47:14 AM,7/11/2026 10:00:00 AM,7/11/2026 6:00:00 AM,7/11/2026 11:00:00 AM,7/11/2026 7:00:00 AM,AE/MIDATL,1204
7/9/2026 12:47:14 PM,7/9/2026 8:47:14 AM,7/11/2026 11:00:00 AM,7/11/2026 7:00:00 AM,7/11/2026 12:00:00 PM,7/11/2026 8:00:00 AM,AE/MIDATL,1244
7/9/2026 12:47:14 PM,7/9/2026 8:47:14 AM,7/11/2026 12:00:00 PM,7/11/2026 8:00:00 AM,7/11/2026 1:00:00 PM,7/11/2026 9:00:00 AM,AE/MIDATL,1315
7/9/2026 12:47:14 PM,7/9/2026 8:47:14 AM,7/11/2026 1:00:00 PM,7/11/2026 9:00:00 AM,7/11/2026 2:00:00 PM,7/11/2026 10:00:00 AM,AE/MIDATL,1375
7/9/2026 12:47:14 PM,7/9/2026 8:47:14 AM,7/11/2026 2:00:00 PM,7/11/2026 10:00:00 AM,7/11/2026 3:00:00 PM,7/11/2026 11:00:00 AM,AE/MIDATL,1441
7/9/2026 12:47:14 PM,7/9/2026 8:47:14 AM,7/11/2026 3:00:00 PM,7/11/2026 11:00:00 AM,7/11/2026 4:00:00 PM,7/11/2026 12:00:00 PM,AE/MIDATL,1524
7/9/2026 12:47:14 PM,7/9/2026 8:47:14 AM,7/11/2026 4:00:00 PM,7/11/2026 12:00:00 PM,7/11/2026 5:00:00 PM,7/11/2026 1:00:00 PM,AE/MIDATL,1608
7/9/2026 12:47:14 PM,7/9/2026 8:47:14 AM,7/11/2026 5:00:00 PM,7/11/2026 1:00:00 PM,7/11/2026 6:00:00 PM,7/11/2026 2:00:00 PM,AE/MIDATL,1697
7/9/2026 12:47:14 PM,7/9/2026 8:47:14 AM,7/11/2026 6:00:00 PM,7/11/2026 2:00:00 PM,7/11/2026 7:00:00 PM,7/11/2026 3:00:00 PM,AE/MIDATL,1784
7/9/2026 12:47:14 PM,7/9/2026 8:47:14 AM,7/11/2026 7:00:00 PM,7/11/2026 3:00:00 PM,7/11/2026 8:00:00 PM,7/11/2026 4:00:00 PM,AE/MIDATL,1876
7/9/2026 12:47:14 PM,7/9/2026 8:47:14 AM,7/11/2026 8:00:00 PM,7/11/2026 4:00:00 PM,7/11/2026 9:00:00 PM,7/11/2026 5:00:00 PM,AE/MIDATL,1997
7/9/2026 12:47:14 PM,7/9/2026 8:47:14 AM,7/11/2026 9:00:00 PM,7/11/2026 5:00:00 PM,7/11/2026 10:00:00 PM,7/11/2026 6:00:00 PM,AE/MIDATL,2076
7/9/2026 12:47:14 PM,7/9/2026 8:47:14 AM,7/11/2026 10:00:00 PM,7/11/2026 6:00:00 PM,7/11/2026 11:00:00 PM,7/11/2026 7:00:00 PM,AE/MIDATL,2095
7/9/2026 12:47:14 PM,7/9/2026 8:47:14 AM,7/11/2026 11:00:00 PM,7/11/2026 7:00:00 PM,7/12/2026 12:00:00 AM,7/11/2026 8:00:00 PM,AE/MIDATL,2032
7/9/2026 12:47:14 PM,7/9/2026 8:47:14 AM,7/12/2026 12:00:00 AM,7/11/2026 8:00:00 PM,7/12/2026 1:00:00 AM,7/11/2026 9:00:00 PM,AE/MIDATL,1941
7/9/2026 12:47:14 PM,7/9/2026 8:47:14 AM,7/12/2026 1:00:00 AM,7/11/2026 9:00:00 PM,7/12/2026 2:00:00 AM,7/11/2026 10:00:00 PM,AE/MIDATL,1849
7/9/2026 12:47:14 PM,7/9/2026 8:47:14 AM,7/12/2026 2:00:00 AM,7/11/2026 10:00:00 PM,7/12/2026 3:00:00 AM,7/11/2026 11:00:00 PM,AE/MIDATL,1718
7/9/2026 12:47:14 PM,7/9/2026 8:47:14 AM,7/12/2026 3:00:00 AM,7/11/2026 11:00:00 PM,7/12/2026 4:00:00 AM,7/12/2026 12:00:00 AM,AE/MIDATL,1574
7/9/2026 12:47:14 PM,7/9/2026 8:47:14 AM,7/12/2026 4:00:00 AM,7/12/2026 12:00:00 AM,7/12/2026 5:00:00 AM,7/12/2026 1:00:00 AM,AE/MIDATL,1423
7/9/2026 12:47:14 PM,7/9/2026 8:47:14 AM,7/12/2026 5:00:00 AM,7/12/2026 1:00:00 AM,7/12/2026 6:00:00 AM,7/12/2026 2:00:00 AM,AE/MIDATL,1320
7/9/2026 12:47:14 PM,7/9/2026 8:47:14 AM,7/12/2026 6:00:00 AM,7/12/2026 2:00:00 AM,7/12/2026 7:00:00 AM,7/12/2026 3:00:00 AM,AE/MIDATL,1249
7/9/2026 12:47:14 PM,7/9/2026 8:47:14 AM,7/12/2026 7:00:00 AM,7/12/2026 3:00:00 AM,7/12/2026 8:00:00 AM,7/12/2026 4:00:00 AM,AE/MIDATL,1200
7/9/2026 12:47:14 PM,7/9/2026 8:47:14 AM,7/12/2026 8:00:00 AM,7/12/2026 4:00:00 AM,7/12/2026 9:00:00 AM,7/12/2026 5:00:00 AM,AE/MIDATL,1172
7/9/2026 12:47:14 PM,7/9/2026 8:47:14 AM,7/12/2026 9:00:00 AM,7/12/2026 5:00:00 AM,7/12/2026 10:00:00 AM,7/12/2026 6:00:00 AM,AE/MIDATL,1161
7/9/2026 12:47:14 PM,7/9/2026 8:47:14 AM,7/12/2026 10:00:00 AM,7/12/2026 6:00:00 AM,7/12/2026 11:00:00 AM,7/12/2026 7:00:00 AM,AE/MIDATL,1155
7/9/2026 12:47:14 PM,7/9/2026 8:47:14 AM,7/12/2026 11:00:00 AM,7/12/2026 7:00:00 AM,7/12/2026 12:00:00 PM,7/12/2026 8:00:00 AM,AE/MIDATL,1188
7/9/2026 12:47:14 PM,7/9/2026 8:47:14 AM,7/12/2026 12:00:00 PM,7/12/2026 8:00:00 AM,7/12/2026 1:00:00 PM,7/12/2026 9:00:00 AM,AE/MIDATL,1247
7/9/2026 12:47:14 PM,7/9/2026 8:47:14 AM,7/12/2026 1:00:00 PM,7/12/2026 9:00:00 AM,7/12/2026 2:00:00 PM,7/12/2026 10:00:00 AM,AE/MIDATL,1313
7/9/2026 12:47:14 PM,7/9/2026 8:47:14 AM,7/12/2026 2:00:00 PM,7/12/2026 10:00:00 AM,7/12/2026 3:00:00 PM,7/12/2026 11:00:00 AM,AE/MIDATL,1385
7/9/2026 12:47:14 PM,7/9/2026 8:47:14 AM,7/12/2026 3:00:00 PM,7/12/2026 11:00:00 AM,7/12/2026 4:00:00 PM,7/12/2026 12:00:00 PM,AE/MIDATL,1477
7/9/2026 12:47:14 PM,7/9/2026 8:47:14 AM,7/12/2026 4:00:00 PM,7/12/2026 12:00:00 PM,7/12/2026 5:00:00 PM,7/12/2026 1:00:00 PM,AE/MIDATL,1572
7/9/2026 12:47:14 PM,7/9/2026 8:47:14 AM,7/12/2026 5:00:00 PM,7/12/2026 1:00:00 PM,7/12/2026 6:00:00 PM,7/12/2026 2:00:00 PM,AE/MIDATL,1662
7/9/2026 12:47:14 PM,7/9/2026 8:47:14 AM,7/12/2026 6:00:00 PM,7/12/2026 2:00:00 PM,7/12/2026 7:00:00 PM,7/12/2026 3:00:00 PM,AE/MIDATL,1743
7/9/2026 12:47:14 PM,7/9/2026 8:47:14 AM,7/12/2026 7:00:00 PM,7/12/2026 3:00:00 PM,7/12/2026 8:00:00 PM,7/12/2026 4:00:00 PM,AE/MIDATL,1842
7/9/2026 12:47:14 PM,7/9/2026 8:47:14 AM,7/12/2026 8:00:00 PM,7/12/2026 4:00:00 PM,7/12/2026 9:00:00 PM,7/12/2026 5:00:00 PM,AE/MIDATL,1962
7/9/2026 12:47:14 PM,7/9/2026 8:47:14 AM,7/12/2026 9:00:00 PM,7/12/2026 5:00:00 PM,7/12/2026 10:00:00 PM,7/12/2026 6:00:00 PM,AE/MIDATL,2041
7/9/2026 12:47:14 PM,7/9/2026 8:47:14 AM,7/12/2026 10:00:00 PM,7/12/2026 6:00:00 PM,7/12/2026 11:00:00 PM,7/12/2026 7:00:00 PM,AE/MIDATL,2044
7/9/2026 12:47:14 PM,7/9/2026 8:47:14 AM,7/12/2026 11:00:00 PM,7/12/2026 7:00:00 PM,7/13/2026 12:00:00 AM,7/12/2026 8:00:00 PM,AE/MIDATL,1971
7/9/2026 12:47:14 PM,7/9/2026 8:47:14 AM,7/13/2026 12:00:00 AM,7/12/2026 8:00:00 PM,7/13/2026 1:00:00 AM,7/12/2026 9:00:00 PM,AE/MIDATL,1880
7/9/2026 12:47:14 PM,7/9/2026 8:47:14 AM,7/13/2026 1:00:00 AM,7/12/2026 9:00:00 PM,7/13/2026 2:00:00 AM,7/12/2026 10:00:00 PM,AE/MIDATL,1780
7/9/2026 12:47:14 PM,7/9/2026 8:47:14 AM,7/13/2026 2:00:00 AM,7/12/2026 10:00:00 PM,7/13/2026 3:00:00 AM,7/12/2026 11:00:00 PM,AE/MIDATL,1646
7/9/2026 12:47:14 PM,7/9/2026 8:47:14 AM,7/13/2026 3:00:00 AM,7/12/2026 11:00:00 PM,7/13/2026 4:00:00 AM,7/13/2026 12:00:00 AM,AE/MIDATL,1494
7/9/2026 12:47:14 PM,7/9/2026 8:47:14 AM,7/13/2026 4:00:00 AM,7/13/2026 12:00:00 AM,7/13/2026 5:00:00 AM,7/13/2026 1:00:00 AM,AE/MIDATL,1332
7/9/2026 12:47:14 PM,7/9/2026 8:47:14 AM,7/13/2026 5:00:00 AM,7/13/2026 1:00:00 AM,7/13/2026 6:00:00 AM,7/13/2026 2:00:00 AM,AE/MIDATL,1239
7/9/2026 12:47:14 PM,7/9/2026 8:47:14 AM,7/13/2026 6:00:00 AM,7/13/2026 2:00:00 AM,7/13/2026 7:00:00 AM,7/13/2026 3:00:00 AM,AE/MIDATL,1178
7/9/2026 12:47:14 PM,7/9/2026 8:47:14 AM,7/13/2026 7:00:00 AM,7/13/2026 3:00:00 AM,7/13/2026 8:00:00 AM,7/13/2026 4:00:00 AM,AE/MIDATL,1145
7/9/2026 12:47:14 PM,7/9/2026 8:47:14 AM,7/13/2026 8:00:00 AM,7/13/2026 4:00:00 AM,7/13/2026 9:00:00 AM,7/13/2026 5:00:00 AM,AE/MIDATL,1138
7/9/2026 12:47:14 PM,7/9/2026 8:47:14 AM,7/13/2026 9:00:00 AM,7/13/2026 5:00:00 AM,7/13/2026 10:00:00 AM,7/13/2026 6:00:00 AM,AE/MIDATL,1164
7/9/2026 12:47:14 PM,7/9/2026 8:47:14 AM,7/13/2026 10:00:00 AM,7/13/2026 6:00:00 AM,7/13/2026 11:00:00 AM,7/13/2026 7:00:00 AM,AE/MIDATL,1210
7/9/2026 12:47:14 PM,7/9/2026 8:47:14 AM,7/13/2026 11:00:00 AM,7/13/2026 7:00:00 AM,7/13/2026 12:00:00 PM,7/13/2026 8:00:00 AM,AE/MIDATL,1267
7/9/2026 12:47:14 PM,7/9/2026 8:47:14 AM,7/13/2026 12:00:00 PM,7/13/2026 8:00:00 AM,7/13/2026 1:00:00 PM,7/13/2026 9:00:00 AM,AE/MIDATL,1312
7/9/2026 12:47:14 PM,7/9/2026 8:47:14 AM,7/13/2026 1:00:00 PM,7/13/2026 9:00:00 AM,7/13/2026 2:00:00 PM,7/13/2026 10:00:00 AM,AE/MIDATL,1336
7/9/2026 12:47:14 PM,7/9/2026 8:47:14 AM,7/13/2026 2:00:00 PM,7/13/2026 10:00:00 AM,7/13/2026 3:00:00 PM,7/13/2026 11:00:00 AM,AE/MIDATL,1388
7/9/2026 12:47:14 PM,7/9/2026 8:47:14 AM,7/13/2026 3:00:00 PM,7/13/2026 11:00:00 AM,7/13/2026 4:00:00 PM,7/13/2026 12:00:00 PM,AE/MIDATL,1468
7/9/2026 12:47:14 PM,7/9/2026 8:47:14 AM,7/13/2026 4:00:00 PM,7/13/2026 12:00:00 PM,7/13/2026 5:00:00 PM,7/13/2026 1:00:00 PM,AE/MIDATL,1565
7/9/2026 12:47:14 PM,7/9/2026 8:47:14 AM,7/13/2026 5:00:00 PM,7/13/2026 1:00:00 PM,7/13/2026 6:00:00 PM,7/13/2026 2:00:00 PM,AE/MIDATL,1675
7/9/2026 12:47:14 PM,7/9/2026 8:47:14 AM,7/13/2026 6:00:00 PM,7/13/2026 2:00:00 PM,7/13/2026 7:00:00 PM,7/13/2026 3:00:00 PM,AE/MIDATL,1767
7/9/2026 12:47:14 PM,7/9/2026 8:47:14 AM,7/13/2026 7:00:00 PM,7/13/2026 3:00:00 PM,7/13/2026 8:00:00 PM,7/13/2026 4:00:00 PM,AE/MIDATL,1872
7/9/2026 12:47:14 PM,7/9/2026 8:47:14 AM,7/13/2026 8:00:00 PM,7/13/2026 4:00:00 PM,7/13/2026 9:00:00 PM,7/13/2026 5:00:00 PM,AE/MIDATL,1996
7/9/2026 12:47:14 PM,7/9/2026 8:47:14 AM,7/13/2026 9:00:00 PM,7/13/2026 5:00:00 PM,7/13/2026 10:00:00 PM,7/13/2026 6:00:00 PM,AE/MIDATL,2080
7/9/2026 12:47:14 PM,7/9/2026 8:47:14 AM,7/13/2026 10:00:00 PM,7/13/2026 6:00:00 PM,7/13/2026 11:00:00 PM,7/13/2026 7:00:00 PM,AE/MIDATL,2083
7/9/2026 12:47:14 PM,7/9/2026 8:47:14 AM,7/13/2026 11:00:00 PM,7/13/2026 7:00:00 PM,7/14/2026 12:00:00 AM,7/13/2026 8:00:00 PM,AE/MIDATL,1992
7/9/2026 12:47:14 PM,7/9/2026 8:47:14 AM,7/14/2026 12:00:00 AM,7/13/2026 8:00:00 PM,7/14/2026 1:00:00 AM,7/13/2026 9:00:00 PM,AE/MIDATL,1880
7/9/2026 12:47:14 PM,7/9/2026 8:47:14 AM,7/14/2026 1:00:00 AM,7/13/2026 9:00:00 PM,7/14/2026 2:00:00 AM,7/13/2026 10:00:00 PM,AE/MIDATL,1769
7/9/2026 12:47:14 PM,7/9/2026 8:47:14 AM,7/14/2026 2:00:00 AM,7/13/2026 10:00:00 PM,7/14/2026 3:00:00 AM,7/13/2026 11:00:00 PM,AE/MIDATL,1622
7/9/2026 12:47:14 PM,7/9/2026 8:47:14 AM,7/14/2026 3:00:00 AM,7/13/2026 11:00:00 PM,7/14/2026 4:00:00 AM,7/14/2026 12:00:00 AM,AE/MIDATL,1471
7/9/2026 12:47:14 PM,7/9/2026 8:47:14 AM,7/14/2026 4:00:00 AM,7/14/2026 12:00:00 AM,7/14/2026 5:00:00 AM,7/14/2026 1:00:00 AM,AE/MIDATL,1354
7/9/2026 12:47:14 PM,7/9/2026 8:47:14 AM,7/14/2026 5:00:00 AM,7/14/2026 1:00:00 AM,7/14/2026 6:00:00 AM,7/14/2026 2:00:00 AM,AE/MIDATL,1253
7/9/2026 12:47:14 PM,7/9/2026 8:47:14 AM,7/14/2026 6:00:00 AM,7/14/2026 2:00:00 AM,7/14/2026 7:00:00 AM,7/14/2026 3:00:00 AM,AE/MIDATL,1183
7/9/2026 12:47:14 PM,7/9/2026 8:47:14 AM,7/14/2026 7:00:00 AM,7/14/2026 3:00:00 AM,7/14/2026 8:00:00 AM,7/14/2026 4:00:00 AM,AE/MIDATL,1139
7/9/2026 12:47:14 PM,7/9/2026 8:47:14 AM,7/14/2026 8:00:00 AM,7/14/2026 4:00:00 AM,7/14/2026 9:00:00 AM,7/14/2026 5:00:00 AM,AE/MIDATL,1129
7/9/2026 12:47:14 PM,7/9/2026 8:47:14 AM,7/14/2026 9:00:00 AM,7/14/2026 5:00:00 AM,7/14/2026 10:00:00 AM,7/14/2026 6:00:00 AM,AE/MIDATL,1146
7/9/2026 12:47:14 PM,7/9/2026 8:47:14 AM,7/14/2026 10:00:00 AM,7/14/2026 6:00:00 AM,7/14/2026 11:00:00 AM,7/14/2026 7:00:00 AM,AE/MIDATL,1186
7/9/2026 12:47:14 PM,7/9/2026 8:47:14 AM,7/14/2026 11:00:00 AM,7/14/2026 7:00:00 AM,7/14/2026 12:00:00 PM,7/14/2026 8:00:00 AM,AE/MIDATL,1249
7/9/2026 12:47:14 PM,7/9/2026 8:47:14 AM,7/14/2026 12:00:00 PM,7/14/2026 8:00:00 AM,7/14/2026 1:00:00 PM,7/14/2026 9:00:00 AM,AE/MIDATL,1307
7/9/2026 12:47:14 PM,7/9/2026 8:47:14 AM,7/14/2026 1:00:00 PM,7/14/2026 9:00:00 AM,7/14/2026 2:00:00 PM,7/14/2026 10:00:00 AM,AE/MIDATL,1343
7/9/2026 12:47:14 PM,7/9/2026 8:47:14 AM,7/14/2026 2:00:00 PM,7/14/2026 10:00:00 AM,7/14/2026 3:00:00 PM,7/14/2026 11:00:00 AM,AE/MIDATL,1402
7/9/2026 12:47:14 PM,7/9/2026 8:47:14 AM,7/14/2026 3:00:00 PM,7/14/2026 11:00:00 AM,7/14/2026 4:00:00 PM,7/14/2026 12:00:00 PM,AE/MIDATL,1485
7/9/2026 12:47:14 PM,7/9/2026 8:47:14 AM,7/14/2026 4:00:00 PM,7/14/2026 12:00:00 PM,7/14/2026 5:00:00 PM,7/14/2026 1:00:00 PM,AE/MIDATL,1590
7/9/2026 12:47:14 PM,7/9/2026 8:47:14 AM,7/14/2026 5:00:00 PM,7/14/2026 1:00:00 PM,7/14/2026 6:00:00 PM,7/14/2026 2:00:00 PM,AE/MIDATL,1713
7/9/2026 12:47:14 PM,7/9/2026 8:47:14 AM,7/14/2026 6:00:00 PM,7/14/2026 2:00:00 PM,7/14/2026 7:00:00 PM,7/14/2026 3:00:00 PM,AE/MIDATL,1822
7/9/2026 12:47:14 PM,7/9/2026 8:47:14 AM,7/14/2026 7:00:00 PM,7/14/2026 3:00:00 PM,7/14/2026 8:00:00 PM,7/14/2026 4:00:00 PM,AE/MIDATL,1948
7/9/2026 12:47:14 PM,7/9/2026 8:47:14 AM,7/14/2026 8:00:00 PM,7/14/2026 4:00:00 PM,7/14/2026 9:00:00 PM,7/14/2026 5:00:00 PM,AE/MIDATL,2090
7/9/2026 12:47:14 PM,7/9/2026 8:47:14 AM,7/14/2026 9:00:00 PM,7/14/2026 5:00:00 PM,7/14/2026 10:00:00 PM,7/14/2026 6:00:00 PM,AE/MIDATL,2201
7/9/2026 12:47:14 PM,7/9/2026 8:47:14 AM,7/14/2026 10:00:00 PM,7/14/2026 6:00:00 PM,7/14/2026 11:00:00 PM,7/14/2026 7:00:00 PM,AE/MIDATL,2231
7/9/2026 12:47:14 PM,7/9/2026 8:47:14 AM,7/14/2026 11:00:00 PM,7/14/2026 7:00:00 PM,7/15/2026 12:00:00 AM,7/14/2026 8:00:00 PM,AE/MIDATL,2154
7/9/2026 12:47:14 PM,7/9/2026 8:47:14 AM,7/15/2026 12:00:00 AM,7/14/2026 8:00:00 PM,7/15/2026 1:00:00 AM,7/14/2026 9:00:00 PM,AE/MIDATL,2037
7/9/2026 12:47:14 PM,7/9/2026 8:47:14 AM,7/15/2026 1:00:00 AM,7/14/2026 9:00:00 PM,7/15/2026 2:00:00 AM,7/14/2026 10:00:00 PM,AE/MIDATL,1917
7/9/2026 12:47:14 PM,7/9/2026 8:47:14 AM,7/15/2026 2:00:00 AM,7/14/2026 10:00:00 PM,7/15/2026 3:00:00 AM,7/14/2026 11:00:00 PM,AE/MIDATL,1752
7/9/2026 12:47:14 PM,7/9/2026 8:47:14 AM,7/15/2026 3:00:00 AM,7/14/2026 11:00:00 PM,7/15/2026 4:00:00 AM,7/15/2026 12:00:00 AM,AE/MIDATL,1586
7/9/2026 12:47:14 PM,7/9/2026 8:47:14 AM,7/15/2026 4:00:00 AM,7/15/2026 12:00:00 AM,7/15/2026 5:00:00 AM,7/15/2026 1:00:00 AM,AE/MIDATL,1468
7/9/2026 12:47:14 PM,7/9/2026 8:47:14 AM,7/15/2026 5:00:00 AM,7/15/2026 1:00:00 AM,7/15/2026 6:00:00 AM,7/15/2026 2:00:00 AM,AE/MIDATL,1367
7/9/2026 12:47:14 PM,7/9/2026 8:47:14 AM,7/15/2026 6:00:00 AM,7/15/2026 2:00:00 AM,7/15/2026 7:00:00 AM,7/15/2026 3:00:00 AM,AE/MIDATL,1292
7/9/2026 12:47:14 PM,7/9/2026 8:47:14 AM,7/15/2026 7:00:00 AM,7/15/2026 3:00:00 AM,7/15/2026 8:00:00 AM,7/15/2026 4:00:00 AM,AE/MIDATL,1249
7/9/2026 12:47:14 PM,7/9/2026 8:47:14 AM,7/15/2026 8:00:00 AM,7/15/2026 4:00:00 AM,7/15/2026 9:00:00 AM,7/15/2026 5:00:00 AM,AE/MIDATL,1241
7/9/2026 12:47:14 PM,7/9/2026 8:47:14 AM,7/15/2026 9:00:00 AM,7/15/2026 5:00:00 AM,7/15/2026 10:00:00 AM,7/15/2026 6:00:00 AM,AE/MIDATL,1262
7/9/2026 12:47:14 PM,7/9/2026 8:47:14 AM,7/15/2026 10:00:00 AM,7/15/2026 6:00:00 AM,7/15/2026 11:00:00 AM,7/15/2026 7:00:00 AM,AE/MIDATL,1303
7/9/2026 12:47:14 PM,7/9/2026 8:47:14 AM,7/15/2026 11:00:00 AM,7/15/2026 7:00:00 AM,7/15/2026 12:00:00 PM,7/15/2026 8:00:00 AM,AE/MIDATL,1386
7/9/2026 12:47:14 PM,7/9/2026 8:47:14 AM,7/15/2026 12:00:00 PM,7/15/2026 8:00:00 AM,7/15/2026 1:00:00 PM,7/15/2026 9:00:00 AM,AE/MIDATL,1470
7/9/2026 12:47:14 PM,7/9/2026 8:47:14 AM,7/15/2026 1:00:00 PM,7/15/2026 9:00:00 AM,7/15/2026 2:00:00 PM,7/15/2026 10:00:00 AM,AE/MIDATL,1534
7/9/2026 12:47:14 PM,7/9/2026 8:47:14 AM,7/15/2026 2:00:00 PM,7/15/2026 10:00:00 AM,7/15/2026 3:00:00 PM,7/15/2026 11:00:00 AM,AE/MIDATL,1623
7/9/2026 12:47:14 PM,7/9/2026 8:47:14 AM,7/15/2026 3:00:00 PM,7/15/2026 11:00:00 AM,7/15/2026 4:00:00 PM,7/15/2026 12:00:00 PM,AE/MIDATL,1733
7/9/2026 12:47:14 PM,7/9/2026 8:47:14 AM,7/15/2026 4:00:00 PM,7/15/2026 12:00:00 PM,7/15/2026 5:00:00 PM,7/15/2026 1:00:00 PM,AE/MIDATL,1851
7/9/2026 12:47:14 PM,7/9/2026 8:47:14 AM,7/15/2026 5:00:00 PM,7/15/2026 1:00:00 PM,7/15/2026 6:00:00 PM,7/15/2026 2:00:00 PM,AE/MIDATL,1983
7/9/2026 12:47:14 PM,7/9/2026 8:47:14 AM,7/15/2026 6:00:00 PM,7/15/2026 2:00:00 PM,7/15/2026 7:00:00 PM,7/15/2026 3:00:00 PM,AE/MIDATL,2093
7/9/2026 12:47:14 PM,7/9/2026 8:47:14 AM,7/15/2026 7:00:00 PM,7/15/2026 3:00:00 PM,7/15/2026 8:00:00 PM,7/15/2026 4:00:00 PM,AE/MIDATL,2212
7/9/2026 12:47:14 PM,7/9/2026 8:47:14 AM,7/15/2026 8:00:00 PM,7/15/2026 4:00:00 PM,7/15/2026 9:00:00 PM,7/15/2026 5:00:00 PM,AE/MIDATL,2338
7/9/2026 12:47:14 PM,7/9/2026 8:47:14 AM,7/15/2026 9:00:00 PM,7/15/2026 5:00:00 PM,7/15/2026 10:00:00 PM,7/15/2026 6:00:00 PM,AE/MIDATL,2432
7/9/2026 12:47:14 PM,7/9/2026 8:47:14 AM,7/15/2026 10:00:00 PM,7/15/2026 6:00:00 PM,7/15/2026 11:00:00 PM,7/15/2026 7:00:00 PM,AE/MIDATL,2457
7/9/2026 12:47:14 PM,7/9/2026 8:47:14 AM,7/15/2026 11:00:00 PM,7/15/2026 7:00:00 PM,7/16/2026 12:00:00 AM,7/15/2026 8:00:00 PM,AE/MIDATL,2375
7/9/2026 12:47:14 PM,7/9/2026 8:47:14 AM,7/16/2026 12:00:00 AM,7/15/2026 8:00:00 PM,7/16/2026 1:00:00 AM,7/15/2026 9:00:00 PM,AE/MIDATL,2255
7/9/2026 12:47:14 PM,7/9/2026 8:47:14 AM,7/16/2026 1:00:00 AM,7/15/2026 9:00:00 PM,7/16/2026 2:00:00 AM,7/15/2026 10:00:00 PM,AE/MIDATL,2131
7/9/2026 12:47:14 PM,7/9/2026 8:47:14 AM,7/16/2026 2:00:00 AM,7/15/2026 10:00:00 PM,7/16/2026 3:00:00 AM,7/15/2026 11:00:00 PM,AE/MIDATL,1954
7/9/2026 12:47:14 PM,7/9/2026 8:47:14 AM,7/16/2026 3:00:00 AM,7/15/2026 11:00:00 PM,7/16/2026 4:00:00 AM,7/16/2026 12:00:00 AM,AE/MIDATL,1784
7/9/2026 12:47:14 PM,7/9/2026 8:47:14 AM,7/9/2026 4:00:00 AM,7/9/2026 12:00:00 AM,7/9/2026 5:00:00 AM,7/9/2026 1:00:00 AM,AEP,17910
7/9/2026 12:47:14 PM,7/9/2026 8:47:14 AM,7/9/2026 5:00:00 AM,7/9/2026 1:00:00 AM,7/9/2026 6:00:00 AM,7/9/2026 2:00:00 AM,AEP,17159
7/9/2026 12:47:14 PM,7/9/2026 8:47:14 AM,7/9/2026 6:00:00 AM,7/9/2026 2:00:00 AM,7/9/2026 7:00:00 AM,7/9/2026 3:00:00 AM,AEP,16617
7/9/2026 12:47:14 PM,7/9/2026 8:47:14 AM,7/9/2026 7:00:00 AM,7/9/2026 3:00:00 AM,7/9/2026 8:00:00 AM,7/9/2026 4:00:00 AM,AEP,16304
7/9/2026 12:47:14 PM,7/9/2026 8:47:14 AM,7/9/2026 8:00:00 AM,7/9/2026 4:00:00 AM,7/9/2026 9:00:00 AM,7/9/2026 5:00:00 AM,AEP,16200
7/9/2026 12:47:14 PM,7/9/2026 8:47:14 AM,7/9/2026 9:00:00 AM,7/9/2026 5:00:00 AM,7/9/2026 10:00:00 AM,7/9/2026 6:00:00 AM,AEP,16539
7/9/2026 12:47:14 PM,7/9/2026 8:47:14 AM,7/9/2026 10:00:00 AM,7/9/2026 6:00:00 AM,7/9/2026 11:00:00 AM,7/9/2026 7:00:00 AM,AEP,16966
7/9/2026 12:47:14 PM,7/9/2026 8:47:14 AM,7/9/2026 11:00:00 AM,7/9/2026 7:00:00 AM,7/9/2026 12:00:00 PM,7/9/2026 8:00:00 AM,AEP,17647
7/9/2026 12:47:14 PM,7/9/2026 8:47:14 AM,7/9/2026 12:00:00 PM,7/9/2026 8:00:00 AM,7/9/2026 1:00:00 PM,7/9/2026 9:00:00 AM,AEP,18317
7/9/2026 12:47:14 PM,7/9/2026 8:47:14 AM,7/9/2026 1:00:00 PM,7/9/2026 9:00:00 AM,7/9/2026 2:00:00 PM,7/9/2026 10:00:00 AM,AEP,19143
7/9/2026 12:47:14 PM,7/9/2026 8:47:14 AM,7/9/2026 2:00:00 PM,7/9/2026 10:00:00 AM,7/9/2026 3:00:00 PM,7/9/2026 11:00:00 AM,AEP,20135
7/9/2026 12:47:14 PM,7/9/2026 8:47:14 AM,7/9/2026 3:00:00 PM,7/9/2026 11:00:00 AM,7/9/2026 4:00:00 PM,7/9/2026 12:00:00 PM,AEP,21092
7/9/2026 12:47:14 PM,7/9/2026 8:47:14 AM,7/9/2026 4:00:00 PM,7/9/2026 12:00:00 PM,7/9/2026 5:00:00 PM,7/9/2026 1:00:00 PM,AEP,21965
7/9/2026 12:47:14 PM,7/9/2026 8:47:14 AM,7/9/2026 5:00:00 PM,7/9/2026 1:00:00 PM,7/9/2026 6:00:00 PM,7/9/2026 2:00:00 PM,AEP,22564
7/9/2026 12:47:14 PM,7/9/2026 8:47:14 AM,7/9/2026 6:00:00 PM,7/9/2026 2:00:00 PM,7/9/2026 7:00:00 PM,7/9/2026 3:00:00 PM,AEP,22864
7/9/2026 12:47:14 PM,7/9/2026 8:47:14 AM,7/9/2026 7:00:00 PM,7/9/2026 3:00:00 PM,7/9/2026 8:00:00 PM,7/9/2026 4:00:00 PM,AEP,23087
7/9/2026 12:47:14 PM,7/9/2026 8:47:14 AM,7/9/2026 8:00:00 PM,7/9/2026 4:00:00 PM,7/9/2026 9:00:00 PM,7/9/2026 5:00:00 PM,AEP,23159
7/9/2026 12:47:14 PM,7/9/2026 8:47:14 AM,7/9/2026 9:00:00 PM,7/9/2026 5:00:00 PM,7/9/2026 10:00:00 PM,7/9/2026 6:00:00 PM,AEP,23201
7/9/2026 12:47:14 PM,7/9/2026 8:47:14 AM,7/9/2026 10:00:00 PM,7/9/2026 6:00:00 PM,7/9/2026 11:00:00 PM,7/9/2026 7:00:00 PM,AEP,23048
7/9/2026 12:47:14 PM,7/9/2026 8:47:14 AM,7/9/2026 11:00:00 PM,7/9/2026 7:00:00 PM,7/10/2026 12:00:00 AM,7/9/2026 8:00:00 PM,AEP,22668
7/9/2026 12:47:14 PM,7/9/2026 8:47:14 AM,7/10/2026 12:00:00 AM,7/9/2026 8:00:00 PM,7/10/2026 1:00:00 AM,7/9/2026 9:00:00 PM,AEP,22149
7/9/2026 12:47:14 PM,7/9/2026 8:47:14 AM,7/10/2026 1:00:00 AM,7/9/2026 9:00:00 PM,7/10/2026 2:00:00 AM,7/9/2026 10:00:00 PM,AEP,21420
7/9/2026 12:47:14 PM,7/9/2026 8:47:14 AM,7/10/2026 2:00:00 AM,7/9/2026 10:00:00 PM,7/10/2026 3:00:00 AM,7/9/2026 11:00:00 PM,AEP,20215
7/9/2026 12:47:14 PM,7/9/2026 8:47:14 AM,7/10/2026 3:00:00 AM,7/9/2026 11:00:00 PM,7/10/2026 4:00:00 AM,7/10/2026 12:00:00 AM,AEP,19029
7/9/2026 12:47:14 PM,7/9/2026 8:47:14 AM,7/10/2026 4:00:00 AM,7/10/2026 12:00:00 AM,7/10/2026 5:00:00 AM,7/10/2026 1:00:00 AM,AEP,17845
7/9/2026 12:47:14 PM,7/9/2026 8:47:14 AM,7/10/2026 5:00:00 AM,7/10/2026 1:00:00 AM,7/10/2026 6:00:00 AM,7/10/2026 2:00:00 AM,AEP,17073
7/9/2026 12:47:14 PM,7/9/2026 8:47:14 AM,7/10/2026 6:00:00 AM,7/10/2026 2:00:00 AM,7/10/2026 7:00:00 AM,7/10/2026 3:00:00 AM,AEP,16559
7/9/2026 12:47:14 PM,7/9/2026 8:47:14 AM,7/10/2026 7:00:00 AM,7/10/2026 3:00:00 AM,7/10/2026 8:00:00 AM,7/10/2026 4:00:00 AM,AEP,16154
7/9/2026 12:47:14 PM,7/9/2026 8:47:14 AM,7/10/2026 8:00:00 AM,7/10/2026 4:00:00 AM,7/10/2026 9:00:00 AM,7/10/2026 5:00:00 AM,AEP,16041
7/9/2026 12:47:14 PM,7/9/2026 8:47:14 AM,7/10/2026 9:00:00 AM,7/10/2026 5:00:00 AM,7/10/2026 10:00:00 AM,7/10/2026 6:00:00 AM,AEP,16317
7/9/2026 12:47:14 PM,7/9/2026 8:47:14 AM,7/10/2026 10:00:00 AM,7/10/2026 6:00:00 AM,7/10/2026 11:00:00 AM,7/10/2026 7:00:00 AM,AEP,16762
7/9/2026 12:47:14 PM,7/9/2026 8:47:14 AM,7/10/2026 11:00:00 AM,7/10/2026 7:00:00 AM,7/10/2026 12:00:00 PM,7/10/2026 8:00:00 AM,AEP,17406
7/9/2026 12:47:14 PM,7/9/2026 8:47:14 AM,7/10/2026 12:00:00 PM,7/10/2026 8:00:00 AM,7/10/2026 1:00:00 PM,7/10/2026 9:00:00 AM,AEP,18151
7/9/2026 12:47:14 PM,7/9/2026 8:47:14 AM,7/10/2026 1:00:00 PM,7/10/2026 9:00:00 AM,7/10/2026 2:00:00 PM,7/10/2026 10:00:00 AM,AEP,18958
7/9/2026 12:47:14 PM,7/9/2026 8:47:14 AM,7/10/2026 2:00:00 PM,7/10/2026 10:00:00 AM,7/10/2026 3:00:00 PM,7/10/2026 11:00:00 AM,AEP,19729
7/9/2026 12:47:14 PM,7/9/2026 8:47:14 AM,7/10/2026 3:00:00 PM,7/10/2026 11:00:00 AM,7/10/2026 4:00:00 PM,7/10/2026 12:00:00 PM,AEP,20406
7/9/2026 12:47:14 PM,7/9/2026 8:47:14 AM,7/10/2026 4:00:00 PM,7/10/2026 12:00:00 PM,7/10/2026 5:00:00 PM,7/10/2026 1:00:00 PM,AEP,21024
7/9/2026 12:47:14 PM,7/9/2026 8:47:14 AM,7/10/2026 5:00:00 PM,7/10/2026 1:00:00 PM,7/10/2026 6:00:00 PM,7/10/2026 2:00:00 PM,AEP,21461
7/9/2026 12:47:14 PM,7/9/2026 8:47:14 AM,7/10/2026 6:00:00 PM,7/10/2026 2:00:00 PM,7/10/2026 7:00:00 PM,7/10/2026 3:00:00 PM,AEP,21655
7/9/2026 12:47:14 PM,7/9/2026 8:47:14 AM,7/10/2026 7:00:00 PM,7/10/2026 3:00:00 PM,7/10/2026 8:00:00 PM,7/10/2026 4:00:00 PM,AEP,21659
7/9/2026 12:47:14 PM,7/9/2026 8:47:14 AM,7/10/2026 8:00:00 PM,7/10/2026 4:00:00 PM,7/10/2026 9:00:00 PM,7/10/2026 5:00:00 PM,AEP,21709
7/9/2026 12:47:14 PM,7/9/2026 8:47:14 AM,7/10/2026 9:00:00 PM,7/10/2026 5:00:00 PM,7/10/2026 10:00:00 PM,7/10/2026 6:00:00 PM,AEP,21691
7/9/2026 12:47:14 PM,7/9/2026 8:47:14 AM,7/10/2026 10:00:00 PM,7/10/2026 6:00:00 PM,7/10/2026 11:00:00 PM,7/10/2026 7:00:00 PM,AEP,21349
7/9/2026 12:47:14 PM,7/9/2026 8:47:14 AM,7/10/2026 11:00:00 PM,7/10/2026 7:00:00 PM,7/11/2026 12:00:00 AM,7/10/2026 8:00:00 PM,AEP,20911
7/9/2026 12:47:14 PM,7/9/2026 8:47:14 AM,7/11/2026 12:00:00 AM,7/10/2026 8:00:00 PM,7/11/2026 1:00:00 AM,7/10/2026 9:00:00 PM,AEP,20283
7/9/2026 12:47:14 PM,7/9/2026 8:47:14 AM,7/11/2026 1:00:00 AM,7/10/2026 9:00:00 PM,7/11/2026 2:00:00 AM,7/10/2026 10:00:00 PM,AEP,19768
7/9/2026 12:47:14 PM,7/9/2026 8:47:14 AM,7/11/2026 2:00:00 AM,7/10/2026 10:00:00 PM,7/11/2026 3:00:00 AM,7/10/2026 11:00:00 PM,AEP,18866
7/9/2026 12:47:14 PM,7/9/2026 8:47:14 AM,7/11/2026 3:00:00 AM,7/10/2026 11:00:00 PM,7/11/2026 4:00:00 AM,7/11/2026 12:00:00 AM,AEP,17705
7/9/2026 12:47:14 PM,7/9/2026 8:47:14 AM,7/11/2026 4:00:00 AM,7/11/2026 12:00:00 AM,7/11/2026 5:00:00 AM,7/11/2026 1:00:00 AM,AEP,16754
7/9/2026 12:47:14 PM,7/9/2026 8:47:14 AM,7/11/2026 5:00:00 AM,7/11/2026 1:00:00 AM,7/11/2026 6:00:00 AM,7/11/2026 2:00:00 AM,AEP,16042
7/9/2026 12:47:14 PM,7/9/2026 8:47:14 AM,7/11/2026 6:00:00 AM,7/11/2026 2:00:00 AM,7/11/2026 7:00:00 AM,7/11/2026 3:00:00 AM,AEP,15573
7/9/2026 12:47:14 PM,7/9/2026 8:47:14 AM,7/11/2026 7:00:00 AM,7/11/2026 3:00:00 AM,7/11/2026 8:00:00 AM,7/11/2026 4:00:00 AM,AEP,15172
7/9/2026 12:47:14 PM,7/9/2026 8:47:14 AM,7/11/2026 8:00:00 AM,7/11/2026 4:00:00 AM,7/11/2026 9:00:00 AM,7/11/2026 5:00:00 AM,AEP,14959
7/9/2026 12:47:14 PM,7/9/2026 8:47:14 AM,7/11/2026 9:00:00 AM,7/11/2026 5:00:00 AM,7/11/2026 10:00:00 AM,7/11/2026 6:00:00 AM,AEP,14960
7/9/2026 12:47:14 PM,7/9/2026 8:47:14 AM,7/11/2026 10:00:00 AM,7/11/2026 6:00:00 AM,7/11/2026 11:00:00 AM,7/11/2026 7:00:00 AM,AEP,14952
7/9/2026 12:47:14 PM,7/9/2026 8:47:14 AM,7/11/2026 11:00:00 AM,7/11/2026 7:00:00 AM,7/11/2026 12:00:00 PM,7/11/2026 8:00:00 AM,AEP,15234
7/9/2026 12:47:14 PM,7/9/2026 8:47:14 AM,7/11/2026 12:00:00 PM,7/11/2026 8:00:00 AM,7/11/2026 1:00:00 PM,7/11/2026 9:00:00 AM,AEP,15904
7/9/2026 12:47:14 PM,7/9/2026 8:47:14 AM,7/11/2026 1:00:00 PM,7/11/2026 9:00:00 AM,7/11/2026 2:00:00 PM,7/11/2026 10:00:00 AM,AEP,16770
7/9/2026 12:47:14 PM,7/9/2026 8:47:14 AM,7/11/2026 2:00:00 PM,7/11/2026 10:00:00 AM,7/11/2026 3:00:00 PM,7/11/2026 11:00:00 AM,AEP,17485
7/9/2026 12:47:14 PM,7/9/2026 8:47:14 AM,7/11/2026 3:00:00 PM,7/11/2026 11:00:00 AM,7/11/2026 4:00:00 PM,7/11/2026 12:00:00 PM,AEP,18269
7/9/2026 12:47:14 PM,7/9/2026 8:47:14 AM,7/11/2026 4:00:00 PM,7/11/2026 12:00:00 PM,7/11/2026 5:00:00 PM,7/11/2026 1:00:00 PM,AEP,18894
7/9/2026 12:47:14 PM,7/9/2026 8:47:14 AM,7/11/2026 5:00:00 PM,7/11/2026 1:00:00 PM,7/11/2026 6:00:00 PM,7/11/2026 2:00:00 PM,AEP,19400
7/9/2026 12:47:14 PM,7/9/2026 8:47:14 AM,7/11/2026 6:00:00 PM,7/11/2026 2:00:00 PM,7/11/2026 7:00:00 PM,7/11/2026 3:00:00 PM,AEP,19816
7/9/2026 12:47:14 PM,7/9/2026 8:47:14 AM,7/11/2026 7:00:00 PM,7/11/2026 3:00:00 PM,7/11/2026 8:00:00 PM,7/11/2026 4:00:00 PM,AEP,20183
7/9/2026 12:47:14 PM,7/9/2026 8:47:14 AM,7/11/2026 8:00:00 PM,7/11/2026 4:00:00 PM,7/11/2026 9:00:00 PM,7/11/2026 5:00:00 PM,AEP,20511
7/9/2026 12:47:14 PM,7/9/2026 8:47:14 AM,7/11/2026 9:00:00 PM,7/11/2026 5:00:00 PM,7/11/2026 10:00:00 PM,7/11/2026 6:00:00 PM,AEP,20571
7/9/2026 12:47:14 PM,7/9/2026 8:47:14 AM,7/11/2026 10:00:00 PM,7/11/2026 6:00:00 PM,7/11/2026 11:00:00 PM,7/11/2026 7:00:00 PM,AEP,20300
7/9/2026 12:47:14 PM,7/9/2026 8:47:14 AM,7/11/2026 11:00:00 PM,7/11/2026 7:00:00 PM,7/12/2026 12:00:00 AM,7/11/2026 8:00:00 PM,AEP,19872
7/9/2026 12:47:14 PM,7/9/2026 8:47:14 AM,7/12/2026 12:00:00 AM,7/11/2026 8:00:00 PM,7/12/2026 1:00:00 AM,7/11/2026 9:00:00 PM,AEP,19256
7/9/2026 12:47:14 PM,7/9/2026 8:47:14 AM,7/12/2026 1:00:00 AM,7/11/2026 9:00:00 PM,7/12/2026 2:00:00 AM,7/11/2026 10:00:00 PM,AEP,18761
7/9/2026 12:47:14 PM,7/9/2026 8:47:14 AM,7/12/2026 2:00:00 AM,7/11/2026 10:00:00 PM,7/12/2026 3:00:00 AM,7/11/2026 11:00:00 PM,AEP,17909
7/9/2026 12:47:14 PM,7/9/2026 8:47:14 AM,7/12/2026 3:00:00 AM,7/11/2026 11:00:00 PM,7/12/2026 4:00:00 AM,7/12/2026 12:00:00 AM,AEP,16846
7/9/2026 12:47:14 PM,7/9/2026 8:47:14 AM,7/12/2026 4:00:00 AM,7/12/2026 12:00:00 AM,7/12/2026 5:00:00 AM,7/12/2026 1:00:00 AM,AEP,15682
7/9/2026 12:47:14 PM,7/9/2026 8:47:14 AM,7/12/2026 5:00:00 AM,7/12/2026 1:00:00 AM,7/12/2026 6:00:00 AM,7/12/2026 2:00:00 AM,AEP,15040
7/9/2026 12:47:14 PM,7/9/2026 8:47:14 AM,7/12/2026 6:00:00 AM,7/12/2026 2:00:00 AM,7/12/2026 7:00:00 AM,7/12/2026 3:00:00 AM,AEP,14553
7/9/2026 12:47:14 PM,7/9/2026 8:47:14 AM,7/12/2026 7:00:00 AM,7/12/2026 3:00:00 AM,7/12/2026 8:00:00 AM,7/12/2026 4:00:00 AM,AEP,14179
7/9/2026 12:47:14 PM,7/9/2026 8:47:14 AM,7/12/2026 8:00:00 AM,7/12/2026 4:00:00 AM,7/12/2026 9:00:00 AM,7/12/2026 5:00:00 AM,AEP,13980
7/9/2026 12:47:14 PM,7/9/2026 8:47:14 AM,7/12/2026 9:00:00 AM,7/12/2026 5:00:00 AM,7/12/2026 10:00:00 AM,7/12/2026 6:00:00 AM,AEP,13892
7/9/2026 12:47:14 PM,7/9/2026 8:47:14 AM,7/12/2026 10:00:00 AM,7/12/2026 6:00:00 AM,7/12/2026 11:00:00 AM,7/12/2026 7:00:00 AM,AEP,13857
7/9/2026 12:47:14 PM,7/9/2026 8:47:14 AM,7/12/2026 11:00:00 AM,7/12/2026 7:00:00 AM,7/12/2026 12:00:00 PM,7/12/2026 8:00:00 AM,AEP,14160
7/9/2026 12:47:14 PM,7/9/2026 8:47:14 AM,7/12/2026 12:00:00 PM,7/12/2026 8:00:00 AM,7/12/2026 1:00:00 PM,7/12/2026 9:00:00 AM,AEP,14919
7/9/2026 12:47:14 PM,7/9/2026 8:47:14 AM,7/12/2026 1:00:00 PM,7/12/2026 9:00:00 AM,7/12/2026 2:00:00 PM,7/12/2026 10:00:00 AM,AEP,15761
7/9/2026 12:47:14 PM,7/9/2026 8:47:14 AM,7/12/2026 2:00:00 PM,7/12/2026 10:00:00 AM,7/12/2026 3:00:00 PM,7/12/2026 11:00:00 AM,AEP,16623
7/9/2026 12:47:14 PM,7/9/2026 8:47:14 AM,7/12/2026 3:00:00 PM,7/12/2026 11:00:00 AM,7/12/2026 4:00:00 PM,7/12/2026 12:00:00 PM,AEP,17486
7/9/2026 12:47:14 PM,7/9/2026 8:47:14 AM,7/12/2026 4:00:00 PM,7/12/2026 12:00:00 PM,7/12/2026 5:00:00 PM,7/12/2026 1:00:00 PM,AEP,18317
7/9/2026 12:47:14 PM,7/9/2026 8:47:14 AM,7/12/2026 5:00:00 PM,7/12/2026 1:00:00 PM,7/12/2026 6:00:00 PM,7/12/2026 2:00:00 PM,AEP,19020
7/9/2026 12:47:14 PM,7/9/2026 8:47:14 AM,7/12/2026 6:00:00 PM,7/12/2026 2:00:00 PM,7/12/2026 7:00:00 PM,7/12/2026 3:00:00 PM,AEP,19582
7/9/2026 12:47:14 PM,7/9/2026 8:47:14 AM,7/12/2026 7:00:00 PM,7/12/2026 3:00:00 PM,7/12/2026 8:00:00 PM,7/12/2026 4:00:00 PM,AEP,20113
7/9/2026 12:47:14 PM,7/9/2026 8:47:14 AM,7/12/2026 8:00:00 PM,7/12/2026 4:00:00 PM,7/12/2026 9:00:00 PM,7/12/2026 5:00:00 PM,AEP,20516
7/9/2026 12:47:14 PM,7/9/2026 8:47:14 AM,7/12/2026 9:00:00 PM,7/12/2026 5:00:00 PM,7/12/2026 10:00:00 PM,7/12/2026 6:00:00 PM,AEP,20734
7/9/2026 12:47:14 PM,7/9/2026 8:47:14 AM,7/12/2026 10:00:00 PM,7/12/2026 6:00:00 PM,7/12/2026 11:00:00 PM,7/12/2026 7:00:00 PM,AEP,20614
7/9/2026 12:47:14 PM,7/9/2026 8:47:14 AM,7/12/2026 11:00:00 PM,7/12/2026 7:00:00 PM,7/13/2026 12:00:00 AM,7/12/2026 8:00:00 PM,AEP,20239
7/9/2026 12:47:14 PM,7/9/2026 8:47:14 AM,7/13/2026 12:00:00 AM,7/12/2026 8:00:00 PM,7/13/2026 1:00:00 AM,7/12/2026 9:00:00 PM,AEP,19657
7/9/2026 12:47:14 PM,7/9/2026 8:47:14 AM,7/13/2026 1:00:00 AM,7/12/2026 9:00:00 PM,7/13/2026 2:00:00 AM,7/12/2026 10:00:00 PM,AEP,19059
7/9/2026 12:47:14 PM,7/9/2026 8:47:14 AM,7/13/2026 2:00:00 AM,7/12/2026 10:00:00 PM,7/13/2026 3:00:00 AM,7/12/2026 11:00:00 PM,AEP,18076
7/9/2026 12:47:14 PM,7/9/2026 8:47:14 AM,7/13/2026 3:00:00 AM,7/12/2026 11:00:00 PM,7/13/2026 4:00:00 AM,7/13/2026 12:00:00 AM,AEP,17047
7/9/2026 12:47:14 PM,7/9/2026 8:47:14 AM,7/13/2026 4:00:00 AM,7/13/2026 12:00:00 AM,7/13/2026 5:00:00 AM,7/13/2026 1:00:00 AM,AEP,15944
7/9/2026 12:47:14 PM,7/9/2026 8:47:14 AM,7/13/2026 5:00:00 AM,7/13/2026 1:00:00 AM,7/13/2026 6:00:00 AM,7/13/2026 2:00:00 AM,AEP,15355
7/9/2026 12:47:14 PM,7/9/2026 8:47:14 AM,7/13/2026 6:00:00 AM,7/13/2026 2:00:00 AM,7/13/2026 7:00:00 AM,7/13/2026 3:00:00 AM,AEP,14917
7/9/2026 12:47:14 PM,7/9/2026 8:47:14 AM,7/13/2026 7:00:00 AM,7/13/2026 3:00:00 AM,7/13/2026 8:00:00 AM,7/13/2026 4:00:00 AM,AEP,14631
7/9/2026 12:47:14 PM,7/9/2026 8:47:14 AM,7/13/2026 8:00:00 AM,7/13/2026 4:00:00 AM,7/13/2026 9:00:00 AM,7/13/2026 5:00:00 AM,AEP,14663
7/9/2026 12:47:14 PM,7/9/2026 8:47:14 AM,7/13/2026 9:00:00 AM,7/13/2026 5:00:00 AM,7/13/2026 10:00:00 AM,7/13/2026 6:00:00 AM,AEP,15093
7/9/2026 12:47:14 PM,7/9/2026 8:47:14 AM,7/13/2026 10:00:00 AM,7/13/2026 6:00:00 AM,7/13/2026 11:00:00 AM,7/13/2026 7:00:00 AM,AEP,15723
7/9/2026 12:47:14 PM,7/9/2026 8:47:14 AM,7/13/2026 11:00:00 AM,7/13/2026 7:00:00 AM,7/13/2026 12:00:00 PM,7/13/2026 8:00:00 AM,AEP,16426
7/9/2026 12:47:14 PM,7/9/2026 8:47:14 AM,7/13/2026 12:00:00 PM,7/13/2026 8:00:00 AM,7/13/2026 1:00:00 PM,7/13/2026 9:00:00 AM,AEP,17129
7/9/2026 12:47:14 PM,7/9/2026 8:47:14 AM,7/13/2026 1:00:00 PM,7/13/2026 9:00:00 AM,7/13/2026 2:00:00 PM,7/13/2026 10:00:00 AM,AEP,17915
7/9/2026 12:47:14 PM,7/9/2026 8:47:14 AM,7/13/2026 2:00:00 PM,7/13/2026 10:00:00 AM,7/13/2026 3:00:00 PM,7/13/2026 11:00:00 AM,AEP,18800
7/9/2026 12:47:14 PM,7/9/2026 8:47:14 AM,7/13/2026 3:00:00 PM,7/13/2026 11:00:00 AM,7/13/2026 4:00:00 PM,7/13/2026 12:00:00 PM,AEP,19714
7/9/2026 12:47:14 PM,7/9/2026 8:47:14 AM,7/13/2026 4:00:00 PM,7/13/2026 12:00:00 PM,7/13/2026 5:00:00 PM,7/13/2026 1:00:00 PM,AEP,20615
7/9/2026 12:47:14 PM,7/9/2026 8:47:14 AM,7/13/2026 5:00:00 PM,7/13/2026 1:00:00 PM,7/13/2026 6:00:00 PM,7/13/2026 2:00:00 PM,AEP,21384
7/9/2026 12:47:14 PM,7/9/2026 8:47:14 AM,7/13/2026 6:00:00 PM,7/13/2026 2:00:00 PM,7/13/2026 7:00:00 PM,7/13/2026 3:00:00 PM,AEP,21907
7/9/2026 12:47:14 PM,7/9/2026 8:47:14 AM,7/13/2026 7:00:00 PM,7/13/2026 3:00:00 PM,7/13/2026 8:00:00 PM,7/13/2026 4:00:00 PM,AEP,22241
7/9/2026 12:47:14 PM,7/9/2026 8:47:14 AM,7/13/2026 8:00:00 PM,7/13/2026 4:00:00 PM,7/13/2026 9:00:00 PM,7/13/2026 5:00:00 PM,AEP,22539
7/9/2026 12:47:14 PM,7/9/2026 8:47:14 AM,7/13/2026 9:00:00 PM,7/13/2026 5:00:00 PM,7/13/2026 10:00:00 PM,7/13/2026 6:00:00 PM,AEP,22642
7/9/2026 12:47:14 PM,7/9/2026 8:47:14 AM,7/13/2026 10:00:00 PM,7/13/2026 6:00:00 PM,7/13/2026 11:00:00 PM,7/13/2026 7:00:00 PM,AEP,22438
7/9/2026 12:47:14 PM,7/9/2026 8:47:14 AM,7/13/2026 11:00:00 PM,7/13/2026 7:00:00 PM,7/14/2026 12:00:00 AM,7/13/2026 8:00:00 PM,AEP,22035
7/9/2026 12:47:14 PM,7/9/2026 8:47:14 AM,7/14/2026 12:00:00 AM,7/13/2026 8:00:00 PM,7/14/2026 1:00:00 AM,7/13/2026 9:00:00 PM,AEP,21336
7/9/2026 12:47:14 PM,7/9/2026 8:47:14 AM,7/14/2026 1:00:00 AM,7/13/2026 9:00:00 PM,7/14/2026 2:00:00 AM,7/13/2026 10:00:00 PM,AEP,20581
7/9/2026 12:47:14 PM,7/9/2026 8:47:14 AM,7/14/2026 2:00:00 AM,7/13/2026 10:00:00 PM,7/14/2026 3:00:00 AM,7/13/2026 11:00:00 PM,AEP,19404
7/9/2026 12:47:14 PM,7/9/2026 8:47:14 AM,7/14/2026 3:00:00 AM,7/13/2026 11:00:00 PM,7/14/2026 4:00:00 AM,7/14/2026 12:00:00 AM,AEP,18135
7/9/2026 12:47:14 PM,7/9/2026 8:47:14 AM,7/14/2026 4:00:00 AM,7/14/2026 12:00:00 AM,7/14/2026 5:00:00 AM,7/14/2026 1:00:00 AM,AEP,16754
7/9/2026 12:47:14 PM,7/9/2026 8:47:14 AM,7/14/2026 5:00:00 AM,7/14/2026 1:00:00 AM,7/14/2026 6:00:00 AM,7/14/2026 2:00:00 AM,AEP,16093
7/9/2026 12:47:14 PM,7/9/2026 8:47:14 AM,7/14/2026 6:00:00 AM,7/14/2026 2:00:00 AM,7/14/2026 7:00:00 AM,7/14/2026 3:00:00 AM,AEP,15606
7/9/2026 12:47:14 PM,7/9/2026 8:47:14 AM,7/14/2026 7:00:00 AM,7/14/2026 3:00:00 AM,7/14/2026 8:00:00 AM,7/14/2026 4:00:00 AM,AEP,15252
7/9/2026 12:47:14 PM,7/9/2026 8:47:14 AM,7/14/2026 8:00:00 AM,7/14/2026 4:00:00 AM,7/14/2026 9:00:00 AM,7/14/2026 5:00:00 AM,AEP,15268
7/9/2026 12:47:14 PM,7/9/2026 8:47:14 AM,7/14/2026 9:00:00 AM,7/14/2026 5:00:00 AM,7/14/2026 10:00:00 AM,7/14/2026 6:00:00 AM,AEP,15590
7/9/2026 12:47:14 PM,7/9/2026 8:47:14 AM,7/14/2026 10:00:00 AM,7/14/2026 6:00:00 AM,7/14/2026 11:00:00 AM,7/14/2026 7:00:00 AM,AEP,16203
7/9/2026 12:47:14 PM,7/9/2026 8:47:14 AM,7/14/2026 11:00:00 AM,7/14/2026 7:00:00 AM,7/14/2026 12:00:00 PM,7/14/2026 8:00:00 AM,AEP,16806
7/9/2026 12:47:14 PM,7/9/2026 8:47:14 AM,7/14/2026 12:00:00 PM,7/14/2026 8:00:00 AM,7/14/2026 1:00:00 PM,7/14/2026 9:00:00 AM,AEP,17488
7/9/2026 12:47:14 PM,7/9/2026 8:47:14 AM,7/14/2026 1:00:00 PM,7/14/2026 9:00:00 AM,7/14/2026 2:00:00 PM,7/14/2026 10:00:00 AM,AEP,18294
7/9/2026 12:47:14 PM,7/9/2026 8:47:14 AM,7/14/2026 2:00:00 PM,7/14/2026 10:00:00 AM,7/14/2026 3:00:00 PM,7/14/2026 11:00:00 AM,AEP,19223
7/9/2026 12:47:14 PM,7/9/2026 8:47:14 AM,7/14/2026 3:00:00 PM,7/14/2026 11:00:00 AM,7/14/2026 4:00:00 PM,7/14/2026 12:00:00 PM,AEP,20168
7/9/2026 12:47:14 PM,7/9/2026 8:47:14 AM,7/14/2026 4:00:00 PM,7/14/2026 12:00:00 PM,7/14/2026 5:00:00 PM,7/14/2026 1:00:00 PM,AEP,21097
7/9/2026 12:47:14 PM,7/9/2026 8:47:14 AM,7/14/2026 5:00:00 PM,7/14/2026 1:00:00 PM,7/14/2026 6:00:00 PM,7/14/2026 2:00:00 PM,AEP,21834
7/9/2026 12:47:14 PM,7/9/2026 8:47:14 AM,7/14/2026 6:00:00 PM,7/14/2026 2:00:00 PM,7/14/2026 7:00:00 PM,7/14/2026 3:00:00 PM,AEP,22292
7/9/2026 12:47:14 PM,7/9/2026 8:47:14 AM,7/14/2026 7:00:00 PM,7/14/2026 3:00:00 PM,7/14/2026 8:00:00 PM,7/14/2026 4:00:00 PM,AEP,22696
7/9/2026 12:47:14 PM,7/9/2026 8:47:14 AM,7/14/2026 8:00:00 PM,7/14/2026 4:00:00 PM,7/14/2026 9:00:00 PM,7/14/2026 5:00:00 PM,AEP,22986
7/9/2026 12:47:14 PM,7/9/2026 8:47:14 AM,7/14/2026 9:00:00 PM,7/14/2026 5:00:00 PM,7/14/2026 10:00:00 PM,7/14/2026 6:00:00 PM,AEP,23106
7/9/2026 12:47:14 PM,7/9/2026 8:47:14 AM,7/14/2026 10:00:00 PM,7/14/2026 6:00:00 PM,7/14/2026 11:00:00 PM,7/14/2026 7:00:00 PM,AEP,22964
7/9/2026 12:47:14 PM,7/9/2026 8:47:14 AM,7/14/2026 11:00:00 PM,7/14/2026 7:00:00 PM,7/15/2026 12:00:00 AM,7/14/2026 8:00:00 PM,AEP,22643
7/9/2026 12:47:14 PM,7/9/2026 8:47:14 AM,7/15/2026 12:00:00 AM,7/14/2026 8:00:00 PM,7/15/2026 1:00:00 AM,7/14/2026 9:00:00 PM,AEP,22035
7/9/2026 12:47:14 PM,7/9/2026 8:47:14 AM,7/15/2026 1:00:00 AM,7/14/2026 9:00:00 PM,7/15/2026 2:00:00 AM,7/14/2026 10:00:00 PM,AEP,21315
7/9/2026 12:47:14 PM,7/9/2026 8:47:14 AM,7/15/2026 2:00:00 AM,7/14/2026 10:00:00 PM,7/15/2026 3:00:00 AM,7/14/2026 11:00:00 PM,AEP,20125
7/9/2026 12:47:14 PM,7/9/2026 8:47:14 AM,7/15/2026 3:00:00 AM,7/14/2026 11:00:00 PM,7/15/2026 4:00:00 AM,7/15/2026 12:00:00 AM,AEP,18888
7/9/2026 12:47:14 PM,7/9/2026 8:47:14 AM,7/15/2026 4:00:00 AM,7/15/2026 12:00:00 AM,7/15/2026 5:00:00 AM,7/15/2026 1:00:00 AM,AEP,17435
7/9/2026 12:47:14 PM,7/9/2026 8:47:14 AM,7/15/2026 5:00:00 AM,7/15/2026 1:00:00 AM,7/15/2026 6:00:00 AM,7/15/2026 2:00:00 AM,AEP,16720
7/9/2026 12:47:14 PM,7/9/2026 8:47:14 AM,7/15/2026 6:00:00 AM,7/15/2026 2:00:00 AM,7/15/2026 7:00:00 AM,7/15/2026 3:00:00 AM,AEP,16127
7/9/2026 12:47:14 PM,7/9/2026 8:47:14 AM,7/15/2026 7:00:00 AM,7/15/2026 3:00:00 AM,7/15/2026 8:00:00 AM,7/15/2026 4:00:00 AM,AEP,15744
7/9/2026 12:47:14 PM,7/9/2026 8:47:14 AM,7/15/2026 8:00:00 AM,7/15/2026 4:00:00 AM,7/15/2026 9:00:00 AM,7/15/2026 5:00:00 AM,AEP,15700
7/9/2026 12:47:14 PM,7/9/2026 8:47:14 AM,7/15/2026 9:00:00 AM,7/15/2026 5:00:00 AM,7/15/2026 10:00:00 AM,7/15/2026 6:00:00 AM,AEP,16014
7/9/2026 12:47:14 PM,7/9/2026 8:47:14 AM,7/15/2026 10:00:00 AM,7/15/2026 6:00:00 AM,7/15/2026 11:00:00 AM,7/15/2026 7:00:00 AM,AEP,16492
7/9/2026 12:47:14 PM,7/9/2026 8:47:14 AM,7/15/2026 11:00:00 AM,7/15/2026 7:00:00 AM,7/15/2026 12:00:00 PM,7/15/2026 8:00:00 AM,AEP,17219
7/9/2026 12:47:14 PM,7/9/2026 8:47:14 AM,7/15/2026 12:00:00 PM,7/15/2026 8:00:00 AM,7/15/2026 1:00:00 PM,7/15/2026 9:00:00 AM,AEP,18104
7/9/2026 12:47:14 PM,7/9/2026 8:47:14 AM,7/15/2026 1:00:00 PM,7/15/2026 9:00:00 AM,7/15/2026 2:00:00 PM,7/15/2026 10:00:00 AM,AEP,19123
7/9/2026 12:47:14 PM,7/9/2026 8:47:14 AM,7/15/2026 2:00:00 PM,7/15/2026 10:00:00 AM,7/15/2026 3:00:00 PM,7/15/2026 11:00:00 AM,AEP,20272
7/9/2026 12:47:14 PM,7/9/2026 8:47:14 AM,7/15/2026 3:00:00 PM,7/15/2026 11:00:00 AM,7/15/2026 4:00:00 PM,7/15/2026 12:00:00 PM,AEP,21317
7/9/2026 12:47:14 PM,7/9/2026 8:47:14 AM,7/15/2026 4:00:00 PM,7/15/2026 12:00:00 PM,7/15/2026 5:00:00 PM,7/15/2026 1:00:00 PM,AEP,22311
7/9/2026 12:47:14 PM,7/9/2026 8:47:14 AM,7/15/2026 5:00:00 PM,7/15/2026 1:00:00 PM,7/15/2026 6:00:00 PM,7/15/2026 2:00:00 PM,AEP,23021
7/9/2026 12:47:14 PM,7/9/2026 8:47:14 AM,7/15/2026 6:00:00 PM,7/15/2026 2:00:00 PM,7/15/2026 7:00:00 PM,7/15/2026 3:00:00 PM,AEP,23379
7/9/2026 12:47:14 PM,7/9/2026 8:47:14 AM,7/15/2026 7:00:00 PM,7/15/2026 3:00:00 PM,7/15/2026 8:00:00 PM,7/15/2026 4:00:00 PM,AEP,23606
7/9/2026 12:47:14 PM,7/9/2026 8:47:14 AM,7/15/2026 8:00:00 PM,7/15/2026 4:00:00 PM,7/15/2026 9:00:00 PM,7/15/2026 5:00:00 PM,AEP,23773
7/9/2026 12:47:14 PM,7/9/2026 8:47:14 AM,7/15/2026 9:00:00 PM,7/15/2026 5:00:00 PM,7/15/2026 10:00:00 PM,7/15/2026 6:00:00 PM,AEP,23871
7/9/2026 12:47:14 PM,7/9/2026 8:47:14 AM,7/15/2026 10:00:00 PM,7/15/2026 6:00:00 PM,7/15/2026 11:00:00 PM,7/15/2026 7:00:00 PM,AEP,23850
7/9/2026 12:47:14 PM,7/9/2026 8:47:14 AM,7/15/2026 11:00:00 PM,7/15/2026 7:00:00 PM,7/16/2026 12:00:00 AM,7/15/2026 8:00:00 PM,AEP,23554
7/9/2026 12:47:14 PM,7/9/2026 8:47:14 AM,7/16/2026 12:00:00 AM,7/15/2026 8:00:00 PM,7/16/2026 1:00:00 AM,7/15/2026 9:00:00 PM,AEP,22890
7/9/2026 12:47:14 PM,7/9/2026 8:47:14 AM,7/16/2026 1:00:00 AM,7/15/2026 9:00:00 PM,7/16/2026 2:00:00 AM,7/15/2026 10:00:00 PM,AEP,22228
7/9/2026 12:47:14 PM,7/9/2026 8:47:14 AM,7/16/2026 2:00:00 AM,7/15/2026 10:00:00 PM,7/16/2026 3:00:00 AM,7/15/2026 11:00:00 PM,AEP,21041
7/9/2026 12:47:14 PM,7/9/2026 8:47:14 AM,7/16/2026 3:00:00 AM,7/15/2026 11:00:00 PM,7/16/2026 4:00:00 AM,7/16/2026 12:00:00 AM,AEP,19770
7/9/2026 12:47:14 PM,7/9/2026 8:47:14 AM,7/9/2026 4:00:00 AM,7/9/2026 12:00:00 AM,7/9/2026 5:00:00 AM,7/9/2026 1:00:00 AM,AP,5873
7/9/2026 12:47:14 PM,7/9/2026 8:47:14 AM,7/9/2026 5:00:00 AM,7/9/2026 1:00:00 AM,7/9/2026 6:00:00 AM,7/9/2026 2:00:00 AM,AP,5533
7/9/2026 12:47:14 PM,7/9/2026 8:47:14 AM,7/9/2026 6:00:00 AM,7/9/2026 2:00:00 AM,7/9/2026 7:00:00 AM,7/9/2026 3:00:00 AM,AP,5384
7/9/2026 12:47:14 PM,7/9/2026 8:47:14 AM,7/9/2026 7:00:00 AM,7/9/2026 3:00:00 AM,7/9/2026 8:00:00 AM,7/9/2026 4:00:00 AM,AP,5289
7/9/2026 12:47:14 PM,7/9/2026 8:47:14 AM,7/9/2026 8:00:00 AM,7/9/2026 4:00:00 AM,7/9/2026 9:00:00 AM,7/9/2026 5:00:00 AM,AP,5300
7/9/2026 12:47:14 PM,7/9/2026 8:47:14 AM,7/9/2026 9:00:00 AM,7/9/2026 5:00:00 AM,7/9/2026 10:00:00 AM,7/9/2026 6:00:00 AM,AP,5429
7/9/2026 12:47:14 PM,7/9/2026 8:47:14 AM,7/9/2026 10:00:00 AM,7/9/2026 6:00:00 AM,7/9/2026 11:00:00 AM,7/9/2026 7:00:00 AM,AP,5657
7/9/2026 12:47:14 PM,7/9/2026 8:47:14 AM,7/9/2026 11:00:00 AM,7/9/2026 7:00:00 AM,7/9/2026 12:00:00 PM,7/9/2026 8:00:00 AM,AP,5960
7/9/2026 12:47:14 PM,7/9/2026 8:47:14 AM,7/9/2026 12:00:00 PM,7/9/2026 8:00:00 AM,7/9/2026 1:00:00 PM,7/9/2026 9:00:00 AM,AP,6206
7/9/2026 12:47:14 PM,7/9/2026 8:47:14 AM,7/9/2026 1:00:00 PM,7/9/2026 9:00:00 AM,7/9/2026 2:00:00 PM,7/9/2026 10:00:00 AM,AP,6519
7/9/2026 12:47:14 PM,7/9/2026 8:47:14 AM,7/9/2026 2:00:00 PM,7/9/2026 10:00:00 AM,7/9/2026 3:00:00 PM,7/9/2026 11:00:00 AM,AP,6788
7/9/2026 12:47:14 PM,7/9/2026 8:47:14 AM,7/9/2026 3:00:00 PM,7/9/2026 11:00:00 AM,7/9/2026 4:00:00 PM,7/9/2026 12:00:00 PM,AP,7003
7/9/2026 12:47:14 PM,7/9/2026 8:47:14 AM,7/9/2026 4:00:00 PM,7/9/2026 12:00:00 PM,7/9/2026 5:00:00 PM,7/9/2026 1:00:00 PM,AP,7261
7/9/2026 12:47:14 PM,7/9/2026 8:47:14 AM,7/9/2026 5:00:00 PM,7/9/2026 1:00:00 PM,7/9/2026 6:00:00 PM,7/9/2026 2:00:00 PM,AP,7523
7/9/2026 12:47:14 PM,7/9/2026 8:47:14 AM,7/9/2026 6:00:00 PM,7/9/2026 2:00:00 PM,7/9/2026 7:00:00 PM,7/9/2026 3:00:00 PM,AP,7680
7/9/2026 12:47:14 PM,7/9/2026 8:47:14 AM,7/9/2026 7:00:00 PM,7/9/2026 3:00:00 PM,7/9/2026 8:00:00 PM,7/9/2026 4:00:00 PM,AP,7789
7/9/2026 12:47:14 PM,7/9/2026 8:47:14 AM,7/9/2026 8:00:00 PM,7/9/2026 4:00:00 PM,7/9/2026 9:00:00 PM,7/9/2026 5:00:00 PM,AP,7846
7/9/2026 12:47:14 PM,7/9/2026 8:47:14 AM,7/9/2026 9:00:00 PM,7/9/2026 5:00:00 PM,7/9/2026 10:00:00 PM,7/9/2026 6:00:00 PM,AP,7859
7/9/2026 12:47:14 PM,7/9/2026 8:47:14 AM,7/9/2026 10:00:00 PM,7/9/2026 6:00:00 PM,7/9/2026 11:00:00 PM,7/9/2026 7:00:00 PM,AP,7776
7/9/2026 12:47:14 PM,7/9/2026 8:47:14 AM,7/9/2026 11:00:00 PM,7/9/2026 7:00:00 PM,7/10/2026 12:00:00 AM,7/9/2026 8:00:00 PM,AP,7603
7/9/2026 12:47:14 PM,7/9/2026 8:47:14 AM,7/10/2026 12:00:00 AM,7/9/2026 8:00:00 PM,7/10/2026 1:00:00 AM,7/9/2026 9:00:00 PM,AP,7336
7/9/2026 12:47:14 PM,7/9/2026 8:47:14 AM,7/10/2026 1:00:00 AM,7/9/2026 9:00:00 PM,7/10/2026 2:00:00 AM,7/9/2026 10:00:00 PM,AP,7073
7/9/2026 12:47:14 PM,7/9/2026 8:47:14 AM,7/10/2026 2:00:00 AM,7/9/2026 10:00:00 PM,7/10/2026 3:00:00 AM,7/9/2026 11:00:00 PM,AP,6623
7/9/2026 12:47:14 PM,7/9/2026 8:47:14 AM,7/10/2026 3:00:00 AM,7/9/2026 11:00:00 PM,7/10/2026 4:00:00 AM,7/10/2026 12:00:00 AM,AP,6132
7/9/2026 12:47:14 PM,7/9/2026 8:47:14 AM,7/10/2026 4:00:00 AM,7/10/2026 12:00:00 AM,7/10/2026 5:00:00 AM,7/10/2026 1:00:00 AM,AP,5682
7/9/2026 12:47:14 PM,7/9/2026 8:47:14 AM,7/10/2026 5:00:00 AM,7/10/2026 1:00:00 AM,7/10/2026 6:00:00 AM,7/10/2026 2:00:00 AM,AP,5428
7/9/2026 12:47:14 PM,7/9/2026 8:47:14 AM,7/10/2026 6:00:00 AM,7/10/2026 2:00:00 AM,7/10/2026 7:00:00 AM,7/10/2026 3:00:00 AM,AP,5229
7/9/2026 12:47:14 PM,7/9/2026 8:47:14 AM,7/10/2026 7:00:00 AM,7/10/2026 3:00:00 AM,7/10/2026 8:00:00 AM,7/10/2026 4:00:00 AM,AP,5121
7/9/2026 12:47:14 PM,7/9/2026 8:47:14 AM,7/10/2026 8:00:00 AM,7/10/2026 4:00:00 AM,7/10/2026 9:00:00 AM,7/10/2026 5:00:00 AM,AP,5138
7/9/2026 12:47:14 PM,7/9/2026 8:47:14 AM,7/10/2026 9:00:00 AM,7/10/2026 5:00:00 AM,7/10/2026 10:00:00 AM,7/10/2026 6:00:00 AM,AP,5228
7/9/2026 12:47:14 PM,7/9/2026 8:47:14 AM,7/10/2026 10:00:00 AM,7/10/2026 6:00:00 AM,7/10/2026 11:00:00 AM,7/10/2026 7:00:00 AM,AP,5438
7/9/2026 12:47:14 PM,7/9/2026 8:47:14 AM,7/10/2026 11:00:00 AM,7/10/2026 7:00:00 AM,7/10/2026 12:00:00 PM,7/10/2026 8:00:00 AM,AP,5690
7/9/2026 12:47:14 PM,7/9/2026 8:47:14 AM,7/10/2026 12:00:00 PM,7/10/2026 8:00:00 AM,7/10/2026 1:00:00 PM,7/10/2026 9:00:00 AM,AP,5963
7/9/2026 12:47:14 PM,7/9/2026 8:47:14 AM,7/10/2026 1:00:00 PM,7/10/2026 9:00:00 AM,7/10/2026 2:00:00 PM,7/10/2026 10:00:00 AM,AP,6236
7/9/2026 12:47:14 PM,7/9/2026 8:47:14 AM,7/10/2026 2:00:00 PM,7/10/2026 10:00:00 AM,7/10/2026 3:00:00 PM,7/10/2026 11:00:00 AM,AP,6523
7/9/2026 12:47:14 PM,7/9/2026 8:47:14 AM,7/10/2026 3:00:00 PM,7/10/2026 11:00:00 AM,7/10/2026 4:00:00 PM,7/10/2026 12:00:00 PM,AP,6797
7/9/2026 12:47:14 PM,7/9/2026 8:47:14 AM,7/10/2026 4:00:00 PM,7/10/2026 12:00:00 PM,7/10/2026 5:00:00 PM,7/10/2026 1:00:00 PM,AP,7025
7/9/2026 12:47:14 PM,7/9/2026 8:47:14 AM,7/10/2026 5:00:00 PM,7/10/2026 1:00:00 PM,7/10/2026 6:00:00 PM,7/10/2026 2:00:00 PM,AP,7218
7/9/2026 12:47:14 PM,7/9/2026 8:47:14 AM,7/10/2026 6:00:00 PM,7/10/2026 2:00:00 PM,7/10/2026 7:00:00 PM,7/10/2026 3:00:00 PM,AP,7328
7/9/2026 12:47:14 PM,7/9/2026 8:47:14 AM,7/10/2026 7:00:00 PM,7/10/2026 3:00:00 PM,7/10/2026 8:00:00 PM,7/10/2026 4:00:00 PM,AP,7373
7/9/2026 12:47:14 PM,7/9/2026 8:47:14 AM,7/10/2026 8:00:00 PM,7/10/2026 4:00:00 PM,7/10/2026 9:00:00 PM,7/10/2026 5:00:00 PM,AP,7414
7/9/2026 12:47:14 PM,7/9/2026 8:47:14 AM,7/10/2026 9:00:00 PM,7/10/2026 5:00:00 PM,7/10/2026 10:00:00 PM,7/10/2026 6:00:00 PM,AP,7387
7/9/2026 12:47:14 PM,7/9/2026 8:47:14 AM,7/10/2026 10:00:00 PM,7/10/2026 6:00:00 PM,7/10/2026 11:00:00 PM,7/10/2026 7:00:00 PM,AP,7256
7/9/2026 12:47:14 PM,7/9/2026 8:47:14 AM,7/10/2026 11:00:00 PM,7/10/2026 7:00:00 PM,7/11/2026 12:00:00 AM,7/10/2026 8:00:00 PM,AP,7058
7/9/2026 12:47:14 PM,7/9/2026 8:47:14 AM,7/11/2026 12:00:00 AM,7/10/2026 8:00:00 PM,7/11/2026 1:00:00 AM,7/10/2026 9:00:00 PM,AP,6808
7/9/2026 12:47:14 PM,7/9/2026 8:47:14 AM,7/11/2026 1:00:00 AM,7/10/2026 9:00:00 PM,7/11/2026 2:00:00 AM,7/10/2026 10:00:00 PM,AP,6569
7/9/2026 12:47:14 PM,7/9/2026 8:47:14 AM,7/11/2026 2:00:00 AM,7/10/2026 10:00:00 PM,7/11/2026 3:00:00 AM,7/10/2026 11:00:00 PM,AP,6170
7/9/2026 12:47:14 PM,7/9/2026 8:47:14 AM,7/11/2026 3:00:00 AM,7/10/2026 11:00:00 PM,7/11/2026 4:00:00 AM,7/11/2026 12:00:00 AM,AP,5753
7/9/2026 12:47:14 PM,7/9/2026 8:47:14 AM,7/11/2026 4:00:00 AM,7/11/2026 12:00:00 AM,7/11/2026 5:00:00 AM,7/11/2026 1:00:00 AM,AP,5456
7/9/2026 12:47:14 PM,7/9/2026 8:47:14 AM,7/11/2026 5:00:00 AM,7/11/2026 1:00:00 AM,7/11/2026 6:00:00 AM,7/11/2026 2:00:00 AM,AP,5189
7/9/2026 12:47:14 PM,7/9/2026 8:47:14 AM,7/11/2026 6:00:00 AM,7/11/2026 2:00:00 AM,7/11/2026 7:00:00 AM,7/11/2026 3:00:00 AM,AP,4995
7/9/2026 12:47:14 PM,7/9/2026 8:47:14 AM,7/11/2026 7:00:00 AM,7/11/2026 3:00:00 AM,7/11/2026 8:00:00 AM,7/11/2026 4:00:00 AM,AP,4858
7/9/2026 12:47:14 PM,7/9/2026 8:47:14 AM,7/11/2026 8:00:00 AM,7/11/2026 4:00:00 AM,7/11/2026 9:00:00 AM,7/11/2026 5:00:00 AM,AP,4806
7/9/2026 12:47:14 PM,7/9/2026 8:47:14 AM,7/11/2026 9:00:00 AM,7/11/2026 5:00:00 AM,7/11/2026 10:00:00 AM,7/11/2026 6:00:00 AM,AP,4781
7/9/2026 12:47:14 PM,7/9/2026 8:47:14 AM,7/11/2026 10:00:00 AM,7/11/2026 6:00:00 AM,7/11/2026 11:00:00 AM,7/11/2026 7:00:00 AM,AP,4800
7/9/2026 12:47:14 PM,7/9/2026 8:47:14 AM,7/11/2026 11:00:00 AM,7/11/2026 7:00:00 AM,7/11/2026 12:00:00 PM,7/11/2026 8:00:00 AM,AP,4985
7/9/2026 12:47:14 PM,7/9/2026 8:47:14 AM,7/11/2026 12:00:00 PM,7/11/2026 8:00:00 AM,7/11/2026 1:00:00 PM,7/11/2026 9:00:00 AM,AP,5295
7/9/2026 12:47:14 PM,7/9/2026 8:47:14 AM,7/11/2026 1:00:00 PM,7/11/2026 9:00:00 AM,7/11/2026 2:00:00 PM,7/11/2026 10:00:00 AM,AP,5626
7/9/2026 12:47:14 PM,7/9/2026 8:47:14 AM,7/11/2026 2:00:00 PM,7/11/2026 10:00:00 AM,7/11/2026 3:00:00 PM,7/11/2026 11:00:00 AM,AP,5903
7/9/2026 12:47:14 PM,7/9/2026 8:47:14 AM,7/11/2026 3:00:00 PM,7/11/2026 11:00:00 AM,7/11/2026 4:00:00 PM,7/11/2026 12:00:00 PM,AP,6160
7/9/2026 12:47:14 PM,7/9/2026 8:47:14 AM,7/11/2026 4:00:00 PM,7/11/2026 12:00:00 PM,7/11/2026 5:00:00 PM,7/11/2026 1:00:00 PM,AP,6348
7/9/2026 12:47:14 PM,7/9/2026 8:47:14 AM,7/11/2026 5:00:00 PM,7/11/2026 1:00:00 PM,7/11/2026 6:00:00 PM,7/11/2026 2:00:00 PM,AP,6489
7/9/2026 12:47:14 PM,7/9/2026 8:47:14 AM,7/11/2026 6:00:00 PM,7/11/2026 2:00:00 PM,7/11/2026 7:00:00 PM,7/11/2026 3:00:00 PM,AP,6598
7/9/2026 12:47:14 PM,7/9/2026 8:47:14 AM,7/11/2026 7:00:00 PM,7/11/2026 3:00:00 PM,7/11/2026 8:00:00 PM,7/11/2026 4:00:00 PM,AP,6685
7/9/2026 12:47:14 PM,7/9/2026 8:47:14 AM,7/11/2026 8:00:00 PM,7/11/2026 4:00:00 PM,7/11/2026 9:00:00 PM,7/11/2026 5:00:00 PM,AP,6794
7/9/2026 12:47:14 PM,7/9/2026 8:47:14 AM,7/11/2026 9:00:00 PM,7/11/2026 5:00:00 PM,7/11/2026 10:00:00 PM,7/11/2026 6:00:00 PM,AP,6860
7/9/2026 12:47:14 PM,7/9/2026 8:47:14 AM,7/11/2026 10:00:00 PM,7/11/2026 6:00:00 PM,7/11/2026 11:00:00 PM,7/11/2026 7:00:00 PM,AP,6803
7/9/2026 12:47:14 PM,7/9/2026 8:47:14 AM,7/11/2026 11:00:00 PM,7/11/2026 7:00:00 PM,7/12/2026 12:00:00 AM,7/11/2026 8:00:00 PM,AP,6648
7/9/2026 12:47:14 PM,7/9/2026 8:47:14 AM,7/12/2026 12:00:00 AM,7/11/2026 8:00:00 PM,7/12/2026 1:00:00 AM,7/11/2026 9:00:00 PM,AP,6447
7/9/2026 12:47:14 PM,7/9/2026 8:47:14 AM,7/12/2026 1:00:00 AM,7/11/2026 9:00:00 PM,7/12/2026 2:00:00 AM,7/11/2026 10:00:00 PM,AP,6268
7/9/2026 12:47:14 PM,7/9/2026 8:47:14 AM,7/12/2026 2:00:00 AM,7/11/2026 10:00:00 PM,7/12/2026 3:00:00 AM,7/11/2026 11:00:00 PM,AP,5948
7/9/2026 12:47:14 PM,7/9/2026 8:47:14 AM,7/12/2026 3:00:00 AM,7/11/2026 11:00:00 PM,7/12/2026 4:00:00 AM,7/12/2026 12:00:00 AM,AP,5558
7/9/2026 12:47:14 PM,7/9/2026 8:47:14 AM,7/12/2026 4:00:00 AM,7/12/2026 12:00:00 AM,7/12/2026 5:00:00 AM,7/12/2026 1:00:00 AM,AP,5116
7/9/2026 12:47:14 PM,7/9/2026 8:47:14 AM,7/12/2026 5:00:00 AM,7/12/2026 1:00:00 AM,7/12/2026 6:00:00 AM,7/12/2026 2:00:00 AM,AP,4872
7/9/2026 12:47:14 PM,7/9/2026 8:47:14 AM,7/12/2026 6:00:00 AM,7/12/2026 2:00:00 AM,7/12/2026 7:00:00 AM,7/12/2026 3:00:00 AM,AP,4683
7/9/2026 12:47:14 PM,7/9/2026 8:47:14 AM,7/12/2026 7:00:00 AM,7/12/2026 3:00:00 AM,7/12/2026 8:00:00 AM,7/12/2026 4:00:00 AM,AP,4557
7/9/2026 12:47:14 PM,7/9/2026 8:47:14 AM,7/12/2026 8:00:00 AM,7/12/2026 4:00:00 AM,7/12/2026 9:00:00 AM,7/12/2026 5:00:00 AM,AP,4498
7/9/2026 12:47:14 PM,7/9/2026 8:47:14 AM,7/12/2026 9:00:00 AM,7/12/2026 5:00:00 AM,7/12/2026 10:00:00 AM,7/12/2026 6:00:00 AM,AP,4457
7/9/2026 12:47:14 PM,7/9/2026 8:47:14 AM,7/12/2026 10:00:00 AM,7/12/2026 6:00:00 AM,7/12/2026 11:00:00 AM,7/12/2026 7:00:00 AM,AP,4443
7/9/2026 12:47:14 PM,7/9/2026 8:47:14 AM,7/12/2026 11:00:00 AM,7/12/2026 7:00:00 AM,7/12/2026 12:00:00 PM,7/12/2026 8:00:00 AM,AP,4626
7/9/2026 12:47:14 PM,7/9/2026 8:47:14 AM,7/12/2026 12:00:00 PM,7/12/2026 8:00:00 AM,7/12/2026 1:00:00 PM,7/12/2026 9:00:00 AM,AP,4963
7/9/2026 12:47:14 PM,7/9/2026 8:47:14 AM,7/12/2026 1:00:00 PM,7/12/2026 9:00:00 AM,7/12/2026 2:00:00 PM,7/12/2026 10:00:00 AM,AP,5327
7/9/2026 12:47:14 PM,7/9/2026 8:47:14 AM,7/12/2026 2:00:00 PM,7/12/2026 10:00:00 AM,7/12/2026 3:00:00 PM,7/12/2026 11:00:00 AM,AP,5657
7/9/2026 12:47:14 PM,7/9/2026 8:47:14 AM,7/12/2026 3:00:00 PM,7/12/2026 11:00:00 AM,7/12/2026 4:00:00 PM,7/12/2026 12:00:00 PM,AP,5981
7/9/2026 12:47:14 PM,7/9/2026 8:47:14 AM,7/12/2026 4:00:00 PM,7/12/2026 12:00:00 PM,7/12/2026 5:00:00 PM,7/12/2026 1:00:00 PM,AP,6272
7/9/2026 12:47:14 PM,7/9/2026 8:47:14 AM,7/12/2026 5:00:00 PM,7/12/2026 1:00:00 PM,7/12/2026 6:00:00 PM,7/12/2026 2:00:00 PM,AP,6498
7/9/2026 12:47:14 PM,7/9/2026 8:47:14 AM,7/12/2026 6:00:00 PM,7/12/2026 2:00:00 PM,7/12/2026 7:00:00 PM,7/12/2026 3:00:00 PM,AP,6682
7/9/2026 12:47:14 PM,7/9/2026 8:47:14 AM,7/12/2026 7:00:00 PM,7/12/2026 3:00:00 PM,7/12/2026 8:00:00 PM,7/12/2026 4:00:00 PM,AP,6866
7/9/2026 12:47:14 PM,7/9/2026 8:47:14 AM,7/12/2026 8:00:00 PM,7/12/2026 4:00:00 PM,7/12/2026 9:00:00 PM,7/12/2026 5:00:00 PM,AP,7067
7/9/2026 12:47:14 PM,7/9/2026 8:47:14 AM,7/12/2026 9:00:00 PM,7/12/2026 5:00:00 PM,7/12/2026 10:00:00 PM,7/12/2026 6:00:00 PM,AP,7215
7/9/2026 12:47:14 PM,7/9/2026 8:47:14 AM,7/12/2026 10:00:00 PM,7/12/2026 6:00:00 PM,7/12/2026 11:00:00 PM,7/12/2026 7:00:00 PM,AP,7207
7/9/2026 12:47:14 PM,7/9/2026 8:47:14 AM,7/12/2026 11:00:00 PM,7/12/2026 7:00:00 PM,7/13/2026 12:00:00 AM,7/12/2026 8:00:00 PM,AP,7056
7/9/2026 12:47:14 PM,7/9/2026 8:47:14 AM,7/13/2026 12:00:00 AM,7/12/2026 8:00:00 PM,7/13/2026 1:00:00 AM,7/12/2026 9:00:00 PM,AP,6806
7/9/2026 12:47:14 PM,7/9/2026 8:47:14 AM,7/13/2026 1:00:00 AM,7/12/2026 9:00:00 PM,7/13/2026 2:00:00 AM,7/12/2026 10:00:00 PM,AP,6546
7/9/2026 12:47:14 PM,7/9/2026 8:47:14 AM,7/13/2026 2:00:00 AM,7/12/2026 10:00:00 PM,7/13/2026 3:00:00 AM,7/12/2026 11:00:00 PM,AP,6123
7/9/2026 12:47:14 PM,7/9/2026 8:47:14 AM,7/13/2026 3:00:00 AM,7/12/2026 11:00:00 PM,7/13/2026 4:00:00 AM,7/13/2026 12:00:00 AM,AP,5688
7/9/2026 12:47:14 PM,7/9/2026 8:47:14 AM,7/13/2026 4:00:00 AM,7/13/2026 12:00:00 AM,7/13/2026 5:00:00 AM,7/13/2026 1:00:00 AM,AP,5191
7/9/2026 12:47:14 PM,7/9/2026 8:47:14 AM,7/13/2026 5:00:00 AM,7/13/2026 1:00:00 AM,7/13/2026 6:00:00 AM,7/13/2026 2:00:00 AM,AP,4971
7/9/2026 12:47:14 PM,7/9/2026 8:47:14 AM,7/13/2026 6:00:00 AM,7/13/2026 2:00:00 AM,7/13/2026 7:00:00 AM,7/13/2026 3:00:00 AM,AP,4823
7/9/2026 12:47:14 PM,7/9/2026 8:47:14 AM,7/13/2026 7:00:00 AM,7/13/2026 3:00:00 AM,7/13/2026 8:00:00 AM,7/13/2026 4:00:00 AM,AP,4742
7/9/2026 12:47:14 PM,7/9/2026 8:47:14 AM,7/13/2026 8:00:00 AM,7/13/2026 4:00:00 AM,7/13/2026 9:00:00 AM,7/13/2026 5:00:00 AM,AP,4770
7/9/2026 12:47:14 PM,7/9/2026 8:47:14 AM,7/13/2026 9:00:00 AM,7/13/2026 5:00:00 AM,7/13/2026 10:00:00 AM,7/13/2026 6:00:00 AM,AP,4917
7/9/2026 12:47:14 PM,7/9/2026 8:47:14 AM,7/13/2026 10:00:00 AM,7/13/2026 6:00:00 AM,7/13/2026 11:00:00 AM,7/13/2026 7:00:00 AM,AP,5149
7/9/2026 12:47:14 PM,7/9/2026 8:47:14 AM,7/13/2026 11:00:00 AM,7/13/2026 7:00:00 AM,7/13/2026 12:00:00 PM,7/13/2026 8:00:00 AM,AP,5446
7/9/2026 12:47:14 PM,7/9/2026 8:47:14 AM,7/13/2026 12:00:00 PM,7/13/2026 8:00:00 AM,7/13/2026 1:00:00 PM,7/13/2026 9:00:00 AM,AP,5738
7/9/2026 12:47:14 PM,7/9/2026 8:47:14 AM,7/13/2026 1:00:00 PM,7/13/2026 9:00:00 AM,7/13/2026 2:00:00 PM,7/13/2026 10:00:00 AM,AP,6041
7/9/2026 12:47:14 PM,7/9/2026 8:47:14 AM,7/13/2026 2:00:00 PM,7/13/2026 10:00:00 AM,7/13/2026 3:00:00 PM,7/13/2026 11:00:00 AM,AP,6373
7/9/2026 12:47:14 PM,7/9/2026 8:47:14 AM,7/13/2026 3:00:00 PM,7/13/2026 11:00:00 AM,7/13/2026 4:00:00 PM,7/13/2026 12:00:00 PM,AP,6690
7/9/2026 12:47:14 PM,7/9/2026 8:47:14 AM,7/13/2026 4:00:00 PM,7/13/2026 12:00:00 PM,7/13/2026 5:00:00 PM,7/13/2026 1:00:00 PM,AP,7005
7/9/2026 12:47:14 PM,7/9/2026 8:47:14 AM,7/13/2026 5:00:00 PM,7/13/2026 1:00:00 PM,7/13/2026 6:00:00 PM,7/13/2026 2:00:00 PM,AP,7276
7/9/2026 12:47:14 PM,7/9/2026 8:47:14 AM,7/13/2026 6:00:00 PM,7/13/2026 2:00:00 PM,7/13/2026 7:00:00 PM,7/13/2026 3:00:00 PM,AP,7478
7/9/2026 12:47:14 PM,7/9/2026 8:47:14 AM,7/13/2026 7:00:00 PM,7/13/2026 3:00:00 PM,7/13/2026 8:00:00 PM,7/13/2026 4:00:00 PM,AP,7622
7/9/2026 12:47:14 PM,7/9/2026 8:47:14 AM,7/13/2026 8:00:00 PM,7/13/2026 4:00:00 PM,7/13/2026 9:00:00 PM,7/13/2026 5:00:00 PM,AP,7764
7/9/2026 12:47:14 PM,7/9/2026 8:47:14 AM,7/13/2026 9:00:00 PM,7/13/2026 5:00:00 PM,7/13/2026 10:00:00 PM,7/13/2026 6:00:00 PM,AP,7863
7/9/2026 12:47:14 PM,7/9/2026 8:47:14 AM,7/13/2026 10:00:00 PM,7/13/2026 6:00:00 PM,7/13/2026 11:00:00 PM,7/13/2026 7:00:00 PM,AP,7806
7/9/2026 12:47:14 PM,7/9/2026 8:47:14 AM,7/13/2026 11:00:00 PM,7/13/2026 7:00:00 PM,7/14/2026 12:00:00 AM,7/13/2026 8:00:00 PM,AP,7595
7/9/2026 12:47:14 PM,7/9/2026 8:47:14 AM,7/14/2026 12:00:00 AM,7/13/2026 8:00:00 PM,7/14/2026 1:00:00 AM,7/13/2026 9:00:00 PM,AP,7290
7/9/2026 12:47:14 PM,7/9/2026 8:47:14 AM,7/14/2026 1:00:00 AM,7/13/2026 9:00:00 PM,7/14/2026 2:00:00 AM,7/13/2026 10:00:00 PM,AP,6996
7/9/2026 12:47:14 PM,7/9/2026 8:47:14 AM,7/14/2026 2:00:00 AM,7/13/2026 10:00:00 PM,7/14/2026 3:00:00 AM,7/13/2026 11:00:00 PM,AP,6514
7/9/2026 12:47:14 PM,7/9/2026 8:47:14 AM,7/14/2026 3:00:00 AM,7/13/2026 11:00:00 PM,7/14/2026 4:00:00 AM,7/14/2026 12:00:00 AM,AP,6017
7/9/2026 12:47:14 PM,7/9/2026 8:47:14 AM,7/14/2026 4:00:00 AM,7/14/2026 12:00:00 AM,7/14/2026 5:00:00 AM,7/14/2026 1:00:00 AM,AP,5474
7/9/2026 12:47:14 PM,7/9/2026 8:47:14 AM,7/14/2026 5:00:00 AM,7/14/2026 1:00:00 AM,7/14/2026 6:00:00 AM,7/14/2026 2:00:00 AM,AP,5203
7/9/2026 12:47:14 PM,7/9/2026 8:47:14 AM,7/14/2026 6:00:00 AM,7/14/2026 2:00:00 AM,7/14/2026 7:00:00 AM,7/14/2026 3:00:00 AM,AP,5013
7/9/2026 12:47:14 PM,7/9/2026 8:47:14 AM,7/14/2026 7:00:00 AM,7/14/2026 3:00:00 AM,7/14/2026 8:00:00 AM,7/14/2026 4:00:00 AM,AP,4909
7/9/2026 12:47:14 PM,7/9/2026 8:47:14 AM,7/14/2026 8:00:00 AM,7/14/2026 4:00:00 AM,7/14/2026 9:00:00 AM,7/14/2026 5:00:00 AM,AP,4907
7/9/2026 12:47:14 PM,7/9/2026 8:47:14 AM,7/14/2026 9:00:00 AM,7/14/2026 5:00:00 AM,7/14/2026 10:00:00 AM,7/14/2026 6:00:00 AM,AP,5013
7/9/2026 12:47:14 PM,7/9/2026 8:47:14 AM,7/14/2026 10:00:00 AM,7/14/2026 6:00:00 AM,7/14/2026 11:00:00 AM,7/14/2026 7:00:00 AM,AP,5239
7/9/2026 12:47:14 PM,7/9/2026 8:47:14 AM,7/14/2026 11:00:00 AM,7/14/2026 7:00:00 AM,7/14/2026 12:00:00 PM,7/14/2026 8:00:00 AM,AP,5517
7/9/2026 12:47:14 PM,7/9/2026 8:47:14 AM,7/14/2026 12:00:00 PM,7/14/2026 8:00:00 AM,7/14/2026 1:00:00 PM,7/14/2026 9:00:00 AM,AP,5812
7/9/2026 12:47:14 PM,7/9/2026 8:47:14 AM,7/14/2026 1:00:00 PM,7/14/2026 9:00:00 AM,7/14/2026 2:00:00 PM,7/14/2026 10:00:00 AM,AP,6118
7/9/2026 12:47:14 PM,7/9/2026 8:47:14 AM,7/14/2026 2:00:00 PM,7/14/2026 10:00:00 AM,7/14/2026 3:00:00 PM,7/14/2026 11:00:00 AM,AP,6507
7/9/2026 12:47:14 PM,7/9/2026 8:47:14 AM,7/14/2026 3:00:00 PM,7/14/2026 11:00:00 AM,7/14/2026 4:00:00 PM,7/14/2026 12:00:00 PM,AP,6883
7/9/2026 12:47:14 PM,7/9/2026 8:47:14 AM,7/14/2026 4:00:00 PM,7/14/2026 12:00:00 PM,7/14/2026 5:00:00 PM,7/14/2026 1:00:00 PM,AP,7239
7/9/2026 12:47:14 PM,7/9/2026 8:47:14 AM,7/14/2026 5:00:00 PM,7/14/2026 1:00:00 PM,7/14/2026 6:00:00 PM,7/14/2026 2:00:00 PM,AP,7525
7/9/2026 12:47:14 PM,7/9/2026 8:47:14 AM,7/14/2026 6:00:00 PM,7/14/2026 2:00:00 PM,7/14/2026 7:00:00 PM,7/14/2026 3:00:00 PM,AP,7774
7/9/2026 12:47:14 PM,7/9/2026 8:47:14 AM,7/14/2026 7:00:00 PM,7/14/2026 3:00:00 PM,7/14/2026 8:00:00 PM,7/14/2026 4:00:00 PM,AP,7946
7/9/2026 12:47:14 PM,7/9/2026 8:47:14 AM,7/14/2026 8:00:00 PM,7/14/2026 4:00:00 PM,7/14/2026 9:00:00 PM,7/14/2026 5:00:00 PM,AP,8116
7/9/2026 12:47:14 PM,7/9/2026 8:47:14 AM,7/14/2026 9:00:00 PM,7/14/2026 5:00:00 PM,7/14/2026 10:00:00 PM,7/14/2026 6:00:00 PM,AP,8223
7/9/2026 12:47:14 PM,7/9/2026 8:47:14 AM,7/14/2026 10:00:00 PM,7/14/2026 6:00:00 PM,7/14/2026 11:00:00 PM,7/14/2026 7:00:00 PM,AP,8139
7/9/2026 12:47:14 PM,7/9/2026 8:47:14 AM,7/14/2026 11:00:00 PM,7/14/2026 7:00:00 PM,7/15/2026 12:00:00 AM,7/14/2026 8:00:00 PM,AP,7934
7/9/2026 12:47:14 PM,7/9/2026 8:47:14 AM,7/15/2026 12:00:00 AM,7/14/2026 8:00:00 PM,7/15/2026 1:00:00 AM,7/14/2026 9:00:00 PM,AP,7609
7/9/2026 12:47:14 PM,7/9/2026 8:47:14 AM,7/15/2026 1:00:00 AM,7/14/2026 9:00:00 PM,7/15/2026 2:00:00 AM,7/14/2026 10:00:00 PM,AP,7273
7/9/2026 12:47:14 PM,7/9/2026 8:47:14 AM,7/15/2026 2:00:00 AM,7/14/2026 10:00:00 PM,7/15/2026 3:00:00 AM,7/14/2026 11:00:00 PM,AP,6752
7/9/2026 12:47:14 PM,7/9/2026 8:47:14 AM,7/15/2026 3:00:00 AM,7/14/2026 11:00:00 PM,7/15/2026 4:00:00 AM,7/15/2026 12:00:00 AM,AP,6223
7/9/2026 12:47:14 PM,7/9/2026 8:47:14 AM,7/15/2026 4:00:00 AM,7/15/2026 12:00:00 AM,7/15/2026 5:00:00 AM,7/15/2026 1:00:00 AM,AP,5700
7/9/2026 12:47:14 PM,7/9/2026 8:47:14 AM,7/15/2026 5:00:00 AM,7/15/2026 1:00:00 AM,7/15/2026 6:00:00 AM,7/15/2026 2:00:00 AM,AP,5407
7/9/2026 12:47:14 PM,7/9/2026 8:47:14 AM,7/15/2026 6:00:00 AM,7/15/2026 2:00:00 AM,7/15/2026 7:00:00 AM,7/15/2026 3:00:00 AM,AP,5199
7/9/2026 12:47:14 PM,7/9/2026 8:47:14 AM,7/15/2026 7:00:00 AM,7/15/2026 3:00:00 AM,7/15/2026 8:00:00 AM,7/15/2026 4:00:00 AM,AP,5085
7/9/2026 12:47:14 PM,7/9/2026 8:47:14 AM,7/15/2026 8:00:00 AM,7/15/2026 4:00:00 AM,7/15/2026 9:00:00 AM,7/15/2026 5:00:00 AM,AP,5078
7/9/2026 12:47:14 PM,7/9/2026 8:47:14 AM,7/15/2026 9:00:00 AM,7/15/2026 5:00:00 AM,7/15/2026 10:00:00 AM,7/15/2026 6:00:00 AM,AP,5186
7/9/2026 12:47:14 PM,7/9/2026 8:47:14 AM,7/15/2026 10:00:00 AM,7/15/2026 6:00:00 AM,7/15/2026 11:00:00 AM,7/15/2026 7:00:00 AM,AP,5443
7/9/2026 12:47:14 PM,7/9/2026 8:47:14 AM,7/15/2026 11:00:00 AM,7/15/2026 7:00:00 AM,7/15/2026 12:00:00 PM,7/15/2026 8:00:00 AM,AP,5707
7/9/2026 12:47:14 PM,7/9/2026 8:47:14 AM,7/15/2026 12:00:00 PM,7/15/2026 8:00:00 AM,7/15/2026 1:00:00 PM,7/15/2026 9:00:00 AM,AP,6059
7/9/2026 12:47:14 PM,7/9/2026 8:47:14 AM,7/15/2026 1:00:00 PM,7/15/2026 9:00:00 AM,7/15/2026 2:00:00 PM,7/15/2026 10:00:00 AM,AP,6461
7/9/2026 12:47:14 PM,7/9/2026 8:47:14 AM,7/15/2026 2:00:00 PM,7/15/2026 10:00:00 AM,7/15/2026 3:00:00 PM,7/15/2026 11:00:00 AM,AP,6920
7/9/2026 12:47:14 PM,7/9/2026 8:47:14 AM,7/15/2026 3:00:00 PM,7/15/2026 11:00:00 AM,7/15/2026 4:00:00 PM,7/15/2026 12:00:00 PM,AP,7371
7/9/2026 12:47:14 PM,7/9/2026 8:47:14 AM,7/15/2026 4:00:00 PM,7/15/2026 12:00:00 PM,7/15/2026 5:00:00 PM,7/15/2026 1:00:00 PM,AP,7798
7/9/2026 12:47:14 PM,7/9/2026 8:47:14 AM,7/15/2026 5:00:00 PM,7/15/2026 1:00:00 PM,7/15/2026 6:00:00 PM,7/15/2026 2:00:00 PM,AP,8140
7/9/2026 12:47:14 PM,7/9/2026 8:47:14 AM,7/15/2026 6:00:00 PM,7/15/2026 2:00:00 PM,7/15/2026 7:00:00 PM,7/15/2026 3:00:00 PM,AP,8396
7/9/2026 12:47:14 PM,7/9/2026 8:47:14 AM,7/15/2026 7:00:00 PM,7/15/2026 3:00:00 PM,7/15/2026 8:00:00 PM,7/15/2026 4:00:00 PM,AP,8588
7/9/2026 12:47:14 PM,7/9/2026 8:47:14 AM,7/15/2026 8:00:00 PM,7/15/2026 4:00:00 PM,7/15/2026 9:00:00 PM,7/15/2026 5:00:00 PM,AP,8709
7/9/2026 12:47:14 PM,7/9/2026 8:47:14 AM,7/15/2026 9:00:00 PM,7/15/2026 5:00:00 PM,7/15/2026 10:00:00 PM,7/15/2026 6:00:00 PM,AP,8772
7/9/2026 12:47:14 PM,7/9/2026 8:47:14 AM,7/15/2026 10:00:00 PM,7/15/2026 6:00:00 PM,7/15/2026 11:00:00 PM,7/15/2026 7:00:00 PM,AP,8701
7/9/2026 12:47:14 PM,7/9/2026 8:47:14 AM,7/15/2026 11:00:00 PM,7/15/2026 7:00:00 PM,7/16/2026 12:00:00 AM,7/15/2026 8:00:00 PM,AP,8452
7/9/2026 12:47:14 PM,7/9/2026 8:47:14 AM,7/16/2026 12:00:00 AM,7/15/2026 8:00:00 PM,7/16/2026 1:00:00 AM,7/15/2026 9:00:00 PM,AP,8102
7/9/2026 12:47:14 PM,7/9/2026 8:47:14 AM,7/16/2026 1:00:00 AM,7/15/2026 9:00:00 PM,7/16/2026 2:00:00 AM,7/15/2026 10:00:00 PM,AP,7740
7/9/2026 12:47:14 PM,7/9/2026 8:47:14 AM,7/16/2026 2:00:00 AM,7/15/2026 10:00:00 PM,7/16/2026 3:00:00 AM,7/15/2026 11:00:00 PM,AP,7161
7/9/2026 12:47:14 PM,7/9/2026 8:47:14 AM,7/16/2026 3:00:00 AM,7/15/2026 11:00:00 PM,7/16/2026 4:00:00 AM,7/16/2026 12:00:00 AM,AP,6607
7/9/2026 12:47:14 PM,7/9/2026 8:47:14 AM,7/9/2026 4:00:00 AM,7/9/2026 12:00:00 AM,7/9/2026 5:00:00 AM,7/9/2026 1:00:00 AM,ATSI,8533
7/9/2026 12:47:14 PM,7/9/2026 8:47:14 AM,7/9/2026 5:00:00 AM,7/9/2026 1:00:00 AM,7/9/2026 6:00:00 AM,7/9/2026 2:00:00 AM,ATSI,8076
7/9/2026 12:47:14 PM,7/9/2026 8:47:14 AM,7/9/2026 6:00:00 AM,7/9/2026 2:00:00 AM,7/9/2026 7:00:00 AM,7/9/2026 3:00:00 AM,ATSI,7735
7/9/2026 12:47:14 PM,7/9/2026 8:47:14 AM,7/9/2026 7:00:00 AM,7/9/2026 3:00:00 AM,7/9/2026 8:00:00 AM,7/9/2026 4:00:00 AM,ATSI,7463
7/9/2026 12:47:14 PM,7/9/2026 8:47:14 AM,7/9/2026 8:00:00 AM,7/9/2026 4:00:00 AM,7/9/2026 9:00:00 AM,7/9/2026 5:00:00 AM,ATSI,7497
7/9/2026 12:47:14 PM,7/9/2026 8:47:14 AM,7/9/2026 9:00:00 AM,7/9/2026 5:00:00 AM,7/9/2026 10:00:00 AM,7/9/2026 6:00:00 AM,ATSI,7634
7/9/2026 12:47:14 PM,7/9/2026 8:47:14 AM,7/9/2026 10:00:00 AM,7/9/2026 6:00:00 AM,7/9/2026 11:00:00 AM,7/9/2026 7:00:00 AM,ATSI,7899
7/9/2026 12:47:14 PM,7/9/2026 8:47:14 AM,7/9/2026 11:00:00 AM,7/9/2026 7:00:00 AM,7/9/2026 12:00:00 PM,7/9/2026 8:00:00 AM,ATSI,8426
7/9/2026 12:47:14 PM,7/9/2026 8:47:14 AM,7/9/2026 12:00:00 PM,7/9/2026 8:00:00 AM,7/9/2026 1:00:00 PM,7/9/2026 9:00:00 AM,ATSI,8953
7/9/2026 12:47:14 PM,7/9/2026 8:47:14 AM,7/9/2026 1:00:00 PM,7/9/2026 9:00:00 AM,7/9/2026 2:00:00 PM,7/9/2026 10:00:00 AM,ATSI,9551
7/9/2026 12:47:14 PM,7/9/2026 8:47:14 AM,7/9/2026 2:00:00 PM,7/9/2026 10:00:00 AM,7/9/2026 3:00:00 PM,7/9/2026 11:00:00 AM,ATSI,10124
7/9/2026 12:47:14 PM,7/9/2026 8:47:14 AM,7/9/2026 3:00:00 PM,7/9/2026 11:00:00 AM,7/9/2026 4:00:00 PM,7/9/2026 12:00:00 PM,ATSI,10714
7/9/2026 12:47:14 PM,7/9/2026 8:47:14 AM,7/9/2026 4:00:00 PM,7/9/2026 12:00:00 PM,7/9/2026 5:00:00 PM,7/9/2026 1:00:00 PM,ATSI,11261
7/9/2026 12:47:14 PM,7/9/2026 8:47:14 AM,7/9/2026 5:00:00 PM,7/9/2026 1:00:00 PM,7/9/2026 6:00:00 PM,7/9/2026 2:00:00 PM,ATSI,11654
7/9/2026 12:47:14 PM,7/9/2026 8:47:14 AM,7/9/2026 6:00:00 PM,7/9/2026 2:00:00 PM,7/9/2026 7:00:00 PM,7/9/2026 3:00:00 PM,ATSI,11900
7/9/2026 12:47:14 PM,7/9/2026 8:47:14 AM,7/9/2026 7:00:00 PM,7/9/2026 3:00:00 PM,7/9/2026 8:00:00 PM,7/9/2026 4:00:00 PM,ATSI,11997
7/9/2026 12:47:14 PM,7/9/2026 8:47:14 AM,7/9/2026 8:00:00 PM,7/9/2026 4:00:00 PM,7/9/2026 9:00:00 PM,7/9/2026 5:00:00 PM,ATSI,12032
7/9/2026 12:47:14 PM,7/9/2026 8:47:14 AM,7/9/2026 9:00:00 PM,7/9/2026 5:00:00 PM,7/9/2026 10:00:00 PM,7/9/2026 6:00:00 PM,ATSI,12026
7/9/2026 12:47:14 PM,7/9/2026 8:47:14 AM,7/9/2026 10:00:00 PM,7/9/2026 6:00:00 PM,7/9/2026 11:00:00 PM,7/9/2026 7:00:00 PM,ATSI,11865
7/9/2026 12:47:14 PM,7/9/2026 8:47:14 AM,7/9/2026 11:00:00 PM,7/9/2026 7:00:00 PM,7/10/2026 12:00:00 AM,7/9/2026 8:00:00 PM,ATSI,11574
7/9/2026 12:47:14 PM,7/9/2026 8:47:14 AM,7/10/2026 12:00:00 AM,7/9/2026 8:00:00 PM,7/10/2026 1:00:00 AM,7/9/2026 9:00:00 PM,ATSI,11107
7/9/2026 12:47:14 PM,7/9/2026 8:47:14 AM,7/10/2026 1:00:00 AM,7/9/2026 9:00:00 PM,7/10/2026 2:00:00 AM,7/9/2026 10:00:00 PM,ATSI,10702
7/9/2026 12:47:14 PM,7/9/2026 8:47:14 AM,7/10/2026 2:00:00 AM,7/9/2026 10:00:00 PM,7/10/2026 3:00:00 AM,7/9/2026 11:00:00 PM,ATSI,10082
7/9/2026 12:47:14 PM,7/9/2026 8:47:14 AM,7/10/2026 3:00:00 AM,7/9/2026 11:00:00 PM,7/10/2026 4:00:00 AM,7/10/2026 12:00:00 AM,ATSI,9407
7/9/2026 12:47:14 PM,7/9/2026 8:47:14 AM,7/10/2026 4:00:00 AM,7/10/2026 12:00:00 AM,7/10/2026 5:00:00 AM,7/10/2026 1:00:00 AM,ATSI,8761
7/9/2026 12:47:14 PM,7/9/2026 8:47:14 AM,7/10/2026 5:00:00 AM,7/10/2026 1:00:00 AM,7/10/2026 6:00:00 AM,7/10/2026 2:00:00 AM,ATSI,8296
7/9/2026 12:47:14 PM,7/9/2026 8:47:14 AM,7/10/2026 6:00:00 AM,7/10/2026 2:00:00 AM,7/10/2026 7:00:00 AM,7/10/2026 3:00:00 AM,ATSI,7979
7/9/2026 12:47:14 PM,7/9/2026 8:47:14 AM,7/10/2026 7:00:00 AM,7/10/2026 3:00:00 AM,7/10/2026 8:00:00 AM,7/10/2026 4:00:00 AM,ATSI,7754
7/9/2026 12:47:14 PM,7/9/2026 8:47:14 AM,7/10/2026 8:00:00 AM,7/10/2026 4:00:00 AM,7/10/2026 9:00:00 AM,7/10/2026 5:00:00 AM,ATSI,7727
7/9/2026 12:47:14 PM,7/9/2026 8:47:14 AM,7/10/2026 9:00:00 AM,7/10/2026 5:00:00 AM,7/10/2026 10:00:00 AM,7/10/2026 6:00:00 AM,ATSI,7866
7/9/2026 12:47:14 PM,7/9/2026 8:47:14 AM,7/10/2026 10:00:00 AM,7/10/2026 6:00:00 AM,7/10/2026 11:00:00 AM,7/10/2026 7:00:00 AM,ATSI,8192
7/9/2026 12:47:14 PM,7/9/2026 8:47:14 AM,7/10/2026 11:00:00 AM,7/10/2026 7:00:00 AM,7/10/2026 12:00:00 PM,7/10/2026 8:00:00 AM,ATSI,8586
7/9/2026 12:47:14 PM,7/9/2026 8:47:14 AM,7/10/2026 12:00:00 PM,7/10/2026 8:00:00 AM,7/10/2026 1:00:00 PM,7/10/2026 9:00:00 AM,ATSI,8975
7/9/2026 12:47:14 PM,7/9/2026 8:47:14 AM,7/10/2026 1:00:00 PM,7/10/2026 9:00:00 AM,7/10/2026 2:00:00 PM,7/10/2026 10:00:00 AM,ATSI,9355
7/9/2026 12:47:14 PM,7/9/2026 8:47:14 AM,7/10/2026 2:00:00 PM,7/10/2026 10:00:00 AM,7/10/2026 3:00:00 PM,7/10/2026 11:00:00 AM,ATSI,9756
7/9/2026 12:47:14 PM,7/9/2026 8:47:14 AM,7/10/2026 3:00:00 PM,7/10/2026 11:00:00 AM,7/10/2026 4:00:00 PM,7/10/2026 12:00:00 PM,ATSI,10094
7/9/2026 12:47:14 PM,7/9/2026 8:47:14 AM,7/10/2026 4:00:00 PM,7/10/2026 12:00:00 PM,7/10/2026 5:00:00 PM,7/10/2026 1:00:00 PM,ATSI,10387
7/9/2026 12:47:14 PM,7/9/2026 8:47:14 AM,7/10/2026 5:00:00 PM,7/10/2026 1:00:00 PM,7/10/2026 6:00:00 PM,7/10/2026 2:00:00 PM,ATSI,10633
7/9/2026 12:47:14 PM,7/9/2026 8:47:14 AM,7/10/2026 6:00:00 PM,7/10/2026 2:00:00 PM,7/10/2026 7:00:00 PM,7/10/2026 3:00:00 PM,ATSI,10752
7/9/2026 12:47:14 PM,7/9/2026 8:47:14 AM,7/10/2026 7:00:00 PM,7/10/2026 3:00:00 PM,7/10/2026 8:00:00 PM,7/10/2026 4:00:00 PM,ATSI,10802
7/9/2026 12:47:14 PM,7/9/2026 8:47:14 AM,7/10/2026 8:00:00 PM,7/10/2026 4:00:00 PM,7/10/2026 9:00:00 PM,7/10/2026 5:00:00 PM,ATSI,10819
7/9/2026 12:47:14 PM,7/9/2026 8:47:14 AM,7/10/2026 9:00:00 PM,7/10/2026 5:00:00 PM,7/10/2026 10:00:00 PM,7/10/2026 6:00:00 PM,ATSI,10755
7/9/2026 12:47:14 PM,7/9/2026 8:47:14 AM,7/10/2026 10:00:00 PM,7/10/2026 6:00:00 PM,7/10/2026 11:00:00 PM,7/10/2026 7:00:00 PM,ATSI,10491
7/9/2026 12:47:14 PM,7/9/2026 8:47:14 AM,7/10/2026 11:00:00 PM,7/10/2026 7:00:00 PM,7/11/2026 12:00:00 AM,7/10/2026 8:00:00 PM,ATSI,10111
7/9/2026 12:47:14 PM,7/9/2026 8:47:14 AM,7/11/2026 12:00:00 AM,7/10/2026 8:00:00 PM,7/11/2026 1:00:00 AM,7/10/2026 9:00:00 PM,ATSI,9744
7/9/2026 12:47:14 PM,7/9/2026 8:47:14 AM,7/11/2026 1:00:00 AM,7/10/2026 9:00:00 PM,7/11/2026 2:00:00 AM,7/10/2026 10:00:00 PM,ATSI,9477
7/9/2026 12:47:14 PM,7/9/2026 8:47:14 AM,7/11/2026 2:00:00 AM,7/10/2026 10:00:00 PM,7/11/2026 3:00:00 AM,7/10/2026 11:00:00 PM,ATSI,8967
7/9/2026 12:47:14 PM,7/9/2026 8:47:14 AM,7/11/2026 3:00:00 AM,7/10/2026 11:00:00 PM,7/11/2026 4:00:00 AM,7/11/2026 12:00:00 AM,ATSI,8351
7/9/2026 12:47:14 PM,7/9/2026 8:47:14 AM,7/11/2026 4:00:00 AM,7/11/2026 12:00:00 AM,7/11/2026 5:00:00 AM,7/11/2026 1:00:00 AM,ATSI,8040
7/9/2026 12:47:14 PM,7/9/2026 8:47:14 AM,7/11/2026 5:00:00 AM,7/11/2026 1:00:00 AM,7/11/2026 6:00:00 AM,7/11/2026 2:00:00 AM,ATSI,7623
7/9/2026 12:47:14 PM,7/9/2026 8:47:14 AM,7/11/2026 6:00:00 AM,7/11/2026 2:00:00 AM,7/11/2026 7:00:00 AM,7/11/2026 3:00:00 AM,ATSI,7341
7/9/2026 12:47:14 PM,7/9/2026 8:47:14 AM,7/11/2026 7:00:00 AM,7/11/2026 3:00:00 AM,7/11/2026 8:00:00 AM,7/11/2026 4:00:00 AM,ATSI,7132
7/9/2026 12:47:14 PM,7/9/2026 8:47:14 AM,7/11/2026 8:00:00 AM,7/11/2026 4:00:00 AM,7/11/2026 9:00:00 AM,7/11/2026 5:00:00 AM,ATSI,7013
7/9/2026 12:47:14 PM,7/9/2026 8:47:14 AM,7/11/2026 9:00:00 AM,7/11/2026 5:00:00 AM,7/11/2026 10:00:00 AM,7/11/2026 6:00:00 AM,ATSI,6993
7/9/2026 12:47:14 PM,7/9/2026 8:47:14 AM,7/11/2026 10:00:00 AM,7/11/2026 6:00:00 AM,7/11/2026 11:00:00 AM,7/11/2026 7:00:00 AM,ATSI,7065
7/9/2026 12:47:14 PM,7/9/2026 8:47:14 AM,7/11/2026 11:00:00 AM,7/11/2026 7:00:00 AM,7/11/2026 12:00:00 PM,7/11/2026 8:00:00 AM,ATSI,7308
7/9/2026 12:47:14 PM,7/9/2026 8:47:14 AM,7/11/2026 12:00:00 PM,7/11/2026 8:00:00 AM,7/11/2026 1:00:00 PM,7/11/2026 9:00:00 AM,ATSI,7720
7/9/2026 12:47:14 PM,7/9/2026 8:47:14 AM,7/11/2026 1:00:00 PM,7/11/2026 9:00:00 AM,7/11/2026 2:00:00 PM,7/11/2026 10:00:00 AM,ATSI,8187
7/9/2026 12:47:14 PM,7/9/2026 8:47:14 AM,7/11/2026 2:00:00 PM,7/11/2026 10:00:00 AM,7/11/2026 3:00:00 PM,7/11/2026 11:00:00 AM,ATSI,8616
7/9/2026 12:47:14 PM,7/9/2026 8:47:14 AM,7/11/2026 3:00:00 PM,7/11/2026 11:00:00 AM,7/11/2026 4:00:00 PM,7/11/2026 12:00:00 PM,ATSI,8992
7/9/2026 12:47:14 PM,7/9/2026 8:47:14 AM,7/11/2026 4:00:00 PM,7/11/2026 12:00:00 PM,7/11/2026 5:00:00 PM,7/11/2026 1:00:00 PM,ATSI,9264
7/9/2026 12:47:14 PM,7/9/2026 8:47:14 AM,7/11/2026 5:00:00 PM,7/11/2026 1:00:00 PM,7/11/2026 6:00:00 PM,7/11/2026 2:00:00 PM,ATSI,9505
7/9/2026 12:47:14 PM,7/9/2026 8:47:14 AM,7/11/2026 6:00:00 PM,7/11/2026 2:00:00 PM,7/11/2026 7:00:00 PM,7/11/2026 3:00:00 PM,ATSI,9702
7/9/2026 12:47:14 PM,7/9/2026 8:47:14 AM,7/11/2026 7:00:00 PM,7/11/2026 3:00:00 PM,7/11/2026 8:00:00 PM,7/11/2026 4:00:00 PM,ATSI,9893
7/9/2026 12:47:14 PM,7/9/2026 8:47:14 AM,7/11/2026 8:00:00 PM,7/11/2026 4:00:00 PM,7/11/2026 9:00:00 PM,7/11/2026 5:00:00 PM,ATSI,10104
7/9/2026 12:47:14 PM,7/9/2026 8:47:14 AM,7/11/2026 9:00:00 PM,7/11/2026 5:00:00 PM,7/11/2026 10:00:00 PM,7/11/2026 6:00:00 PM,ATSI,10175
7/9/2026 12:47:14 PM,7/9/2026 8:47:14 AM,7/11/2026 10:00:00 PM,7/11/2026 6:00:00 PM,7/11/2026 11:00:00 PM,7/11/2026 7:00:00 PM,ATSI,9990
7/9/2026 12:47:14 PM,7/9/2026 8:47:14 AM,7/11/2026 11:00:00 PM,7/11/2026 7:00:00 PM,7/12/2026 12:00:00 AM,7/11/2026 8:00:00 PM,ATSI,9667
7/9/2026 12:47:14 PM,7/9/2026 8:47:14 AM,7/12/2026 12:00:00 AM,7/11/2026 8:00:00 PM,7/12/2026 1:00:00 AM,7/11/2026 9:00:00 PM,ATSI,9299
7/9/2026 12:47:14 PM,7/9/2026 8:47:14 AM,7/12/2026 1:00:00 AM,7/11/2026 9:00:00 PM,7/12/2026 2:00:00 AM,7/11/2026 10:00:00 PM,ATSI,9017
7/9/2026 12:47:14 PM,7/9/2026 8:47:14 AM,7/12/2026 2:00:00 AM,7/11/2026 10:00:00 PM,7/12/2026 3:00:00 AM,7/11/2026 11:00:00 PM,ATSI,8537
7/9/2026 12:47:14 PM,7/9/2026 8:47:14 AM,7/12/2026 3:00:00 AM,7/11/2026 11:00:00 PM,7/12/2026 4:00:00 AM,7/12/2026 12:00:00 AM,ATSI,7957
7/9/2026 12:47:14 PM,7/9/2026 8:47:14 AM,7/12/2026 4:00:00 AM,7/12/2026 12:00:00 AM,7/12/2026 5:00:00 AM,7/12/2026 1:00:00 AM,ATSI,7380
7/9/2026 12:47:14 PM,7/9/2026 8:47:14 AM,7/12/2026 5:00:00 AM,7/12/2026 1:00:00 AM,7/12/2026 6:00:00 AM,7/12/2026 2:00:00 AM,ATSI,7008
7/9/2026 12:47:14 PM,7/9/2026 8:47:14 AM,7/12/2026 6:00:00 AM,7/12/2026 2:00:00 AM,7/12/2026 7:00:00 AM,7/12/2026 3:00:00 AM,ATSI,6722
7/9/2026 12:47:14 PM,7/9/2026 8:47:14 AM,7/12/2026 7:00:00 AM,7/12/2026 3:00:00 AM,7/12/2026 8:00:00 AM,7/12/2026 4:00:00 AM,ATSI,6524
7/9/2026 12:47:14 PM,7/9/2026 8:47:14 AM,7/12/2026 8:00:00 AM,7/12/2026 4:00:00 AM,7/12/2026 9:00:00 AM,7/12/2026 5:00:00 AM,ATSI,6421
7/9/2026 12:47:14 PM,7/9/2026 8:47:14 AM,7/12/2026 9:00:00 AM,7/12/2026 5:00:00 AM,7/12/2026 10:00:00 AM,7/12/2026 6:00:00 AM,ATSI,6393
7/9/2026 12:47:14 PM,7/9/2026 8:47:14 AM,7/12/2026 10:00:00 AM,7/12/2026 6:00:00 AM,7/12/2026 11:00:00 AM,7/12/2026 7:00:00 AM,ATSI,6371
7/9/2026 12:47:14 PM,7/9/2026 8:47:14 AM,7/12/2026 11:00:00 AM,7/12/2026 7:00:00 AM,7/12/2026 12:00:00 PM,7/12/2026 8:00:00 AM,ATSI,6548
7/9/2026 12:47:14 PM,7/9/2026 8:47:14 AM,7/12/2026 12:00:00 PM,7/12/2026 8:00:00 AM,7/12/2026 1:00:00 PM,7/12/2026 9:00:00 AM,ATSI,6946
7/9/2026 12:47:14 PM,7/9/2026 8:47:14 AM,7/12/2026 1:00:00 PM,7/12/2026 9:00:00 AM,7/12/2026 2:00:00 PM,7/12/2026 10:00:00 AM,ATSI,7482
7/9/2026 12:47:14 PM,7/9/2026 8:47:14 AM,7/12/2026 2:00:00 PM,7/12/2026 10:00:00 AM,7/12/2026 3:00:00 PM,7/12/2026 11:00:00 AM,ATSI,7970
7/9/2026 12:47:14 PM,7/9/2026 8:47:14 AM,7/12/2026 3:00:00 PM,7/12/2026 11:00:00 AM,7/12/2026 4:00:00 PM,7/12/2026 12:00:00 PM,ATSI,8487
7/9/2026 12:47:14 PM,7/9/2026 8:47:14 AM,7/12/2026 4:00:00 PM,7/12/2026 12:00:00 PM,7/12/2026 5:00:00 PM,7/12/2026 1:00:00 PM,ATSI,8881
7/9/2026 12:47:14 PM,7/9/2026 8:47:14 AM,7/12/2026 5:00:00 PM,7/12/2026 1:00:00 PM,7/12/2026 6:00:00 PM,7/12/2026 2:00:00 PM,ATSI,9254
7/9/2026 12:47:14 PM,7/9/2026 8:47:14 AM,7/12/2026 6:00:00 PM,7/12/2026 2:00:00 PM,7/12/2026 7:00:00 PM,7/12/2026 3:00:00 PM,ATSI,9587
7/9/2026 12:47:14 PM,7/9/2026 8:47:14 AM,7/12/2026 7:00:00 PM,7/12/2026 3:00:00 PM,7/12/2026 8:00:00 PM,7/12/2026 4:00:00 PM,ATSI,9903
7/9/2026 12:47:14 PM,7/9/2026 8:47:14 AM,7/12/2026 8:00:00 PM,7/12/2026 4:00:00 PM,7/12/2026 9:00:00 PM,7/12/2026 5:00:00 PM,ATSI,10174
7/9/2026 12:47:14 PM,7/9/2026 8:47:14 AM,7/12/2026 9:00:00 PM,7/12/2026 5:00:00 PM,7/12/2026 10:00:00 PM,7/12/2026 6:00:00 PM,ATSI,10334
7/9/2026 12:47:14 PM,7/9/2026 8:47:14 AM,7/12/2026 10:00:00 PM,7/12/2026 6:00:00 PM,7/12/2026 11:00:00 PM,7/12/2026 7:00:00 PM,ATSI,10166
7/9/2026 12:47:14 PM,7/9/2026 8:47:14 AM,7/12/2026 11:00:00 PM,7/12/2026 7:00:00 PM,7/13/2026 12:00:00 AM,7/12/2026 8:00:00 PM,ATSI,9905
7/9/2026 12:47:14 PM,7/9/2026 8:47:14 AM,7/13/2026 12:00:00 AM,7/12/2026 8:00:00 PM,7/13/2026 1:00:00 AM,7/12/2026 9:00:00 PM,ATSI,9561
7/9/2026 12:47:14 PM,7/9/2026 8:47:14 AM,7/13/2026 1:00:00 AM,7/12/2026 9:00:00 PM,7/13/2026 2:00:00 AM,7/12/2026 10:00:00 PM,ATSI,9286
7/9/2026 12:47:14 PM,7/9/2026 8:47:14 AM,7/13/2026 2:00:00 AM,7/12/2026 10:00:00 PM,7/13/2026 3:00:00 AM,7/12/2026 11:00:00 PM,ATSI,8765
7/9/2026 12:47:14 PM,7/9/2026 8:47:14 AM,7/13/2026 3:00:00 AM,7/12/2026 11:00:00 PM,7/13/2026 4:00:00 AM,7/13/2026 12:00:00 AM,ATSI,8187
7/9/2026 12:47:14 PM,7/9/2026 8:47:14 AM,7/13/2026 4:00:00 AM,7/13/2026 12:00:00 AM,7/13/2026 5:00:00 AM,7/13/2026 1:00:00 AM,ATSI,7531
7/9/2026 12:47:14 PM,7/9/2026 8:47:14 AM,7/13/2026 5:00:00 AM,7/13/2026 1:00:00 AM,7/13/2026 6:00:00 AM,7/13/2026 2:00:00 AM,ATSI,7164
7/9/2026 12:47:14 PM,7/9/2026 8:47:14 AM,7/13/2026 6:00:00 AM,7/13/2026 2:00:00 AM,7/13/2026 7:00:00 AM,7/13/2026 3:00:00 AM,ATSI,6908
7/9/2026 12:47:14 PM,7/9/2026 8:47:14 AM,7/13/2026 7:00:00 AM,7/13/2026 3:00:00 AM,7/13/2026 8:00:00 AM,7/13/2026 4:00:00 AM,ATSI,6762
7/9/2026 12:47:14 PM,7/9/2026 8:47:14 AM,7/13/2026 8:00:00 AM,7/13/2026 4:00:00 AM,7/13/2026 9:00:00 AM,7/13/2026 5:00:00 AM,ATSI,6796
7/9/2026 12:47:14 PM,7/9/2026 8:47:14 AM,7/13/2026 9:00:00 AM,7/13/2026 5:00:00 AM,7/13/2026 10:00:00 AM,7/13/2026 6:00:00 AM,ATSI,7018
7/9/2026 12:47:14 PM,7/9/2026 8:47:14 AM,7/13/2026 10:00:00 AM,7/13/2026 6:00:00 AM,7/13/2026 11:00:00 AM,7/13/2026 7:00:00 AM,ATSI,7409
7/9/2026 12:47:14 PM,7/9/2026 8:47:14 AM,7/13/2026 11:00:00 AM,7/13/2026 7:00:00 AM,7/13/2026 12:00:00 PM,7/13/2026 8:00:00 AM,ATSI,7942
7/9/2026 12:47:14 PM,7/9/2026 8:47:14 AM,7/13/2026 12:00:00 PM,7/13/2026 8:00:00 AM,7/13/2026 1:00:00 PM,7/13/2026 9:00:00 AM,ATSI,8424
7/9/2026 12:47:14 PM,7/9/2026 8:47:14 AM,7/13/2026 1:00:00 PM,7/13/2026 9:00:00 AM,7/13/2026 2:00:00 PM,7/13/2026 10:00:00 AM,ATSI,8902
7/9/2026 12:47:14 PM,7/9/2026 8:47:14 AM,7/13/2026 2:00:00 PM,7/13/2026 10:00:00 AM,7/13/2026 3:00:00 PM,7/13/2026 11:00:00 AM,ATSI,9417
7/9/2026 12:47:14 PM,7/9/2026 8:47:14 AM,7/13/2026 3:00:00 PM,7/13/2026 11:00:00 AM,7/13/2026 4:00:00 PM,7/13/2026 12:00:00 PM,ATSI,9880
7/9/2026 12:47:14 PM,7/9/2026 8:47:14 AM,7/13/2026 4:00:00 PM,7/13/2026 12:00:00 PM,7/13/2026 5:00:00 PM,7/13/2026 1:00:00 PM,ATSI,10330
7/9/2026 12:47:14 PM,7/9/2026 8:47:14 AM,7/13/2026 5:00:00 PM,7/13/2026 1:00:00 PM,7/13/2026 6:00:00 PM,7/13/2026 2:00:00 PM,ATSI,10752
7/9/2026 12:47:14 PM,7/9/2026 8:47:14 AM,7/13/2026 6:00:00 PM,7/13/2026 2:00:00 PM,7/13/2026 7:00:00 PM,7/13/2026 3:00:00 PM,ATSI,11005
7/9/2026 12:47:14 PM,7/9/2026 8:47:14 AM,7/13/2026 7:00:00 PM,7/13/2026 3:00:00 PM,7/13/2026 8:00:00 PM,7/13/2026 4:00:00 PM,ATSI,11228
7/9/2026 12:47:14 PM,7/9/2026 8:47:14 AM,7/13/2026 8:00:00 PM,7/13/2026 4:00:00 PM,7/13/2026 9:00:00 PM,7/13/2026 5:00:00 PM,ATSI,11386
7/9/2026 12:47:14 PM,7/9/2026 8:47:14 AM,7/13/2026 9:00:00 PM,7/13/2026 5:00:00 PM,7/13/2026 10:00:00 PM,7/13/2026 6:00:00 PM,ATSI,11431
7/9/2026 12:47:14 PM,7/9/2026 8:47:14 AM,7/13/2026 10:00:00 PM,7/13/2026 6:00:00 PM,7/13/2026 11:00:00 PM,7/13/2026 7:00:00 PM,ATSI,11359
7/9/2026 12:47:14 PM,7/9/2026 8:47:14 AM,7/13/2026 11:00:00 PM,7/13/2026 7:00:00 PM,7/14/2026 12:00:00 AM,7/13/2026 8:00:00 PM,ATSI,11087
7/9/2026 12:47:14 PM,7/9/2026 8:47:14 AM,7/14/2026 12:00:00 AM,7/13/2026 8:00:00 PM,7/14/2026 1:00:00 AM,7/13/2026 9:00:00 PM,ATSI,10672
7/9/2026 12:47:14 PM,7/9/2026 8:47:14 AM,7/14/2026 1:00:00 AM,7/13/2026 9:00:00 PM,7/14/2026 2:00:00 AM,7/13/2026 10:00:00 PM,ATSI,10310
7/9/2026 12:47:14 PM,7/9/2026 8:47:14 AM,7/14/2026 2:00:00 AM,7/13/2026 10:00:00 PM,7/14/2026 3:00:00 AM,7/13/2026 11:00:00 PM,ATSI,9644
7/9/2026 12:47:14 PM,7/9/2026 8:47:14 AM,7/14/2026 3:00:00 AM,7/13/2026 11:00:00 PM,7/14/2026 4:00:00 AM,7/14/2026 12:00:00 AM,ATSI,8923
7/9/2026 12:47:14 PM,7/9/2026 8:47:14 AM,7/14/2026 4:00:00 AM,7/14/2026 12:00:00 AM,7/14/2026 5:00:00 AM,7/14/2026 1:00:00 AM,ATSI,8275
7/9/2026 12:47:14 PM,7/9/2026 8:47:14 AM,7/14/2026 5:00:00 AM,7/14/2026 1:00:00 AM,7/14/2026 6:00:00 AM,7/14/2026 2:00:00 AM,ATSI,7834
7/9/2026 12:47:14 PM,7/9/2026 8:47:14 AM,7/14/2026 6:00:00 AM,7/14/2026 2:00:00 AM,7/14/2026 7:00:00 AM,7/14/2026 3:00:00 AM,ATSI,7513
7/9/2026 12:47:14 PM,7/9/2026 8:47:14 AM,7/14/2026 7:00:00 AM,7/14/2026 3:00:00 AM,7/14/2026 8:00:00 AM,7/14/2026 4:00:00 AM,ATSI,7310
7/9/2026 12:47:14 PM,7/9/2026 8:47:14 AM,7/14/2026 8:00:00 AM,7/14/2026 4:00:00 AM,7/14/2026 9:00:00 AM,7/14/2026 5:00:00 AM,ATSI,7298
7/9/2026 12:47:14 PM,7/9/2026 8:47:14 AM,7/14/2026 9:00:00 AM,7/14/2026 5:00:00 AM,7/14/2026 10:00:00 AM,7/14/2026 6:00:00 AM,ATSI,7457
7/9/2026 12:47:14 PM,7/9/2026 8:47:14 AM,7/14/2026 10:00:00 AM,7/14/2026 6:00:00 AM,7/14/2026 11:00:00 AM,7/14/2026 7:00:00 AM,ATSI,7838
7/9/2026 12:47:14 PM,7/9/2026 8:47:14 AM,7/14/2026 11:00:00 AM,7/14/2026 7:00:00 AM,7/14/2026 12:00:00 PM,7/14/2026 8:00:00 AM,ATSI,8280
7/9/2026 12:47:14 PM,7/9/2026 8:47:14 AM,7/14/2026 12:00:00 PM,7/14/2026 8:00:00 AM,7/14/2026 1:00:00 PM,7/14/2026 9:00:00 AM,ATSI,8755
7/9/2026 12:47:14 PM,7/9/2026 8:47:14 AM,7/14/2026 1:00:00 PM,7/14/2026 9:00:00 AM,7/14/2026 2:00:00 PM,7/14/2026 10:00:00 AM,ATSI,9268
7/9/2026 12:47:14 PM,7/9/2026 8:47:14 AM,7/14/2026 2:00:00 PM,7/14/2026 10:00:00 AM,7/14/2026 3:00:00 PM,7/14/2026 11:00:00 AM,ATSI,9843
7/9/2026 12:47:14 PM,7/9/2026 8:47:14 AM,7/14/2026 3:00:00 PM,7/14/2026 11:00:00 AM,7/14/2026 4:00:00 PM,7/14/2026 12:00:00 PM,ATSI,10345
7/9/2026 12:47:14 PM,7/9/2026 8:47:14 AM,7/14/2026 4:00:00 PM,7/14/2026 12:00:00 PM,7/14/2026 5:00:00 PM,7/14/2026 1:00:00 PM,ATSI,10831
7/9/2026 12:47:14 PM,7/9/2026 8:47:14 AM,7/14/2026 5:00:00 PM,7/14/2026 1:00:00 PM,7/14/2026 6:00:00 PM,7/14/2026 2:00:00 PM,ATSI,11249
7/9/2026 12:47:14 PM,7/9/2026 8:47:14 AM,7/14/2026 6:00:00 PM,7/14/2026 2:00:00 PM,7/14/2026 7:00:00 PM,7/14/2026 3:00:00 PM,ATSI,11473
7/9/2026 12:47:14 PM,7/9/2026 8:47:14 AM,7/14/2026 7:00:00 PM,7/14/2026 3:00:00 PM,7/14/2026 8:00:00 PM,7/14/2026 4:00:00 PM,ATSI,11684
7/9/2026 12:47:14 PM,7/9/2026 8:47:14 AM,7/14/2026 8:00:00 PM,7/14/2026 4:00:00 PM,7/14/2026 9:00:00 PM,7/14/2026 5:00:00 PM,ATSI,11810
7/9/2026 12:47:14 PM,7/9/2026 8:47:14 AM,7/14/2026 9:00:00 PM,7/14/2026 5:00:00 PM,7/14/2026 10:00:00 PM,7/14/2026 6:00:00 PM,ATSI,11845
7/9/2026 12:47:14 PM,7/9/2026 8:47:14 AM,7/14/2026 10:00:00 PM,7/14/2026 6:00:00 PM,7/14/2026 11:00:00 PM,7/14/2026 7:00:00 PM,ATSI,11765
7/9/2026 12:47:14 PM,7/9/2026 8:47:14 AM,7/14/2026 11:00:00 PM,7/14/2026 7:00:00 PM,7/15/2026 12:00:00 AM,7/14/2026 8:00:00 PM,ATSI,11521
7/9/2026 12:47:14 PM,7/9/2026 8:47:14 AM,7/15/2026 12:00:00 AM,7/14/2026 8:00:00 PM,7/15/2026 1:00:00 AM,7/14/2026 9:00:00 PM,ATSI,11161
7/9/2026 12:47:14 PM,7/9/2026 8:47:14 AM,7/15/2026 1:00:00 AM,7/14/2026 9:00:00 PM,7/15/2026 2:00:00 AM,7/14/2026 10:00:00 PM,ATSI,10838
7/9/2026 12:47:14 PM,7/9/2026 8:47:14 AM,7/15/2026 2:00:00 AM,7/14/2026 10:00:00 PM,7/15/2026 3:00:00 AM,7/14/2026 11:00:00 PM,ATSI,10202
7/9/2026 12:47:14 PM,7/9/2026 8:47:14 AM,7/15/2026 3:00:00 AM,7/14/2026 11:00:00 PM,7/15/2026 4:00:00 AM,7/15/2026 12:00:00 AM,ATSI,9497
7/9/2026 12:47:14 PM,7/9/2026 8:47:14 AM,7/15/2026 4:00:00 AM,7/15/2026 12:00:00 AM,7/15/2026 5:00:00 AM,7/15/2026 1:00:00 AM,ATSI,8913
7/9/2026 12:47:14 PM,7/9/2026 8:47:14 AM,7/15/2026 5:00:00 AM,7/15/2026 1:00:00 AM,7/15/2026 6:00:00 AM,7/15/2026 2:00:00 AM,ATSI,8409
7/9/2026 12:47:14 PM,7/9/2026 8:47:14 AM,7/15/2026 6:00:00 AM,7/15/2026 2:00:00 AM,7/15/2026 7:00:00 AM,7/15/2026 3:00:00 AM,ATSI,8015
7/9/2026 12:47:14 PM,7/9/2026 8:47:14 AM,7/15/2026 7:00:00 AM,7/15/2026 3:00:00 AM,7/15/2026 8:00:00 AM,7/15/2026 4:00:00 AM,ATSI,7792
7/9/2026 12:47:14 PM,7/9/2026 8:47:14 AM,7/15/2026 8:00:00 AM,7/15/2026 4:00:00 AM,7/15/2026 9:00:00 AM,7/15/2026 5:00:00 AM,ATSI,7738
7/9/2026 12:47:14 PM,7/9/2026 8:47:14 AM,7/15/2026 9:00:00 AM,7/15/2026 5:00:00 AM,7/15/2026 10:00:00 AM,7/15/2026 6:00:00 AM,ATSI,7909
7/9/2026 12:47:14 PM,7/9/2026 8:47:14 AM,7/15/2026 10:00:00 AM,7/15/2026 6:00:00 AM,7/15/2026 11:00:00 AM,7/15/2026 7:00:00 AM,ATSI,8213
7/9/2026 12:47:14 PM,7/9/2026 8:47:14 AM,7/15/2026 11:00:00 AM,7/15/2026 7:00:00 AM,7/15/2026 12:00:00 PM,7/15/2026 8:00:00 AM,ATSI,8713
7/9/2026 12:47:14 PM,7/9/2026 8:47:14 AM,7/15/2026 12:00:00 PM,7/15/2026 8:00:00 AM,7/15/2026 1:00:00 PM,7/15/2026 9:00:00 AM,ATSI,9331
7/9/2026 12:47:14 PM,7/9/2026 8:47:14 AM,7/15/2026 1:00:00 PM,7/15/2026 9:00:00 AM,7/15/2026 2:00:00 PM,7/15/2026 10:00:00 AM,ATSI,9960
7/9/2026 12:47:14 PM,7/9/2026 8:47:14 AM,7/15/2026 2:00:00 PM,7/15/2026 10:00:00 AM,7/15/2026 3:00:00 PM,7/15/2026 11:00:00 AM,ATSI,10653
7/9/2026 12:47:14 PM,7/9/2026 8:47:14 AM,7/15/2026 3:00:00 PM,7/15/2026 11:00:00 AM,7/15/2026 4:00:00 PM,7/15/2026 12:00:00 PM,ATSI,11255
7/9/2026 12:47:14 PM,7/9/2026 8:47:14 AM,7/15/2026 4:00:00 PM,7/15/2026 12:00:00 PM,7/15/2026 5:00:00 PM,7/15/2026 1:00:00 PM,ATSI,11755
7/9/2026 12:47:14 PM,7/9/2026 8:47:14 AM,7/15/2026 5:00:00 PM,7/15/2026 1:00:00 PM,7/15/2026 6:00:00 PM,7/15/2026 2:00:00 PM,ATSI,12098
7/9/2026 12:47:14 PM,7/9/2026 8:47:14 AM,7/15/2026 6:00:00 PM,7/15/2026 2:00:00 PM,7/15/2026 7:00:00 PM,7/15/2026 3:00:00 PM,ATSI,12268
7/9/2026 12:47:14 PM,7/9/2026 8:47:14 AM,7/15/2026 7:00:00 PM,7/15/2026 3:00:00 PM,7/15/2026 8:00:00 PM,7/15/2026 4:00:00 PM,ATSI,12387
7/9/2026 12:47:14 PM,7/9/2026 8:47:14 AM,7/15/2026 8:00:00 PM,7/15/2026 4:00:00 PM,7/15/2026 9:00:00 PM,7/15/2026 5:00:00 PM,ATSI,12454
7/9/2026 12:47:14 PM,7/9/2026 8:47:14 AM,7/15/2026 9:00:00 PM,7/15/2026 5:00:00 PM,7/15/2026 10:00:00 PM,7/15/2026 6:00:00 PM,ATSI,12467
7/9/2026 12:47:14 PM,7/9/2026 8:47:14 AM,7/15/2026 10:00:00 PM,7/15/2026 6:00:00 PM,7/15/2026 11:00:00 PM,7/15/2026 7:00:00 PM,ATSI,12424
7/9/2026 12:47:14 PM,7/9/2026 8:47:14 AM,7/15/2026 11:00:00 PM,7/15/2026 7:00:00 PM,7/16/2026 12:00:00 AM,7/15/2026 8:00:00 PM,ATSI,12111
7/9/2026 12:47:14 PM,7/9/2026 8:47:14 AM,7/16/2026 12:00:00 AM,7/15/2026 8:00:00 PM,7/16/2026 1:00:00 AM,7/15/2026 9:00:00 PM,ATSI,11685
7/9/2026 12:47:14 PM,7/9/2026 8:47:14 AM,7/16/2026 1:00:00 AM,7/15/2026 9:00:00 PM,7/16/2026 2:00:00 AM,7/15/2026 10:00:00 PM,ATSI,11348
7/9/2026 12:47:14 PM,7/9/2026 8:47:14 AM,7/16/2026 2:00:00 AM,7/15/2026 10:00:00 PM,7/16/2026 3:00:00 AM,7/15/2026 11:00:00 PM,ATSI,10639
7/9/2026 12:47:14 PM,7/9/2026 8:47:14 AM,7/16/2026 3:00:00 AM,7/15/2026 11:00:00 PM,7/16/2026 4:00:00 AM,7/16/2026 12:00:00 AM,ATSI,9901
7/9/2026 12:47:14 PM,7/9/2026 8:47:14 AM,7/9/2026 4:00:00 AM,7/9/2026 12:00:00 AM,7/9/2026 5:00:00 AM,7/9/2026 1:00:00 AM,BG&E/MIDATL,3610
7/9/2026 12:47:14 PM,7/9/2026 8:47:14 AM,7/9/2026 5:00:00 AM,7/9/2026 1:00:00 AM,7/9/2026 6:00:00 AM,7/9/2026 2:00:00 AM,BG&E/MIDATL,3399
7/9/2026 12:47:14 PM,7/9/2026 8:47:14 AM,7/9/2026 6:00:00 AM,7/9/2026 2:00:00 AM,7/9/2026 7:00:00 AM,7/9/2026 3:00:00 AM,BG&E/MIDATL,3262
7/9/2026 12:47:14 PM,7/9/2026 8:47:14 AM,7/9/2026 7:00:00 AM,7/9/2026 3:00:00 AM,7/9/2026 8:00:00 AM,7/9/2026 4:00:00 AM,BG&E/MIDATL,3209
7/9/2026 12:47:14 PM,7/9/2026 8:47:14 AM,7/9/2026 8:00:00 AM,7/9/2026 4:00:00 AM,7/9/2026 9:00:00 AM,7/9/2026 5:00:00 AM,BG&E/MIDATL,3245
7/9/2026 12:47:14 PM,7/9/2026 8:47:14 AM,7/9/2026 9:00:00 AM,7/9/2026 5:00:00 AM,7/9/2026 10:00:00 AM,7/9/2026 6:00:00 AM,BG&E/MIDATL,3383
7/9/2026 12:47:14 PM,7/9/2026 8:47:14 AM,7/9/2026 10:00:00 AM,7/9/2026 6:00:00 AM,7/9/2026 11:00:00 AM,7/9/2026 7:00:00 AM,BG&E/MIDATL,3575
7/9/2026 12:47:14 PM,7/9/2026 8:47:14 AM,7/9/2026 11:00:00 AM,7/9/2026 7:00:00 AM,7/9/2026 12:00:00 PM,7/9/2026 8:00:00 AM,BG&E/MIDATL,3792
7/9/2026 12:47:14 PM,7/9/2026 8:47:14 AM,7/9/2026 12:00:00 PM,7/9/2026 8:00:00 AM,7/9/2026 1:00:00 PM,7/9/2026 9:00:00 AM,BG&E/MIDATL,3766
7/9/2026 12:47:14 PM,7/9/2026 8:47:14 AM,7/9/2026 1:00:00 PM,7/9/2026 9:00:00 AM,7/9/2026 2:00:00 PM,7/9/2026 10:00:00 AM,BG&E/MIDATL,3890
7/9/2026 12:47:14 PM,7/9/2026 8:47:14 AM,7/9/2026 2:00:00 PM,7/9/2026 10:00:00 AM,7/9/2026 3:00:00 PM,7/9/2026 11:00:00 AM,BG&E/MIDATL,4050
7/9/2026 12:47:14 PM,7/9/2026 8:47:14 AM,7/9/2026 3:00:00 PM,7/9/2026 11:00:00 AM,7/9/2026 4:00:00 PM,7/9/2026 12:00:00 PM,BG&E/MIDATL,4208
7/9/2026 12:47:14 PM,7/9/2026 8:47:14 AM,7/9/2026 4:00:00 PM,7/9/2026 12:00:00 PM,7/9/2026 5:00:00 PM,7/9/2026 1:00:00 PM,BG&E/MIDATL,4352
7/9/2026 12:47:14 PM,7/9/2026 8:47:14 AM,7/9/2026 5:00:00 PM,7/9/2026 1:00:00 PM,7/9/2026 6:00:00 PM,7/9/2026 2:00:00 PM,BG&E/MIDATL,4463
7/9/2026 12:47:14 PM,7/9/2026 8:47:14 AM,7/9/2026 6:00:00 PM,7/9/2026 2:00:00 PM,7/9/2026 7:00:00 PM,7/9/2026 3:00:00 PM,BG&E/MIDATL,4565
7/9/2026 12:47:14 PM,7/9/2026 8:47:14 AM,7/9/2026 7:00:00 PM,7/9/2026 3:00:00 PM,7/9/2026 8:00:00 PM,7/9/2026 4:00:00 PM,BG&E/MIDATL,4699
7/9/2026 12:47:14 PM,7/9/2026 8:47:14 AM,7/9/2026 8:00:00 PM,7/9/2026 4:00:00 PM,7/9/2026 9:00:00 PM,7/9/2026 5:00:00 PM,BG&E/MIDATL,4850
7/9/2026 12:47:14 PM,7/9/2026 8:47:14 AM,7/9/2026 9:00:00 PM,7/9/2026 5:00:00 PM,7/9/2026 10:00:00 PM,7/9/2026 6:00:00 PM,BG&E/MIDATL,4953
7/9/2026 12:47:14 PM,7/9/2026 8:47:14 AM,7/9/2026 10:00:00 PM,7/9/2026 6:00:00 PM,7/9/2026 11:00:00 PM,7/9/2026 7:00:00 PM,BG&E/MIDATL,4923
7/9/2026 12:47:14 PM,7/9/2026 8:47:14 AM,7/9/2026 11:00:00 PM,7/9/2026 7:00:00 PM,7/10/2026 12:00:00 AM,7/9/2026 8:00:00 PM,BG&E/MIDATL,4832
7/9/2026 12:47:14 PM,7/9/2026 8:47:14 AM,7/10/2026 12:00:00 AM,7/9/2026 8:00:00 PM,7/10/2026 1:00:00 AM,7/9/2026 9:00:00 PM,BG&E/MIDATL,4694
7/9/2026 12:47:14 PM,7/9/2026 8:47:14 AM,7/10/2026 1:00:00 AM,7/9/2026 9:00:00 PM,7/10/2026 2:00:00 AM,7/9/2026 10:00:00 PM,BG&E/MIDATL,4533
7/9/2026 12:47:14 PM,7/9/2026 8:47:14 AM,7/10/2026 2:00:00 AM,7/9/2026 10:00:00 PM,7/10/2026 3:00:00 AM,7/9/2026 11:00:00 PM,BG&E/MIDATL,4225
7/9/2026 12:47:14 PM,7/9/2026 8:47:14 AM,7/10/2026 3:00:00 AM,7/9/2026 11:00:00 PM,7/10/2026 4:00:00 AM,7/10/2026 12:00:00 AM,BG&E/MIDATL,3879
7/9/2026 12:47:14 PM,7/9/2026 8:47:14 AM,7/10/2026 4:00:00 AM,7/10/2026 12:00:00 AM,7/10/2026 5:00:00 AM,7/10/2026 1:00:00 AM,BG&E/MIDATL,3630
7/9/2026 12:47:14 PM,7/9/2026 8:47:14 AM,7/10/2026 5:00:00 AM,7/10/2026 1:00:00 AM,7/10/2026 6:00:00 AM,7/10/2026 2:00:00 AM,BG&E/MIDATL,3411
7/9/2026 12:47:14 PM,7/9/2026 8:47:14 AM,7/10/2026 6:00:00 AM,7/10/2026 2:00:00 AM,7/10/2026 7:00:00 AM,7/10/2026 3:00:00 AM,BG&E/MIDATL,3257
7/9/2026 12:47:14 PM,7/9/2026 8:47:14 AM,7/10/2026 7:00:00 AM,7/10/2026 3:00:00 AM,7/10/2026 8:00:00 AM,7/10/2026 4:00:00 AM,BG&E/MIDATL,3169
7/9/2026 12:47:14 PM,7/9/2026 8:47:14 AM,7/10/2026 8:00:00 AM,7/10/2026 4:00:00 AM,7/10/2026 9:00:00 AM,7/10/2026 5:00:00 AM,BG&E/MIDATL,3160
7/9/2026 12:47:14 PM,7/9/2026 8:47:14 AM,7/10/2026 9:00:00 AM,7/10/2026 5:00:00 AM,7/10/2026 10:00:00 AM,7/10/2026 6:00:00 AM,BG&E/MIDATL,3238
7/9/2026 12:47:14 PM,7/9/2026 8:47:14 AM,7/10/2026 10:00:00 AM,7/10/2026 6:00:00 AM,7/10/2026 11:00:00 AM,7/10/2026 7:00:00 AM,BG&E/MIDATL,3397
7/9/2026 12:47:14 PM,7/9/2026 8:47:14 AM,7/10/2026 11:00:00 AM,7/10/2026 7:00:00 AM,7/10/2026 12:00:00 PM,7/10/2026 8:00:00 AM,BG&E/MIDATL,3610
7/9/2026 12:47:14 PM,7/9/2026 8:47:14 AM,7/10/2026 12:00:00 PM,7/10/2026 8:00:00 AM,7/10/2026 1:00:00 PM,7/10/2026 9:00:00 AM,BG&E/MIDATL,3805
7/9/2026 12:47:14 PM,7/9/2026 8:47:14 AM,7/10/2026 1:00:00 PM,7/10/2026 9:00:00 AM,7/10/2026 2:00:00 PM,7/10/2026 10:00:00 AM,BG&E/MIDATL,3999
7/9/2026 12:47:14 PM,7/9/2026 8:47:14 AM,7/10/2026 2:00:00 PM,7/10/2026 10:00:00 AM,7/10/2026 3:00:00 PM,7/10/2026 11:00:00 AM,BG&E/MIDATL,4215
7/9/2026 12:47:14 PM,7/9/2026 8:47:14 AM,7/10/2026 3:00:00 PM,7/10/2026 11:00:00 AM,7/10/2026 4:00:00 PM,7/10/2026 12:00:00 PM,BG&E/MIDATL,4444
7/9/2026 12:47:14 PM,7/9/2026 8:47:14 AM,7/10/2026 4:00:00 PM,7/10/2026 12:00:00 PM,7/10/2026 5:00:00 PM,7/10/2026 1:00:00 PM,BG&E/MIDATL,4662
7/9/2026 12:47:14 PM,7/9/2026 8:47:14 AM,7/10/2026 5:00:00 PM,7/10/2026 1:00:00 PM,7/10/2026 6:00:00 PM,7/10/2026 2:00:00 PM,BG&E/MIDATL,4858
7/9/2026 12:47:14 PM,7/9/2026 8:47:14 AM,7/10/2026 6:00:00 PM,7/10/2026 2:00:00 PM,7/10/2026 7:00:00 PM,7/10/2026 3:00:00 PM,BG&E/MIDATL,5013
7/9/2026 12:47:14 PM,7/9/2026 8:47:14 AM,7/10/2026 7:00:00 PM,7/10/2026 3:00:00 PM,7/10/2026 8:00:00 PM,7/10/2026 4:00:00 PM,BG&E/MIDATL,5162
7/9/2026 12:47:14 PM,7/9/2026 8:47:14 AM,7/10/2026 8:00:00 PM,7/10/2026 4:00:00 PM,7/10/2026 9:00:00 PM,7/10/2026 5:00:00 PM,BG&E/MIDATL,5282
7/9/2026 12:47:14 PM,7/9/2026 8:47:14 AM,7/10/2026 9:00:00 PM,7/10/2026 5:00:00 PM,7/10/2026 10:00:00 PM,7/10/2026 6:00:00 PM,BG&E/MIDATL,5316
7/9/2026 12:47:14 PM,7/9/2026 8:47:14 AM,7/10/2026 10:00:00 PM,7/10/2026 6:00:00 PM,7/10/2026 11:00:00 PM,7/10/2026 7:00:00 PM,BG&E/MIDATL,5228
7/9/2026 12:47:14 PM,7/9/2026 8:47:14 AM,7/10/2026 11:00:00 PM,7/10/2026 7:00:00 PM,7/11/2026 12:00:00 AM,7/10/2026 8:00:00 PM,BG&E/MIDATL,5065
7/9/2026 12:47:14 PM,7/9/2026 8:47:14 AM,7/11/2026 12:00:00 AM,7/10/2026 8:00:00 PM,7/11/2026 1:00:00 AM,7/10/2026 9:00:00 PM,BG&E/MIDATL,4849
7/9/2026 12:47:14 PM,7/9/2026 8:47:14 AM,7/11/2026 1:00:00 AM,7/10/2026 9:00:00 PM,7/11/2026 2:00:00 AM,7/10/2026 10:00:00 PM,BG&E/MIDATL,4668
7/9/2026 12:47:14 PM,7/9/2026 8:47:14 AM,7/11/2026 2:00:00 AM,7/10/2026 10:00:00 PM,7/11/2026 3:00:00 AM,7/10/2026 11:00:00 PM,BG&E/MIDATL,4377
7/9/2026 12:47:14 PM,7/9/2026 8:47:14 AM,7/11/2026 3:00:00 AM,7/10/2026 11:00:00 PM,7/11/2026 4:00:00 AM,7/11/2026 12:00:00 AM,BG&E/MIDATL,4062
7/9/2026 12:47:14 PM,7/9/2026 8:47:14 AM,7/11/2026 4:00:00 AM,7/11/2026 12:00:00 AM,7/11/2026 5:00:00 AM,7/11/2026 1:00:00 AM,BG&E/MIDATL,3734
7/9/2026 12:47:14 PM,7/9/2026 8:47:14 AM,7/11/2026 5:00:00 AM,7/11/2026 1:00:00 AM,7/11/2026 6:00:00 AM,7/11/2026 2:00:00 AM,BG&E/MIDATL,3505
7/9/2026 12:47:14 PM,7/9/2026 8:47:14 AM,7/11/2026 6:00:00 AM,7/11/2026 2:00:00 AM,7/11/2026 7:00:00 AM,7/11/2026 3:00:00 AM,BG&E/MIDATL,3331
7/9/2026 12:47:14 PM,7/9/2026 8:47:14 AM,7/11/2026 7:00:00 AM,7/11/2026 3:00:00 AM,7/11/2026 8:00:00 AM,7/11/2026 4:00:00 AM,BG&E/MIDATL,3214
7/9/2026 12:47:14 PM,7/9/2026 8:47:14 AM,7/11/2026 8:00:00 AM,7/11/2026 4:00:00 AM,7/11/2026 9:00:00 AM,7/11/2026 5:00:00 AM,BG&E/MIDATL,3148
7/9/2026 12:47:14 PM,7/9/2026 8:47:14 AM,7/11/2026 9:00:00 AM,7/11/2026 5:00:00 AM,7/11/2026 10:00:00 AM,7/11/2026 6:00:00 AM,BG&E/MIDATL,3134
7/9/2026 12:47:14 PM,7/9/2026 8:47:14 AM,7/11/2026 10:00:00 AM,7/11/2026 6:00:00 AM,7/11/2026 11:00:00 AM,7/11/2026 7:00:00 AM,BG&E/MIDATL,3153
7/9/2026 12:47:14 PM,7/9/2026 8:47:14 AM,7/11/2026 11:00:00 AM,7/11/2026 7:00:00 AM,7/11/2026 12:00:00 PM,7/11/2026 8:00:00 AM,BG&E/MIDATL,3281
7/9/2026 12:47:14 PM,7/9/2026 8:47:14 AM,7/11/2026 12:00:00 PM,7/11/2026 8:00:00 AM,7/11/2026 1:00:00 PM,7/11/2026 9:00:00 AM,BG&E/MIDATL,3493
7/9/2026 12:47:14 PM,7/9/2026 8:47:14 AM,7/11/2026 1:00:00 PM,7/11/2026 9:00:00 AM,7/11/2026 2:00:00 PM,7/11/2026 10:00:00 AM,BG&E/MIDATL,3715
7/9/2026 12:47:14 PM,7/9/2026 8:47:14 AM,7/11/2026 2:00:00 PM,7/11/2026 10:00:00 AM,7/11/2026 3:00:00 PM,7/11/2026 11:00:00 AM,BG&E/MIDATL,3931
7/9/2026 12:47:14 PM,7/9/2026 8:47:14 AM,7/11/2026 3:00:00 PM,7/11/2026 11:00:00 AM,7/11/2026 4:00:00 PM,7/11/2026 12:00:00 PM,BG&E/MIDATL,4125
7/9/2026 12:47:14 PM,7/9/2026 8:47:14 AM,7/11/2026 4:00:00 PM,7/11/2026 12:00:00 PM,7/11/2026 5:00:00 PM,7/11/2026 1:00:00 PM,BG&E/MIDATL,4272
7/9/2026 12:47:14 PM,7/9/2026 8:47:14 AM,7/11/2026 5:00:00 PM,7/11/2026 1:00:00 PM,7/11/2026 6:00:00 PM,7/11/2026 2:00:00 PM,BG&E/MIDATL,4367
7/9/2026 12:47:14 PM,7/9/2026 8:47:14 AM,7/11/2026 6:00:00 PM,7/11/2026 2:00:00 PM,7/11/2026 7:00:00 PM,7/11/2026 3:00:00 PM,BG&E/MIDATL,4408
7/9/2026 12:47:14 PM,7/9/2026 8:47:14 AM,7/11/2026 7:00:00 PM,7/11/2026 3:00:00 PM,7/11/2026 8:00:00 PM,7/11/2026 4:00:00 PM,BG&E/MIDATL,4431
7/9/2026 12:47:14 PM,7/9/2026 8:47:14 AM,7/11/2026 8:00:00 PM,7/11/2026 4:00:00 PM,7/11/2026 9:00:00 PM,7/11/2026 5:00:00 PM,BG&E/MIDATL,4469
7/9/2026 12:47:14 PM,7/9/2026 8:47:14 AM,7/11/2026 9:00:00 PM,7/11/2026 5:00:00 PM,7/11/2026 10:00:00 PM,7/11/2026 6:00:00 PM,BG&E/MIDATL,4494
7/9/2026 12:47:14 PM,7/9/2026 8:47:14 AM,7/11/2026 10:00:00 PM,7/11/2026 6:00:00 PM,7/11/2026 11:00:00 PM,7/11/2026 7:00:00 PM,BG&E/MIDATL,4466
7/9/2026 12:47:14 PM,7/9/2026 8:47:14 AM,7/11/2026 11:00:00 PM,7/11/2026 7:00:00 PM,7/12/2026 12:00:00 AM,7/11/2026 8:00:00 PM,BG&E/MIDATL,4391
7/9/2026 12:47:14 PM,7/9/2026 8:47:14 AM,7/12/2026 12:00:00 AM,7/11/2026 8:00:00 PM,7/12/2026 1:00:00 AM,7/11/2026 9:00:00 PM,BG&E/MIDATL,4265
7/9/2026 12:47:14 PM,7/9/2026 8:47:14 AM,7/12/2026 1:00:00 AM,7/11/2026 9:00:00 PM,7/12/2026 2:00:00 AM,7/11/2026 10:00:00 PM,BG&E/MIDATL,4142
7/9/2026 12:47:14 PM,7/9/2026 8:47:14 AM,7/12/2026 2:00:00 AM,7/11/2026 10:00:00 PM,7/12/2026 3:00:00 AM,7/11/2026 11:00:00 PM,BG&E/MIDATL,3912
7/9/2026 12:47:14 PM,7/9/2026 8:47:14 AM,7/12/2026 3:00:00 AM,7/11/2026 11:00:00 PM,7/12/2026 4:00:00 AM,7/12/2026 12:00:00 AM,BG&E/MIDATL,3649
7/9/2026 12:47:14 PM,7/9/2026 8:47:14 AM,7/12/2026 4:00:00 AM,7/12/2026 12:00:00 AM,7/12/2026 5:00:00 AM,7/12/2026 1:00:00 AM,BG&E/MIDATL,3399
7/9/2026 12:47:14 PM,7/9/2026 8:47:14 AM,7/12/2026 5:00:00 AM,7/12/2026 1:00:00 AM,7/12/2026 6:00:00 AM,7/12/2026 2:00:00 AM,BG&E/MIDATL,3192
7/9/2026 12:47:14 PM,7/9/2026 8:47:14 AM,7/12/2026 6:00:00 AM,7/12/2026 2:00:00 AM,7/12/2026 7:00:00 AM,7/12/2026 3:00:00 AM,BG&E/MIDATL,3038
7/9/2026 12:47:14 PM,7/9/2026 8:47:14 AM,7/12/2026 7:00:00 AM,7/12/2026 3:00:00 AM,7/12/2026 8:00:00 AM,7/12/2026 4:00:00 AM,BG&E/MIDATL,2935
7/9/2026 12:47:14 PM,7/9/2026 8:47:14 AM,7/12/2026 8:00:00 AM,7/12/2026 4:00:00 AM,7/12/2026 9:00:00 AM,7/12/2026 5:00:00 AM,BG&E/MIDATL,2874
7/9/2026 12:47:14 PM,7/9/2026 8:47:14 AM,7/12/2026 9:00:00 AM,7/12/2026 5:00:00 AM,7/12/2026 10:00:00 AM,7/12/2026 6:00:00 AM,BG&E/MIDATL,2857
7/9/2026 12:47:14 PM,7/9/2026 8:47:14 AM,7/12/2026 10:00:00 AM,7/12/2026 6:00:00 AM,7/12/2026 11:00:00 AM,7/12/2026 7:00:00 AM,BG&E/MIDATL,2871
7/9/2026 12:47:14 PM,7/9/2026 8:47:14 AM,7/12/2026 11:00:00 AM,7/12/2026 7:00:00 AM,7/12/2026 12:00:00 PM,7/12/2026 8:00:00 AM,BG&E/MIDATL,2966
7/9/2026 12:47:14 PM,7/9/2026 8:47:14 AM,7/12/2026 12:00:00 PM,7/12/2026 8:00:00 AM,7/12/2026 1:00:00 PM,7/12/2026 9:00:00 AM,BG&E/MIDATL,3156
7/9/2026 12:47:14 PM,7/9/2026 8:47:14 AM,7/12/2026 1:00:00 PM,7/12/2026 9:00:00 AM,7/12/2026 2:00:00 PM,7/12/2026 10:00:00 AM,BG&E/MIDATL,3374
7/9/2026 12:47:14 PM,7/9/2026 8:47:14 AM,7/12/2026 2:00:00 PM,7/12/2026 10:00:00 AM,7/12/2026 3:00:00 PM,7/12/2026 11:00:00 AM,BG&E/MIDATL,3595
7/9/2026 12:47:14 PM,7/9/2026 8:47:14 AM,7/12/2026 3:00:00 PM,7/12/2026 11:00:00 AM,7/12/2026 4:00:00 PM,7/12/2026 12:00:00 PM,BG&E/MIDATL,3801
7/9/2026 12:47:14 PM,7/9/2026 8:47:14 AM,7/12/2026 4:00:00 PM,7/12/2026 12:00:00 PM,7/12/2026 5:00:00 PM,7/12/2026 1:00:00 PM,BG&E/MIDATL,3980
7/9/2026 12:47:14 PM,7/9/2026 8:47:14 AM,7/12/2026 5:00:00 PM,7/12/2026 1:00:00 PM,7/12/2026 6:00:00 PM,7/12/2026 2:00:00 PM,BG&E/MIDATL,4128
7/9/2026 12:47:14 PM,7/9/2026 8:47:14 AM,7/12/2026 6:00:00 PM,7/12/2026 2:00:00 PM,7/12/2026 7:00:00 PM,7/12/2026 3:00:00 PM,BG&E/MIDATL,4266
7/9/2026 12:47:14 PM,7/9/2026 8:47:14 AM,7/12/2026 7:00:00 PM,7/12/2026 3:00:00 PM,7/12/2026 8:00:00 PM,7/12/2026 4:00:00 PM,BG&E/MIDATL,4417
7/9/2026 12:47:14 PM,7/9/2026 8:47:14 AM,7/12/2026 8:00:00 PM,7/12/2026 4:00:00 PM,7/12/2026 9:00:00 PM,7/12/2026 5:00:00 PM,BG&E/MIDATL,4588
7/9/2026 12:47:14 PM,7/9/2026 8:47:14 AM,7/12/2026 9:00:00 PM,7/12/2026 5:00:00 PM,7/12/2026 10:00:00 PM,7/12/2026 6:00:00 PM,BG&E/MIDATL,4704
7/9/2026 12:47:14 PM,7/9/2026 8:47:14 AM,7/12/2026 10:00:00 PM,7/12/2026 6:00:00 PM,7/12/2026 11:00:00 PM,7/12/2026 7:00:00 PM,BG&E/MIDATL,4698
7/9/2026 12:47:14 PM,7/9/2026 8:47:14 AM,7/12/2026 11:00:00 PM,7/12/2026 7:00:00 PM,7/13/2026 12:00:00 AM,7/12/2026 8:00:00 PM,BG&E/MIDATL,4599
7/9/2026 12:47:14 PM,7/9/2026 8:47:14 AM,7/13/2026 12:00:00 AM,7/12/2026 8:00:00 PM,7/13/2026 1:00:00 AM,7/12/2026 9:00:00 PM,BG&E/MIDATL,4439
7/9/2026 12:47:14 PM,7/9/2026 8:47:14 AM,7/13/2026 1:00:00 AM,7/12/2026 9:00:00 PM,7/13/2026 2:00:00 AM,7/12/2026 10:00:00 PM,BG&E/MIDATL,4254
7/9/2026 12:47:14 PM,7/9/2026 8:47:14 AM,7/13/2026 2:00:00 AM,7/12/2026 10:00:00 PM,7/13/2026 3:00:00 AM,7/12/2026 11:00:00 PM,BG&E/MIDATL,3955
7/9/2026 12:47:14 PM,7/9/2026 8:47:14 AM,7/13/2026 3:00:00 AM,7/12/2026 11:00:00 PM,7/13/2026 4:00:00 AM,7/13/2026 12:00:00 AM,BG&E/MIDATL,3630
7/9/2026 12:47:14 PM,7/9/2026 8:47:14 AM,7/13/2026 4:00:00 AM,7/13/2026 12:00:00 AM,7/13/2026 5:00:00 AM,7/13/2026 1:00:00 AM,BG&E/MIDATL,3267
7/9/2026 12:47:14 PM,7/9/2026 8:47:14 AM,7/13/2026 5:00:00 AM,7/13/2026 1:00:00 AM,7/13/2026 6:00:00 AM,7/13/2026 2:00:00 AM,BG&E/MIDATL,3064
7/9/2026 12:47:14 PM,7/9/2026 8:47:14 AM,7/13/2026 6:00:00 AM,7/13/2026 2:00:00 AM,7/13/2026 7:00:00 AM,7/13/2026 3:00:00 AM,BG&E/MIDATL,2931
7/9/2026 12:47:14 PM,7/9/2026 8:47:14 AM,7/13/2026 7:00:00 AM,7/13/2026 3:00:00 AM,7/13/2026 8:00:00 AM,7/13/2026 4:00:00 AM,BG&E/MIDATL,2857
7/9/2026 12:47:14 PM,7/9/2026 8:47:14 AM,7/13/2026 8:00:00 AM,7/13/2026 4:00:00 AM,7/13/2026 9:00:00 AM,7/13/2026 5:00:00 AM,BG&E/MIDATL,2864
7/9/2026 12:47:14 PM,7/9/2026 8:47:14 AM,7/13/2026 9:00:00 AM,7/13/2026 5:00:00 AM,7/13/2026 10:00:00 AM,7/13/2026 6:00:00 AM,BG&E/MIDATL,2964
7/9/2026 12:47:14 PM,7/9/2026 8:47:14 AM,7/13/2026 10:00:00 AM,7/13/2026 6:00:00 AM,7/13/2026 11:00:00 AM,7/13/2026 7:00:00 AM,BG&E/MIDATL,3129
7/9/2026 12:47:14 PM,7/9/2026 8:47:14 AM,7/13/2026 11:00:00 AM,7/13/2026 7:00:00 AM,7/13/2026 12:00:00 PM,7/13/2026 8:00:00 AM,BG&E/MIDATL,3312
7/9/2026 12:47:14 PM,7/9/2026 8:47:14 AM,7/13/2026 12:00:00 PM,7/13/2026 8:00:00 AM,7/13/2026 1:00:00 PM,7/13/2026 9:00:00 AM,BG&E/MIDATL,3442
7/9/2026 12:47:14 PM,7/9/2026 8:47:14 AM,7/13/2026 1:00:00 PM,7/13/2026 9:00:00 AM,7/13/2026 2:00:00 PM,7/13/2026 10:00:00 AM,BG&E/MIDATL,3572
7/9/2026 12:47:14 PM,7/9/2026 8:47:14 AM,7/13/2026 2:00:00 PM,7/13/2026 10:00:00 AM,7/13/2026 3:00:00 PM,7/13/2026 11:00:00 AM,BG&E/MIDATL,3721
7/9/2026 12:47:14 PM,7/9/2026 8:47:14 AM,7/13/2026 3:00:00 PM,7/13/2026 11:00:00 AM,7/13/2026 4:00:00 PM,7/13/2026 12:00:00 PM,BG&E/MIDATL,3879
7/9/2026 12:47:14 PM,7/9/2026 8:47:14 AM,7/13/2026 4:00:00 PM,7/13/2026 12:00:00 PM,7/13/2026 5:00:00 PM,7/13/2026 1:00:00 PM,BG&E/MIDATL,4034
7/9/2026 12:47:14 PM,7/9/2026 8:47:14 AM,7/13/2026 5:00:00 PM,7/13/2026 1:00:00 PM,7/13/2026 6:00:00 PM,7/13/2026 2:00:00 PM,BG&E/MIDATL,4181
7/9/2026 12:47:14 PM,7/9/2026 8:47:14 AM,7/13/2026 6:00:00 PM,7/13/2026 2:00:00 PM,7/13/2026 7:00:00 PM,7/13/2026 3:00:00 PM,BG&E/MIDATL,4332
7/9/2026 12:47:14 PM,7/9/2026 8:47:14 AM,7/13/2026 7:00:00 PM,7/13/2026 3:00:00 PM,7/13/2026 8:00:00 PM,7/13/2026 4:00:00 PM,BG&E/MIDATL,4493
7/9/2026 12:47:14 PM,7/9/2026 8:47:14 AM,7/13/2026 8:00:00 PM,7/13/2026 4:00:00 PM,7/13/2026 9:00:00 PM,7/13/2026 5:00:00 PM,BG&E/MIDATL,4652
7/9/2026 12:47:14 PM,7/9/2026 8:47:14 AM,7/13/2026 9:00:00 PM,7/13/2026 5:00:00 PM,7/13/2026 10:00:00 PM,7/13/2026 6:00:00 PM,BG&E/MIDATL,4771
7/9/2026 12:47:14 PM,7/9/2026 8:47:14 AM,7/13/2026 10:00:00 PM,7/13/2026 6:00:00 PM,7/13/2026 11:00:00 PM,7/13/2026 7:00:00 PM,BG&E/MIDATL,4742
7/9/2026 12:47:14 PM,7/9/2026 8:47:14 AM,7/13/2026 11:00:00 PM,7/13/2026 7:00:00 PM,7/14/2026 12:00:00 AM,7/13/2026 8:00:00 PM,BG&E/MIDATL,4618
7/9/2026 12:47:14 PM,7/9/2026 8:47:14 AM,7/14/2026 12:00:00 AM,7/13/2026 8:00:00 PM,7/14/2026 1:00:00 AM,7/13/2026 9:00:00 PM,BG&E/MIDATL,4423
7/9/2026 12:47:14 PM,7/9/2026 8:47:14 AM,7/14/2026 1:00:00 AM,7/13/2026 9:00:00 PM,7/14/2026 2:00:00 AM,7/13/2026 10:00:00 PM,BG&E/MIDATL,4218
7/9/2026 12:47:14 PM,7/9/2026 8:47:14 AM,7/14/2026 2:00:00 AM,7/13/2026 10:00:00 PM,7/14/2026 3:00:00 AM,7/13/2026 11:00:00 PM,BG&E/MIDATL,3877
7/9/2026 12:47:14 PM,7/9/2026 8:47:14 AM,7/14/2026 3:00:00 AM,7/13/2026 11:00:00 PM,7/14/2026 4:00:00 AM,7/14/2026 12:00:00 AM,BG&E/MIDATL,3530
7/9/2026 12:47:14 PM,7/9/2026 8:47:14 AM,7/14/2026 4:00:00 AM,7/14/2026 12:00:00 AM,7/14/2026 5:00:00 AM,7/14/2026 1:00:00 AM,BG&E/MIDATL,3274
7/9/2026 12:47:14 PM,7/9/2026 8:47:14 AM,7/14/2026 5:00:00 AM,7/14/2026 1:00:00 AM,7/14/2026 6:00:00 AM,7/14/2026 2:00:00 AM,BG&E/MIDATL,3064
7/9/2026 12:47:14 PM,7/9/2026 8:47:14 AM,7/14/2026 6:00:00 AM,7/14/2026 2:00:00 AM,7/14/2026 7:00:00 AM,7/14/2026 3:00:00 AM,BG&E/MIDATL,2922
7/9/2026 12:47:14 PM,7/9/2026 8:47:14 AM,7/14/2026 7:00:00 AM,7/14/2026 3:00:00 AM,7/14/2026 8:00:00 AM,7/14/2026 4:00:00 AM,BG&E/MIDATL,2846
7/9/2026 12:47:14 PM,7/9/2026 8:47:14 AM,7/14/2026 8:00:00 AM,7/14/2026 4:00:00 AM,7/14/2026 9:00:00 AM,7/14/2026 5:00:00 AM,BG&E/MIDATL,2841
7/9/2026 12:47:14 PM,7/9/2026 8:47:14 AM,7/14/2026 9:00:00 AM,7/14/2026 5:00:00 AM,7/14/2026 10:00:00 AM,7/14/2026 6:00:00 AM,BG&E/MIDATL,2931
7/9/2026 12:47:14 PM,7/9/2026 8:47:14 AM,7/14/2026 10:00:00 AM,7/14/2026 6:00:00 AM,7/14/2026 11:00:00 AM,7/14/2026 7:00:00 AM,BG&E/MIDATL,3097
7/9/2026 12:47:14 PM,7/9/2026 8:47:14 AM,7/14/2026 11:00:00 AM,7/14/2026 7:00:00 AM,7/14/2026 12:00:00 PM,7/14/2026 8:00:00 AM,BG&E/MIDATL,3304
7/9/2026 12:47:14 PM,7/9/2026 8:47:14 AM,7/14/2026 12:00:00 PM,7/14/2026 8:00:00 AM,7/14/2026 1:00:00 PM,7/14/2026 9:00:00 AM,BG&E/MIDATL,3476
7/9/2026 12:47:14 PM,7/9/2026 8:47:14 AM,7/14/2026 1:00:00 PM,7/14/2026 9:00:00 AM,7/14/2026 2:00:00 PM,7/14/2026 10:00:00 AM,BG&E/MIDATL,3647
7/9/2026 12:47:14 PM,7/9/2026 8:47:14 AM,7/14/2026 2:00:00 PM,7/14/2026 10:00:00 AM,7/14/2026 3:00:00 PM,7/14/2026 11:00:00 AM,BG&E/MIDATL,3841
7/9/2026 12:47:14 PM,7/9/2026 8:47:14 AM,7/14/2026 3:00:00 PM,7/14/2026 11:00:00 AM,7/14/2026 4:00:00 PM,7/14/2026 12:00:00 PM,BG&E/MIDATL,4054
7/9/2026 12:47:14 PM,7/9/2026 8:47:14 AM,7/14/2026 4:00:00 PM,7/14/2026 12:00:00 PM,7/14/2026 5:00:00 PM,7/14/2026 1:00:00 PM,BG&E/MIDATL,4271
7/9/2026 12:47:14 PM,7/9/2026 8:47:14 AM,7/14/2026 5:00:00 PM,7/14/2026 1:00:00 PM,7/14/2026 6:00:00 PM,7/14/2026 2:00:00 PM,BG&E/MIDATL,4468
7/9/2026 12:47:14 PM,7/9/2026 8:47:14 AM,7/14/2026 6:00:00 PM,7/14/2026 2:00:00 PM,7/14/2026 7:00:00 PM,7/14/2026 3:00:00 PM,BG&E/MIDATL,4660
7/9/2026 12:47:14 PM,7/9/2026 8:47:14 AM,7/14/2026 7:00:00 PM,7/14/2026 3:00:00 PM,7/14/2026 8:00:00 PM,7/14/2026 4:00:00 PM,BG&E/MIDATL,4878
7/9/2026 12:47:14 PM,7/9/2026 8:47:14 AM,7/14/2026 8:00:00 PM,7/14/2026 4:00:00 PM,7/14/2026 9:00:00 PM,7/14/2026 5:00:00 PM,BG&E/MIDATL,5088
7/9/2026 12:47:14 PM,7/9/2026 8:47:14 AM,7/14/2026 9:00:00 PM,7/14/2026 5:00:00 PM,7/14/2026 10:00:00 PM,7/14/2026 6:00:00 PM,BG&E/MIDATL,5240
7/9/2026 12:47:14 PM,7/9/2026 8:47:14 AM,7/14/2026 10:00:00 PM,7/14/2026 6:00:00 PM,7/14/2026 11:00:00 PM,7/14/2026 7:00:00 PM,BG&E/MIDATL,5238
7/9/2026 12:47:14 PM,7/9/2026 8:47:14 AM,7/14/2026 11:00:00 PM,7/14/2026 7:00:00 PM,7/15/2026 12:00:00 AM,7/14/2026 8:00:00 PM,BG&E/MIDATL,5098
7/9/2026 12:47:14 PM,7/9/2026 8:47:14 AM,7/15/2026 12:00:00 AM,7/14/2026 8:00:00 PM,7/15/2026 1:00:00 AM,7/14/2026 9:00:00 PM,BG&E/MIDATL,4895
7/9/2026 12:47:14 PM,7/9/2026 8:47:14 AM,7/15/2026 1:00:00 AM,7/14/2026 9:00:00 PM,7/15/2026 2:00:00 AM,7/14/2026 10:00:00 PM,BG&E/MIDATL,4682
7/9/2026 12:47:14 PM,7/9/2026 8:47:14 AM,7/15/2026 2:00:00 AM,7/14/2026 10:00:00 PM,7/15/2026 3:00:00 AM,7/14/2026 11:00:00 PM,BG&E/MIDATL,4315
7/9/2026 12:47:14 PM,7/9/2026 8:47:14 AM,7/15/2026 3:00:00 AM,7/14/2026 11:00:00 PM,7/15/2026 4:00:00 AM,7/15/2026 12:00:00 AM,BG&E/MIDATL,3929
7/9/2026 12:47:14 PM,7/9/2026 8:47:14 AM,7/15/2026 4:00:00 AM,7/15/2026 12:00:00 AM,7/15/2026 5:00:00 AM,7/15/2026 1:00:00 AM,BG&E/MIDATL,3695
7/9/2026 12:47:14 PM,7/9/2026 8:47:14 AM,7/15/2026 5:00:00 AM,7/15/2026 1:00:00 AM,7/15/2026 6:00:00 AM,7/15/2026 2:00:00 AM,BG&E/MIDATL,3448
7/9/2026 12:47:14 PM,7/9/2026 8:47:14 AM,7/15/2026 6:00:00 AM,7/15/2026 2:00:00 AM,7/15/2026 7:00:00 AM,7/15/2026 3:00:00 AM,BG&E/MIDATL,3279
7/9/2026 12:47:14 PM,7/9/2026 8:47:14 AM,7/15/2026 7:00:00 AM,7/15/2026 3:00:00 AM,7/15/2026 8:00:00 AM,7/15/2026 4:00:00 AM,BG&E/MIDATL,3178
7/9/2026 12:47:14 PM,7/9/2026 8:47:14 AM,7/15/2026 8:00:00 AM,7/15/2026 4:00:00 AM,7/15/2026 9:00:00 AM,7/15/2026 5:00:00 AM,BG&E/MIDATL,3164
7/9/2026 12:47:14 PM,7/9/2026 8:47:14 AM,7/15/2026 9:00:00 AM,7/15/2026 5:00:00 AM,7/15/2026 10:00:00 AM,7/15/2026 6:00:00 AM,BG&E/MIDATL,3247
7/9/2026 12:47:14 PM,7/9/2026 8:47:14 AM,7/15/2026 10:00:00 AM,7/15/2026 6:00:00 AM,7/15/2026 11:00:00 AM,7/15/2026 7:00:00 AM,BG&E/MIDATL,3399
7/9/2026 12:47:14 PM,7/9/2026 8:47:14 AM,7/15/2026 11:00:00 AM,7/15/2026 7:00:00 AM,7/15/2026 12:00:00 PM,7/15/2026 8:00:00 AM,BG&E/MIDATL,3662
7/9/2026 12:47:14 PM,7/9/2026 8:47:14 AM,7/15/2026 12:00:00 PM,7/15/2026 8:00:00 AM,7/15/2026 1:00:00 PM,7/15/2026 9:00:00 AM,BG&E/MIDATL,3898
7/9/2026 12:47:14 PM,7/9/2026 8:47:14 AM,7/15/2026 1:00:00 PM,7/15/2026 9:00:00 AM,7/15/2026 2:00:00 PM,7/15/2026 10:00:00 AM,BG&E/MIDATL,4173
7/9/2026 12:47:14 PM,7/9/2026 8:47:14 AM,7/15/2026 2:00:00 PM,7/15/2026 10:00:00 AM,7/15/2026 3:00:00 PM,7/15/2026 11:00:00 AM,BG&E/MIDATL,4488
7/9/2026 12:47:14 PM,7/9/2026 8:47:14 AM,7/15/2026 3:00:00 PM,7/15/2026 11:00:00 AM,7/15/2026 4:00:00 PM,7/15/2026 12:00:00 PM,BG&E/MIDATL,4827
7/9/2026 12:47:14 PM,7/9/2026 8:47:14 AM,7/15/2026 4:00:00 PM,7/15/2026 12:00:00 PM,7/15/2026 5:00:00 PM,7/15/2026 1:00:00 PM,BG&E/MIDATL,5137
7/9/2026 12:47:14 PM,7/9/2026 8:47:14 AM,7/15/2026 5:00:00 PM,7/15/2026 1:00:00 PM,7/15/2026 6:00:00 PM,7/15/2026 2:00:00 PM,BG&E/MIDATL,5382
7/9/2026 12:47:14 PM,7/9/2026 8:47:14 AM,7/15/2026 6:00:00 PM,7/15/2026 2:00:00 PM,7/15/2026 7:00:00 PM,7/15/2026 3:00:00 PM,BG&E/MIDATL,5552
7/9/2026 12:47:14 PM,7/9/2026 8:47:14 AM,7/15/2026 7:00:00 PM,7/15/2026 3:00:00 PM,7/15/2026 8:00:00 PM,7/15/2026 4:00:00 PM,BG&E/MIDATL,5758
7/9/2026 12:47:14 PM,7/9/2026 8:47:14 AM,7/15/2026 8:00:00 PM,7/15/2026 4:00:00 PM,7/15/2026 9:00:00 PM,7/15/2026 5:00:00 PM,BG&E/MIDATL,5937
7/9/2026 12:47:14 PM,7/9/2026 8:47:14 AM,7/15/2026 9:00:00 PM,7/15/2026 5:00:00 PM,7/15/2026 10:00:00 PM,7/15/2026 6:00:00 PM,BG&E/MIDATL,6072
7/9/2026 12:47:14 PM,7/9/2026 8:47:14 AM,7/15/2026 10:00:00 PM,7/15/2026 6:00:00 PM,7/15/2026 11:00:00 PM,7/15/2026 7:00:00 PM,BG&E/MIDATL,6092
7/9/2026 12:47:14 PM,7/9/2026 8:47:14 AM,7/15/2026 11:00:00 PM,7/15/2026 7:00:00 PM,7/16/2026 12:00:00 AM,7/15/2026 8:00:00 PM,BG&E/MIDATL,5950
7/9/2026 12:47:14 PM,7/9/2026 8:47:14 AM,7/16/2026 12:00:00 AM,7/15/2026 8:00:00 PM,7/16/2026 1:00:00 AM,7/15/2026 9:00:00 PM,BG&E/MIDATL,5716
7/9/2026 12:47:14 PM,7/9/2026 8:47:14 AM,7/16/2026 1:00:00 AM,7/15/2026 9:00:00 PM,7/16/2026 2:00:00 AM,7/15/2026 10:00:00 PM,BG&E/MIDATL,5484
7/9/2026 12:47:14 PM,7/9/2026 8:47:14 AM,7/16/2026 2:00:00 AM,7/15/2026 10:00:00 PM,7/16/2026 3:00:00 AM,7/15/2026 11:00:00 PM,BG&E/MIDATL,5078
7/9/2026 12:47:14 PM,7/9/2026 8:47:14 AM,7/16/2026 3:00:00 AM,7/15/2026 11:00:00 PM,7/16/2026 4:00:00 AM,7/16/2026 12:00:00 AM,BG&E/MIDATL,4658
7/9/2026 12:47:14 PM,7/9/2026 8:47:14 AM,7/9/2026 4:00:00 AM,7/9/2026 12:00:00 AM,7/9/2026 5:00:00 AM,7/9/2026 1:00:00 AM,COMED,14072
7/9/2026 12:47:14 PM,7/9/2026 8:47:14 AM,7/9/2026 5:00:00 AM,7/9/2026 1:00:00 AM,7/9/2026 6:00:00 AM,7/9/2026 2:00:00 AM,COMED,13127
7/9/2026 12:47:14 PM,7/9/2026 8:47:14 AM,7/9/2026 6:00:00 AM,7/9/2026 2:00:00 AM,7/9/2026 7:00:00 AM,7/9/2026 3:00:00 AM,COMED,12357
7/9/2026 12:47:14 PM,7/9/2026 8:47:14 AM,7/9/2026 7:00:00 AM,7/9/2026 3:00:00 AM,7/9/2026 8:00:00 AM,7/9/2026 4:00:00 AM,COMED,11835
7/9/2026 12:47:14 PM,7/9/2026 8:47:14 AM,7/9/2026 8:00:00 AM,7/9/2026 4:00:00 AM,7/9/2026 9:00:00 AM,7/9/2026 5:00:00 AM,COMED,11504
7/9/2026 12:47:14 PM,7/9/2026 8:47:14 AM,7/9/2026 9:00:00 AM,7/9/2026 5:00:00 AM,7/9/2026 10:00:00 AM,7/9/2026 6:00:00 AM,COMED,11475
7/9/2026 12:47:14 PM,7/9/2026 8:47:14 AM,7/9/2026 10:00:00 AM,7/9/2026 6:00:00 AM,7/9/2026 11:00:00 AM,7/9/2026 7:00:00 AM,COMED,11786
7/9/2026 12:47:14 PM,7/9/2026 8:47:14 AM,7/9/2026 11:00:00 AM,7/9/2026 7:00:00 AM,7/9/2026 12:00:00 PM,7/9/2026 8:00:00 AM,COMED,12429
7/9/2026 12:47:14 PM,7/9/2026 8:47:14 AM,7/9/2026 12:00:00 PM,7/9/2026 8:00:00 AM,7/9/2026 1:00:00 PM,7/9/2026 9:00:00 AM,COMED,12935
7/9/2026 12:47:14 PM,7/9/2026 8:47:14 AM,7/9/2026 1:00:00 PM,7/9/2026 9:00:00 AM,7/9/2026 2:00:00 PM,7/9/2026 10:00:00 AM,COMED,13566
7/9/2026 12:47:14 PM,7/9/2026 8:47:14 AM,7/9/2026 2:00:00 PM,7/9/2026 10:00:00 AM,7/9/2026 3:00:00 PM,7/9/2026 11:00:00 AM,COMED,14232
7/9/2026 12:47:14 PM,7/9/2026 8:47:14 AM,7/9/2026 3:00:00 PM,7/9/2026 11:00:00 AM,7/9/2026 4:00:00 PM,7/9/2026 12:00:00 PM,COMED,14899
7/9/2026 12:47:14 PM,7/9/2026 8:47:14 AM,7/9/2026 4:00:00 PM,7/9/2026 12:00:00 PM,7/9/2026 5:00:00 PM,7/9/2026 1:00:00 PM,COMED,15600
7/9/2026 12:47:14 PM,7/9/2026 8:47:14 AM,7/9/2026 5:00:00 PM,7/9/2026 1:00:00 PM,7/9/2026 6:00:00 PM,7/9/2026 2:00:00 PM,COMED,16071
7/9/2026 12:47:14 PM,7/9/2026 8:47:14 AM,7/9/2026 6:00:00 PM,7/9/2026 2:00:00 PM,7/9/2026 7:00:00 PM,7/9/2026 3:00:00 PM,COMED,16485
7/9/2026 12:47:14 PM,7/9/2026 8:47:14 AM,7/9/2026 7:00:00 PM,7/9/2026 3:00:00 PM,7/9/2026 8:00:00 PM,7/9/2026 4:00:00 PM,COMED,16791
7/9/2026 12:47:14 PM,7/9/2026 8:47:14 AM,7/9/2026 8:00:00 PM,7/9/2026 4:00:00 PM,7/9/2026 9:00:00 PM,7/9/2026 5:00:00 PM,COMED,16972
7/9/2026 12:47:14 PM,7/9/2026 8:47:14 AM,7/9/2026 9:00:00 PM,7/9/2026 5:00:00 PM,7/9/2026 10:00:00 PM,7/9/2026 6:00:00 PM,COMED,17009
7/9/2026 12:47:14 PM,7/9/2026 8:47:14 AM,7/9/2026 10:00:00 PM,7/9/2026 6:00:00 PM,7/9/2026 11:00:00 PM,7/9/2026 7:00:00 PM,COMED,16889
7/9/2026 12:47:14 PM,7/9/2026 8:47:14 AM,7/9/2026 11:00:00 PM,7/9/2026 7:00:00 PM,7/10/2026 12:00:00 AM,7/9/2026 8:00:00 PM,COMED,16532
7/9/2026 12:47:14 PM,7/9/2026 8:47:14 AM,7/10/2026 12:00:00 AM,7/9/2026 8:00:00 PM,7/10/2026 1:00:00 AM,7/9/2026 9:00:00 PM,COMED,16073
7/9/2026 12:47:14 PM,7/9/2026 8:47:14 AM,7/10/2026 1:00:00 AM,7/9/2026 9:00:00 PM,7/10/2026 2:00:00 AM,7/9/2026 10:00:00 PM,COMED,15541
7/9/2026 12:47:14 PM,7/9/2026 8:47:14 AM,7/10/2026 2:00:00 AM,7/9/2026 10:00:00 PM,7/10/2026 3:00:00 AM,7/9/2026 11:00:00 PM,COMED,14881
7/9/2026 12:47:14 PM,7/9/2026 8:47:14 AM,7/10/2026 3:00:00 AM,7/9/2026 11:00:00 PM,7/10/2026 4:00:00 AM,7/10/2026 12:00:00 AM,COMED,13954
7/9/2026 12:47:14 PM,7/9/2026 8:47:14 AM,7/10/2026 4:00:00 AM,7/10/2026 12:00:00 AM,7/10/2026 5:00:00 AM,7/10/2026 1:00:00 AM,COMED,12692
7/9/2026 12:47:14 PM,7/9/2026 8:47:14 AM,7/10/2026 5:00:00 AM,7/10/2026 1:00:00 AM,7/10/2026 6:00:00 AM,7/10/2026 2:00:00 AM,COMED,11901
7/9/2026 12:47:14 PM,7/9/2026 8:47:14 AM,7/10/2026 6:00:00 AM,7/10/2026 2:00:00 AM,7/10/2026 7:00:00 AM,7/10/2026 3:00:00 AM,COMED,11251
7/9/2026 12:47:14 PM,7/9/2026 8:47:14 AM,7/10/2026 7:00:00 AM,7/10/2026 3:00:00 AM,7/10/2026 8:00:00 AM,7/10/2026 4:00:00 AM,COMED,10768
7/9/2026 12:47:14 PM,7/9/2026 8:47:14 AM,7/10/2026 8:00:00 AM,7/10/2026 4:00:00 AM,7/10/2026 9:00:00 AM,7/10/2026 5:00:00 AM,COMED,10471
7/9/2026 12:47:14 PM,7/9/2026 8:47:14 AM,7/10/2026 9:00:00 AM,7/10/2026 5:00:00 AM,7/10/2026 10:00:00 AM,7/10/2026 6:00:00 AM,COMED,10473
7/9/2026 12:47:14 PM,7/9/2026 8:47:14 AM,7/10/2026 10:00:00 AM,7/10/2026 6:00:00 AM,7/10/2026 11:00:00 AM,7/10/2026 7:00:00 AM,COMED,10756
7/9/2026 12:47:14 PM,7/9/2026 8:47:14 AM,7/10/2026 11:00:00 AM,7/10/2026 7:00:00 AM,7/10/2026 12:00:00 PM,7/10/2026 8:00:00 AM,COMED,11292
7/9/2026 12:47:14 PM,7/9/2026 8:47:14 AM,7/10/2026 12:00:00 PM,7/10/2026 8:00:00 AM,7/10/2026 1:00:00 PM,7/10/2026 9:00:00 AM,COMED,11841
7/9/2026 12:47:14 PM,7/9/2026 8:47:14 AM,7/10/2026 1:00:00 PM,7/10/2026 9:00:00 AM,7/10/2026 2:00:00 PM,7/10/2026 10:00:00 AM,COMED,12398
7/9/2026 12:47:14 PM,7/9/2026 8:47:14 AM,7/10/2026 2:00:00 PM,7/10/2026 10:00:00 AM,7/10/2026 3:00:00 PM,7/10/2026 11:00:00 AM,COMED,12922
7/9/2026 12:47:14 PM,7/9/2026 8:47:14 AM,7/10/2026 3:00:00 PM,7/10/2026 11:00:00 AM,7/10/2026 4:00:00 PM,7/10/2026 12:00:00 PM,COMED,13512
7/9/2026 12:47:14 PM,7/9/2026 8:47:14 AM,7/10/2026 4:00:00 PM,7/10/2026 12:00:00 PM,7/10/2026 5:00:00 PM,7/10/2026 1:00:00 PM,COMED,14053
7/9/2026 12:47:14 PM,7/9/2026 8:47:14 AM,7/10/2026 5:00:00 PM,7/10/2026 1:00:00 PM,7/10/2026 6:00:00 PM,7/10/2026 2:00:00 PM,COMED,14512
7/9/2026 12:47:14 PM,7/9/2026 8:47:14 AM,7/10/2026 6:00:00 PM,7/10/2026 2:00:00 PM,7/10/2026 7:00:00 PM,7/10/2026 3:00:00 PM,COMED,15018
7/9/2026 12:47:14 PM,7/9/2026 8:47:14 AM,7/10/2026 7:00:00 PM,7/10/2026 3:00:00 PM,7/10/2026 8:00:00 PM,7/10/2026 4:00:00 PM,COMED,15289
7/9/2026 12:47:14 PM,7/9/2026 8:47:14 AM,7/10/2026 8:00:00 PM,7/10/2026 4:00:00 PM,7/10/2026 9:00:00 PM,7/10/2026 5:00:00 PM,COMED,15538
7/9/2026 12:47:14 PM,7/9/2026 8:47:14 AM,7/10/2026 9:00:00 PM,7/10/2026 5:00:00 PM,7/10/2026 10:00:00 PM,7/10/2026 6:00:00 PM,COMED,15578
7/9/2026 12:47:14 PM,7/9/2026 8:47:14 AM,7/10/2026 10:00:00 PM,7/10/2026 6:00:00 PM,7/10/2026 11:00:00 PM,7/10/2026 7:00:00 PM,COMED,15460
7/9/2026 12:47:14 PM,7/9/2026 8:47:14 AM,7/10/2026 11:00:00 PM,7/10/2026 7:00:00 PM,7/11/2026 12:00:00 AM,7/10/2026 8:00:00 PM,COMED,15111
7/9/2026 12:47:14 PM,7/9/2026 8:47:14 AM,7/11/2026 12:00:00 AM,7/10/2026 8:00:00 PM,7/11/2026 1:00:00 AM,7/10/2026 9:00:00 PM,COMED,14622
7/9/2026 12:47:14 PM,7/9/2026 8:47:14 AM,7/11/2026 1:00:00 AM,7/10/2026 9:00:00 PM,7/11/2026 2:00:00 AM,7/10/2026 10:00:00 PM,COMED,14070
7/9/2026 12:47:14 PM,7/9/2026 8:47:14 AM,7/11/2026 2:00:00 AM,7/10/2026 10:00:00 PM,7/11/2026 3:00:00 AM,7/10/2026 11:00:00 PM,COMED,13502
7/9/2026 12:47:14 PM,7/9/2026 8:47:14 AM,7/11/2026 3:00:00 AM,7/10/2026 11:00:00 PM,7/11/2026 4:00:00 AM,7/11/2026 12:00:00 AM,COMED,12656
7/9/2026 12:47:14 PM,7/9/2026 8:47:14 AM,7/11/2026 4:00:00 AM,7/11/2026 12:00:00 AM,7/11/2026 5:00:00 AM,7/11/2026 1:00:00 AM,COMED,11683
7/9/2026 12:47:14 PM,7/9/2026 8:47:14 AM,7/11/2026 5:00:00 AM,7/11/2026 1:00:00 AM,7/11/2026 6:00:00 AM,7/11/2026 2:00:00 AM,COMED,10953
7/9/2026 12:47:14 PM,7/9/2026 8:47:14 AM,7/11/2026 6:00:00 AM,7/11/2026 2:00:00 AM,7/11/2026 7:00:00 AM,7/11/2026 3:00:00 AM,COMED,10358
7/9/2026 12:47:14 PM,7/9/2026 8:47:14 AM,7/11/2026 7:00:00 AM,7/11/2026 3:00:00 AM,7/11/2026 8:00:00 AM,7/11/2026 4:00:00 AM,COMED,9930
7/9/2026 12:47:14 PM,7/9/2026 8:47:14 AM,7/11/2026 8:00:00 AM,7/11/2026 4:00:00 AM,7/11/2026 9:00:00 AM,7/11/2026 5:00:00 AM,COMED,9610
7/9/2026 12:47:14 PM,7/9/2026 8:47:14 AM,7/11/2026 9:00:00 AM,7/11/2026 5:00:00 AM,7/11/2026 10:00:00 AM,7/11/2026 6:00:00 AM,COMED,9466
7/9/2026 12:47:14 PM,7/9/2026 8:47:14 AM,7/11/2026 10:00:00 AM,7/11/2026 6:00:00 AM,7/11/2026 11:00:00 AM,7/11/2026 7:00:00 AM,COMED,9461
7/9/2026 12:47:14 PM,7/9/2026 8:47:14 AM,7/11/2026 11:00:00 AM,7/11/2026 7:00:00 AM,7/11/2026 12:00:00 PM,7/11/2026 8:00:00 AM,COMED,9576
7/9/2026 12:47:14 PM,7/9/2026 8:47:14 AM,7/11/2026 12:00:00 PM,7/11/2026 8:00:00 AM,7/11/2026 1:00:00 PM,7/11/2026 9:00:00 AM,COMED,9948
7/9/2026 12:47:14 PM,7/9/2026 8:47:14 AM,7/11/2026 1:00:00 PM,7/11/2026 9:00:00 AM,7/11/2026 2:00:00 PM,7/11/2026 10:00:00 AM,COMED,10615
7/9/2026 12:47:14 PM,7/9/2026 8:47:14 AM,7/11/2026 2:00:00 PM,7/11/2026 10:00:00 AM,7/11/2026 3:00:00 PM,7/11/2026 11:00:00 AM,COMED,11318
7/9/2026 12:47:14 PM,7/9/2026 8:47:14 AM,7/11/2026 3:00:00 PM,7/11/2026 11:00:00 AM,7/11/2026 4:00:00 PM,7/11/2026 12:00:00 PM,COMED,12045
7/9/2026 12:47:14 PM,7/9/2026 8:47:14 AM,7/11/2026 4:00:00 PM,7/11/2026 12:00:00 PM,7/11/2026 5:00:00 PM,7/11/2026 1:00:00 PM,COMED,12677
7/9/2026 12:47:14 PM,7/9/2026 8:47:14 AM,7/11/2026 5:00:00 PM,7/11/2026 1:00:00 PM,7/11/2026 6:00:00 PM,7/11/2026 2:00:00 PM,COMED,13233
7/9/2026 12:47:14 PM,7/9/2026 8:47:14 AM,7/11/2026 6:00:00 PM,7/11/2026 2:00:00 PM,7/11/2026 7:00:00 PM,7/11/2026 3:00:00 PM,COMED,13676
7/9/2026 12:47:14 PM,7/9/2026 8:47:14 AM,7/11/2026 7:00:00 PM,7/11/2026 3:00:00 PM,7/11/2026 8:00:00 PM,7/11/2026 4:00:00 PM,COMED,14098
7/9/2026 12:47:14 PM,7/9/2026 8:47:14 AM,7/11/2026 8:00:00 PM,7/11/2026 4:00:00 PM,7/11/2026 9:00:00 PM,7/11/2026 5:00:00 PM,COMED,14495
7/9/2026 12:47:14 PM,7/9/2026 8:47:14 AM,7/11/2026 9:00:00 PM,7/11/2026 5:00:00 PM,7/11/2026 10:00:00 PM,7/11/2026 6:00:00 PM,COMED,14678
7/9/2026 12:47:14 PM,7/9/2026 8:47:14 AM,7/11/2026 10:00:00 PM,7/11/2026 6:00:00 PM,7/11/2026 11:00:00 PM,7/11/2026 7:00:00 PM,COMED,14644
7/9/2026 12:47:14 PM,7/9/2026 8:47:14 AM,7/11/2026 11:00:00 PM,7/11/2026 7:00:00 PM,7/12/2026 12:00:00 AM,7/11/2026 8:00:00 PM,COMED,14409
7/9/2026 12:47:14 PM,7/9/2026 8:47:14 AM,7/12/2026 12:00:00 AM,7/11/2026 8:00:00 PM,7/12/2026 1:00:00 AM,7/11/2026 9:00:00 PM,COMED,13956
7/9/2026 12:47:14 PM,7/9/2026 8:47:14 AM,7/12/2026 1:00:00 AM,7/11/2026 9:00:00 PM,7/12/2026 2:00:00 AM,7/11/2026 10:00:00 PM,COMED,13456
7/9/2026 12:47:14 PM,7/9/2026 8:47:14 AM,7/12/2026 2:00:00 AM,7/11/2026 10:00:00 PM,7/12/2026 3:00:00 AM,7/11/2026 11:00:00 PM,COMED,13015
7/9/2026 12:47:14 PM,7/9/2026 8:47:14 AM,7/12/2026 3:00:00 AM,7/11/2026 11:00:00 PM,7/12/2026 4:00:00 AM,7/12/2026 12:00:00 AM,COMED,12335
7/9/2026 12:47:14 PM,7/9/2026 8:47:14 AM,7/12/2026 4:00:00 AM,7/12/2026 12:00:00 AM,7/12/2026 5:00:00 AM,7/12/2026 1:00:00 AM,COMED,11570
7/9/2026 12:47:14 PM,7/9/2026 8:47:14 AM,7/12/2026 5:00:00 AM,7/12/2026 1:00:00 AM,7/12/2026 6:00:00 AM,7/12/2026 2:00:00 AM,COMED,10951
7/9/2026 12:47:14 PM,7/9/2026 8:47:14 AM,7/12/2026 6:00:00 AM,7/12/2026 2:00:00 AM,7/12/2026 7:00:00 AM,7/12/2026 3:00:00 AM,COMED,10389
7/9/2026 12:47:14 PM,7/9/2026 8:47:14 AM,7/12/2026 7:00:00 AM,7/12/2026 3:00:00 AM,7/12/2026 8:00:00 AM,7/12/2026 4:00:00 AM,COMED,9951
7/9/2026 12:47:14 PM,7/9/2026 8:47:14 AM,7/12/2026 8:00:00 AM,7/12/2026 4:00:00 AM,7/12/2026 9:00:00 AM,7/12/2026 5:00:00 AM,COMED,9636
7/9/2026 12:47:14 PM,7/9/2026 8:47:14 AM,7/12/2026 9:00:00 AM,7/12/2026 5:00:00 AM,7/12/2026 10:00:00 AM,7/12/2026 6:00:00 AM,COMED,9421
7/9/2026 12:47:14 PM,7/9/2026 8:47:14 AM,7/12/2026 10:00:00 AM,7/12/2026 6:00:00 AM,7/12/2026 11:00:00 AM,7/12/2026 7:00:00 AM,COMED,9324
7/9/2026 12:47:14 PM,7/9/2026 8:47:14 AM,7/12/2026 11:00:00 AM,7/12/2026 7:00:00 AM,7/12/2026 12:00:00 PM,7/12/2026 8:00:00 AM,COMED,9336
7/9/2026 12:47:14 PM,7/9/2026 8:47:14 AM,7/12/2026 12:00:00 PM,7/12/2026 8:00:00 AM,7/12/2026 1:00:00 PM,7/12/2026 9:00:00 AM,COMED,9682
7/9/2026 12:47:14 PM,7/9/2026 8:47:14 AM,7/12/2026 1:00:00 PM,7/12/2026 9:00:00 AM,7/12/2026 2:00:00 PM,7/12/2026 10:00:00 AM,COMED,10355
7/9/2026 12:47:14 PM,7/9/2026 8:47:14 AM,7/12/2026 2:00:00 PM,7/12/2026 10:00:00 AM,7/12/2026 3:00:00 PM,7/12/2026 11:00:00 AM,COMED,11203
7/9/2026 12:47:14 PM,7/9/2026 8:47:14 AM,7/12/2026 3:00:00 PM,7/12/2026 11:00:00 AM,7/12/2026 4:00:00 PM,7/12/2026 12:00:00 PM,COMED,12116
7/9/2026 12:47:14 PM,7/9/2026 8:47:14 AM,7/12/2026 4:00:00 PM,7/12/2026 12:00:00 PM,7/12/2026 5:00:00 PM,7/12/2026 1:00:00 PM,COMED,12991
7/9/2026 12:47:14 PM,7/9/2026 8:47:14 AM,7/12/2026 5:00:00 PM,7/12/2026 1:00:00 PM,7/12/2026 6:00:00 PM,7/12/2026 2:00:00 PM,COMED,13761
7/9/2026 12:47:14 PM,7/9/2026 8:47:14 AM,7/12/2026 6:00:00 PM,7/12/2026 2:00:00 PM,7/12/2026 7:00:00 PM,7/12/2026 3:00:00 PM,COMED,14468
7/9/2026 12:47:14 PM,7/9/2026 8:47:14 AM,7/12/2026 7:00:00 PM,7/12/2026 3:00:00 PM,7/12/2026 8:00:00 PM,7/12/2026 4:00:00 PM,COMED,15052
7/9/2026 12:47:14 PM,7/9/2026 8:47:14 AM,7/12/2026 8:00:00 PM,7/12/2026 4:00:00 PM,7/12/2026 9:00:00 PM,7/12/2026 5:00:00 PM,COMED,15566
7/9/2026 12:47:14 PM,7/9/2026 8:47:14 AM,7/12/2026 9:00:00 PM,7/12/2026 5:00:00 PM,7/12/2026 10:00:00 PM,7/12/2026 6:00:00 PM,COMED,15868
7/9/2026 12:47:14 PM,7/9/2026 8:47:14 AM,7/12/2026 10:00:00 PM,7/12/2026 6:00:00 PM,7/12/2026 11:00:00 PM,7/12/2026 7:00:00 PM,COMED,15945
7/9/2026 12:47:14 PM,7/9/2026 8:47:14 AM,7/12/2026 11:00:00 PM,7/12/2026 7:00:00 PM,7/13/2026 12:00:00 AM,7/12/2026 8:00:00 PM,COMED,15721
7/9/2026 12:47:14 PM,7/9/2026 8:47:14 AM,7/13/2026 12:00:00 AM,7/12/2026 8:00:00 PM,7/13/2026 1:00:00 AM,7/12/2026 9:00:00 PM,COMED,15286
7/9/2026 12:47:14 PM,7/9/2026 8:47:14 AM,7/13/2026 1:00:00 AM,7/12/2026 9:00:00 PM,7/13/2026 2:00:00 AM,7/12/2026 10:00:00 PM,COMED,14762
7/9/2026 12:47:14 PM,7/9/2026 8:47:14 AM,7/13/2026 2:00:00 AM,7/12/2026 10:00:00 PM,7/13/2026 3:00:00 AM,7/12/2026 11:00:00 PM,COMED,14226
7/9/2026 12:47:14 PM,7/9/2026 8:47:14 AM,7/13/2026 3:00:00 AM,7/12/2026 11:00:00 PM,7/13/2026 4:00:00 AM,7/13/2026 12:00:00 AM,COMED,13432
7/9/2026 12:47:14 PM,7/9/2026 8:47:14 AM,7/13/2026 4:00:00 AM,7/13/2026 12:00:00 AM,7/13/2026 5:00:00 AM,7/13/2026 1:00:00 AM,COMED,12130
7/9/2026 12:47:14 PM,7/9/2026 8:47:14 AM,7/13/2026 5:00:00 AM,7/13/2026 1:00:00 AM,7/13/2026 6:00:00 AM,7/13/2026 2:00:00 AM,COMED,11397
7/9/2026 12:47:14 PM,7/9/2026 8:47:14 AM,7/13/2026 6:00:00 AM,7/13/2026 2:00:00 AM,7/13/2026 7:00:00 AM,7/13/2026 3:00:00 AM,COMED,10856
7/9/2026 12:47:14 PM,7/9/2026 8:47:14 AM,7/13/2026 7:00:00 AM,7/13/2026 3:00:00 AM,7/13/2026 8:00:00 AM,7/13/2026 4:00:00 AM,COMED,10442
7/9/2026 12:47:14 PM,7/9/2026 8:47:14 AM,7/13/2026 8:00:00 AM,7/13/2026 4:00:00 AM,7/13/2026 9:00:00 AM,7/13/2026 5:00:00 AM,COMED,10241
7/9/2026 12:47:14 PM,7/9/2026 8:47:14 AM,7/13/2026 9:00:00 AM,7/13/2026 5:00:00 AM,7/13/2026 10:00:00 AM,7/13/2026 6:00:00 AM,COMED,10326
7/9/2026 12:47:14 PM,7/9/2026 8:47:14 AM,7/13/2026 10:00:00 AM,7/13/2026 6:00:00 AM,7/13/2026 11:00:00 AM,7/13/2026 7:00:00 AM,COMED,10732
7/9/2026 12:47:14 PM,7/9/2026 8:47:14 AM,7/13/2026 11:00:00 AM,7/13/2026 7:00:00 AM,7/13/2026 12:00:00 PM,7/13/2026 8:00:00 AM,COMED,11407
7/9/2026 12:47:14 PM,7/9/2026 8:47:14 AM,7/13/2026 12:00:00 PM,7/13/2026 8:00:00 AM,7/13/2026 1:00:00 PM,7/13/2026 9:00:00 AM,COMED,12222
7/9/2026 12:47:14 PM,7/9/2026 8:47:14 AM,7/13/2026 1:00:00 PM,7/13/2026 9:00:00 AM,7/13/2026 2:00:00 PM,7/13/2026 10:00:00 AM,COMED,13004
7/9/2026 12:47:14 PM,7/9/2026 8:47:14 AM,7/13/2026 2:00:00 PM,7/13/2026 10:00:00 AM,7/13/2026 3:00:00 PM,7/13/2026 11:00:00 AM,COMED,13893
7/9/2026 12:47:14 PM,7/9/2026 8:47:14 AM,7/13/2026 3:00:00 PM,7/13/2026 11:00:00 AM,7/13/2026 4:00:00 PM,7/13/2026 12:00:00 PM,COMED,14819
7/9/2026 12:47:14 PM,7/9/2026 8:47:14 AM,7/13/2026 4:00:00 PM,7/13/2026 12:00:00 PM,7/13/2026 5:00:00 PM,7/13/2026 1:00:00 PM,COMED,15637
7/9/2026 12:47:14 PM,7/9/2026 8:47:14 AM,7/13/2026 5:00:00 PM,7/13/2026 1:00:00 PM,7/13/2026 6:00:00 PM,7/13/2026 2:00:00 PM,COMED,16440
7/9/2026 12:47:14 PM,7/9/2026 8:47:14 AM,7/13/2026 6:00:00 PM,7/13/2026 2:00:00 PM,7/13/2026 7:00:00 PM,7/13/2026 3:00:00 PM,COMED,17208
7/9/2026 12:47:14 PM,7/9/2026 8:47:14 AM,7/13/2026 7:00:00 PM,7/13/2026 3:00:00 PM,7/13/2026 8:00:00 PM,7/13/2026 4:00:00 PM,COMED,17861
7/9/2026 12:47:14 PM,7/9/2026 8:47:14 AM,7/13/2026 8:00:00 PM,7/13/2026 4:00:00 PM,7/13/2026 9:00:00 PM,7/13/2026 5:00:00 PM,COMED,18262
7/9/2026 12:47:14 PM,7/9/2026 8:47:14 AM,7/13/2026 9:00:00 PM,7/13/2026 5:00:00 PM,7/13/2026 10:00:00 PM,7/13/2026 6:00:00 PM,COMED,18553
7/9/2026 12:47:14 PM,7/9/2026 8:47:14 AM,7/13/2026 10:00:00 PM,7/13/2026 6:00:00 PM,7/13/2026 11:00:00 PM,7/13/2026 7:00:00 PM,COMED,18579
7/9/2026 12:47:14 PM,7/9/2026 8:47:14 AM,7/13/2026 11:00:00 PM,7/13/2026 7:00:00 PM,7/14/2026 12:00:00 AM,7/13/2026 8:00:00 PM,COMED,18146
7/9/2026 12:47:14 PM,7/9/2026 8:47:14 AM,7/14/2026 12:00:00 AM,7/13/2026 8:00:00 PM,7/14/2026 1:00:00 AM,7/13/2026 9:00:00 PM,COMED,17582
7/9/2026 12:47:14 PM,7/9/2026 8:47:14 AM,7/14/2026 1:00:00 AM,7/13/2026 9:00:00 PM,7/14/2026 2:00:00 AM,7/13/2026 10:00:00 PM,COMED,16873
7/9/2026 12:47:14 PM,7/9/2026 8:47:14 AM,7/14/2026 2:00:00 AM,7/13/2026 10:00:00 PM,7/14/2026 3:00:00 AM,7/13/2026 11:00:00 PM,COMED,16072
7/9/2026 12:47:14 PM,7/9/2026 8:47:14 AM,7/14/2026 3:00:00 AM,7/13/2026 11:00:00 PM,7/14/2026 4:00:00 AM,7/14/2026 12:00:00 AM,COMED,15043
7/9/2026 12:47:14 PM,7/9/2026 8:47:14 AM,7/14/2026 4:00:00 AM,7/14/2026 12:00:00 AM,7/14/2026 5:00:00 AM,7/14/2026 1:00:00 AM,COMED,13788
7/9/2026 12:47:14 PM,7/9/2026 8:47:14 AM,7/14/2026 5:00:00 AM,7/14/2026 1:00:00 AM,7/14/2026 6:00:00 AM,7/14/2026 2:00:00 AM,COMED,12876
7/9/2026 12:47:14 PM,7/9/2026 8:47:14 AM,7/14/2026 6:00:00 AM,7/14/2026 2:00:00 AM,7/14/2026 7:00:00 AM,7/14/2026 3:00:00 AM,COMED,12182
7/9/2026 12:47:14 PM,7/9/2026 8:47:14 AM,7/14/2026 7:00:00 AM,7/14/2026 3:00:00 AM,7/14/2026 8:00:00 AM,7/14/2026 4:00:00 AM,COMED,11621
7/9/2026 12:47:14 PM,7/9/2026 8:47:14 AM,7/14/2026 8:00:00 AM,7/14/2026 4:00:00 AM,7/14/2026 9:00:00 AM,7/14/2026 5:00:00 AM,COMED,11335
7/9/2026 12:47:14 PM,7/9/2026 8:47:14 AM,7/14/2026 9:00:00 AM,7/14/2026 5:00:00 AM,7/14/2026 10:00:00 AM,7/14/2026 6:00:00 AM,COMED,11271
7/9/2026 12:47:14 PM,7/9/2026 8:47:14 AM,7/14/2026 10:00:00 AM,7/14/2026 6:00:00 AM,7/14/2026 11:00:00 AM,7/14/2026 7:00:00 AM,COMED,11569
7/9/2026 12:47:14 PM,7/9/2026 8:47:14 AM,7/14/2026 11:00:00 AM,7/14/2026 7:00:00 AM,7/14/2026 12:00:00 PM,7/14/2026 8:00:00 AM,COMED,12289
7/9/2026 12:47:14 PM,7/9/2026 8:47:14 AM,7/14/2026 12:00:00 PM,7/14/2026 8:00:00 AM,7/14/2026 1:00:00 PM,7/14/2026 9:00:00 AM,COMED,13198
7/9/2026 12:47:14 PM,7/9/2026 8:47:14 AM,7/14/2026 1:00:00 PM,7/14/2026 9:00:00 AM,7/14/2026 2:00:00 PM,7/14/2026 10:00:00 AM,COMED,14107
7/9/2026 12:47:14 PM,7/9/2026 8:47:14 AM,7/14/2026 2:00:00 PM,7/14/2026 10:00:00 AM,7/14/2026 3:00:00 PM,7/14/2026 11:00:00 AM,COMED,15109
7/9/2026 12:47:14 PM,7/9/2026 8:47:14 AM,7/14/2026 3:00:00 PM,7/14/2026 11:00:00 AM,7/14/2026 4:00:00 PM,7/14/2026 12:00:00 PM,COMED,16137
7/9/2026 12:47:14 PM,7/9/2026 8:47:14 AM,7/14/2026 4:00:00 PM,7/14/2026 12:00:00 PM,7/14/2026 5:00:00 PM,7/14/2026 1:00:00 PM,COMED,17032
7/9/2026 12:47:14 PM,7/9/2026 8:47:14 AM,7/14/2026 5:00:00 PM,7/14/2026 1:00:00 PM,7/14/2026 6:00:00 PM,7/14/2026 2:00:00 PM,COMED,17914
7/9/2026 12:47:14 PM,7/9/2026 8:47:14 AM,7/14/2026 6:00:00 PM,7/14/2026 2:00:00 PM,7/14/2026 7:00:00 PM,7/14/2026 3:00:00 PM,COMED,18745
7/9/2026 12:47:14 PM,7/9/2026 8:47:14 AM,7/14/2026 7:00:00 PM,7/14/2026 3:00:00 PM,7/14/2026 8:00:00 PM,7/14/2026 4:00:00 PM,COMED,19440
7/9/2026 12:47:14 PM,7/9/2026 8:47:14 AM,7/14/2026 8:00:00 PM,7/14/2026 4:00:00 PM,7/14/2026 9:00:00 PM,7/14/2026 5:00:00 PM,COMED,19854
7/9/2026 12:47:14 PM,7/9/2026 8:47:14 AM,7/14/2026 9:00:00 PM,7/14/2026 5:00:00 PM,7/14/2026 10:00:00 PM,7/14/2026 6:00:00 PM,COMED,20139
7/9/2026 12:47:14 PM,7/9/2026 8:47:14 AM,7/14/2026 10:00:00 PM,7/14/2026 6:00:00 PM,7/14/2026 11:00:00 PM,7/14/2026 7:00:00 PM,COMED,20151
7/9/2026 12:47:14 PM,7/9/2026 8:47:14 AM,7/14/2026 11:00:00 PM,7/14/2026 7:00:00 PM,7/15/2026 12:00:00 AM,7/14/2026 8:00:00 PM,COMED,19830
7/9/2026 12:47:14 PM,7/9/2026 8:47:14 AM,7/15/2026 12:00:00 AM,7/14/2026 8:00:00 PM,7/15/2026 1:00:00 AM,7/14/2026 9:00:00 PM,COMED,19244
7/9/2026 12:47:14 PM,7/9/2026 8:47:14 AM,7/15/2026 1:00:00 AM,7/14/2026 9:00:00 PM,7/15/2026 2:00:00 AM,7/14/2026 10:00:00 PM,COMED,18451
7/9/2026 12:47:14 PM,7/9/2026 8:47:14 AM,7/15/2026 2:00:00 AM,7/14/2026 10:00:00 PM,7/15/2026 3:00:00 AM,7/14/2026 11:00:00 PM,COMED,17662
7/9/2026 12:47:14 PM,7/9/2026 8:47:14 AM,7/15/2026 3:00:00 AM,7/14/2026 11:00:00 PM,7/15/2026 4:00:00 AM,7/15/2026 12:00:00 AM,COMED,16593
7/9/2026 12:47:14 PM,7/9/2026 8:47:14 AM,7/15/2026 4:00:00 AM,7/15/2026 12:00:00 AM,7/15/2026 5:00:00 AM,7/15/2026 1:00:00 AM,COMED,14865
7/9/2026 12:47:14 PM,7/9/2026 8:47:14 AM,7/15/2026 5:00:00 AM,7/15/2026 1:00:00 AM,7/15/2026 6:00:00 AM,7/15/2026 2:00:00 AM,COMED,13883
7/9/2026 12:47:14 PM,7/9/2026 8:47:14 AM,7/15/2026 6:00:00 AM,7/15/2026 2:00:00 AM,7/15/2026 7:00:00 AM,7/15/2026 3:00:00 AM,COMED,13056
7/9/2026 12:47:14 PM,7/9/2026 8:47:14 AM,7/15/2026 7:00:00 AM,7/15/2026 3:00:00 AM,7/15/2026 8:00:00 AM,7/15/2026 4:00:00 AM,COMED,12453
7/9/2026 12:47:14 PM,7/9/2026 8:47:14 AM,7/15/2026 8:00:00 AM,7/15/2026 4:00:00 AM,7/15/2026 9:00:00 AM,7/15/2026 5:00:00 AM,COMED,12063
7/9/2026 12:47:14 PM,7/9/2026 8:47:14 AM,7/15/2026 9:00:00 AM,7/15/2026 5:00:00 AM,7/15/2026 10:00:00 AM,7/15/2026 6:00:00 AM,COMED,11973
7/9/2026 12:47:14 PM,7/9/2026 8:47:14 AM,7/15/2026 10:00:00 AM,7/15/2026 6:00:00 AM,7/15/2026 11:00:00 AM,7/15/2026 7:00:00 AM,COMED,12199
7/9/2026 12:47:14 PM,7/9/2026 8:47:14 AM,7/15/2026 11:00:00 AM,7/15/2026 7:00:00 AM,7/15/2026 12:00:00 PM,7/15/2026 8:00:00 AM,COMED,12793
7/9/2026 12:47:14 PM,7/9/2026 8:47:14 AM,7/15/2026 12:00:00 PM,7/15/2026 8:00:00 AM,7/15/2026 1:00:00 PM,7/15/2026 9:00:00 AM,COMED,13636
7/9/2026 12:47:14 PM,7/9/2026 8:47:14 AM,7/15/2026 1:00:00 PM,7/15/2026 9:00:00 AM,7/15/2026 2:00:00 PM,7/15/2026 10:00:00 AM,COMED,14508
7/9/2026 12:47:14 PM,7/9/2026 8:47:14 AM,7/15/2026 2:00:00 PM,7/15/2026 10:00:00 AM,7/15/2026 3:00:00 PM,7/15/2026 11:00:00 AM,COMED,15458
7/9/2026 12:47:14 PM,7/9/2026 8:47:14 AM,7/15/2026 3:00:00 PM,7/15/2026 11:00:00 AM,7/15/2026 4:00:00 PM,7/15/2026 12:00:00 PM,COMED,16432
7/9/2026 12:47:14 PM,7/9/2026 8:47:14 AM,7/15/2026 4:00:00 PM,7/15/2026 12:00:00 PM,7/15/2026 5:00:00 PM,7/15/2026 1:00:00 PM,COMED,17276
7/9/2026 12:47:14 PM,7/9/2026 8:47:14 AM,7/15/2026 5:00:00 PM,7/15/2026 1:00:00 PM,7/15/2026 6:00:00 PM,7/15/2026 2:00:00 PM,COMED,18029
7/9/2026 12:47:14 PM,7/9/2026 8:47:14 AM,7/15/2026 6:00:00 PM,7/15/2026 2:00:00 PM,7/15/2026 7:00:00 PM,7/15/2026 3:00:00 PM,COMED,18743
7/9/2026 12:47:14 PM,7/9/2026 8:47:14 AM,7/15/2026 7:00:00 PM,7/15/2026 3:00:00 PM,7/15/2026 8:00:00 PM,7/15/2026 4:00:00 PM,COMED,19336
7/9/2026 12:47:14 PM,7/9/2026 8:47:14 AM,7/15/2026 8:00:00 PM,7/15/2026 4:00:00 PM,7/15/2026 9:00:00 PM,7/15/2026 5:00:00 PM,COMED,19699
7/9/2026 12:47:14 PM,7/9/2026 8:47:14 AM,7/15/2026 9:00:00 PM,7/15/2026 5:00:00 PM,7/15/2026 10:00:00 PM,7/15/2026 6:00:00 PM,COMED,19853
7/9/2026 12:47:14 PM,7/9/2026 8:47:14 AM,7/15/2026 10:00:00 PM,7/15/2026 6:00:00 PM,7/15/2026 11:00:00 PM,7/15/2026 7:00:00 PM,COMED,19855
7/9/2026 12:47:14 PM,7/9/2026 8:47:14 AM,7/15/2026 11:00:00 PM,7/15/2026 7:00:00 PM,7/16/2026 12:00:00 AM,7/15/2026 8:00:00 PM,COMED,19549
7/9/2026 12:47:14 PM,7/9/2026 8:47:14 AM,7/16/2026 12:00:00 AM,7/15/2026 8:00:00 PM,7/16/2026 1:00:00 AM,7/15/2026 9:00:00 PM,COMED,18994
7/9/2026 12:47:14 PM,7/9/2026 8:47:14 AM,7/16/2026 1:00:00 AM,7/15/2026 9:00:00 PM,7/16/2026 2:00:00 AM,7/15/2026 10:00:00 PM,COMED,18278
7/9/2026 12:47:14 PM,7/9/2026 8:47:14 AM,7/16/2026 2:00:00 AM,7/15/2026 10:00:00 PM,7/16/2026 3:00:00 AM,7/15/2026 11:00:00 PM,COMED,17414
7/9/2026 12:47:14 PM,7/9/2026 8:47:14 AM,7/16/2026 3:00:00 AM,7/15/2026 11:00:00 PM,7/16/2026 4:00:00 AM,7/16/2026 12:00:00 AM,COMED,16383
7/9/2026 12:47:14 PM,7/9/2026 8:47:14 AM,7/9/2026 4:00:00 AM,7/9/2026 12:00:00 AM,7/9/2026 5:00:00 AM,7/9/2026 1:00:00 AM,DAYTON,2272
7/9/2026 12:47:14 PM,7/9/2026 8:47:14 AM,7/9/2026 5:00:00 AM,7/9/2026 1:00:00 AM,7/9/2026 6:00:00 AM,7/9/2026 2:00:00 AM,DAYTON,2140
7/9/2026 12:47:14 PM,7/9/2026 8:47:14 AM,7/9/2026 6:00:00 AM,7/9/2026 2:00:00 AM,7/9/2026 7:00:00 AM,7/9/2026 3:00:00 AM,DAYTON,2037
7/9/2026 12:47:14 PM,7/9/2026 8:47:14 AM,7/9/2026 7:00:00 AM,7/9/2026 3:00:00 AM,7/9/2026 8:00:00 AM,7/9/2026 4:00:00 AM,DAYTON,1970
7/9/2026 12:47:14 PM,7/9/2026 8:47:14 AM,7/9/2026 8:00:00 AM,7/9/2026 4:00:00 AM,7/9/2026 9:00:00 AM,7/9/2026 5:00:00 AM,DAYTON,1957
7/9/2026 12:47:14 PM,7/9/2026 8:47:14 AM,7/9/2026 9:00:00 AM,7/9/2026 5:00:00 AM,7/9/2026 10:00:00 AM,7/9/2026 6:00:00 AM,DAYTON,2017
7/9/2026 12:47:14 PM,7/9/2026 8:47:14 AM,7/9/2026 10:00:00 AM,7/9/2026 6:00:00 AM,7/9/2026 11:00:00 AM,7/9/2026 7:00:00 AM,DAYTON,2110
7/9/2026 12:47:14 PM,7/9/2026 8:47:14 AM,7/9/2026 11:00:00 AM,7/9/2026 7:00:00 AM,7/9/2026 12:00:00 PM,7/9/2026 8:00:00 AM,DAYTON,2246
7/9/2026 12:47:14 PM,7/9/2026 8:47:14 AM,7/9/2026 12:00:00 PM,7/9/2026 8:00:00 AM,7/9/2026 1:00:00 PM,7/9/2026 9:00:00 AM,DAYTON,2368
7/9/2026 12:47:14 PM,7/9/2026 8:47:14 AM,7/9/2026 1:00:00 PM,7/9/2026 9:00:00 AM,7/9/2026 2:00:00 PM,7/9/2026 10:00:00 AM,DAYTON,2512
7/9/2026 12:47:14 PM,7/9/2026 8:47:14 AM,7/9/2026 2:00:00 PM,7/9/2026 10:00:00 AM,7/9/2026 3:00:00 PM,7/9/2026 11:00:00 AM,DAYTON,2650
7/9/2026 12:47:14 PM,7/9/2026 8:47:14 AM,7/9/2026 3:00:00 PM,7/9/2026 11:00:00 AM,7/9/2026 4:00:00 PM,7/9/2026 12:00:00 PM,DAYTON,2780
7/9/2026 12:47:14 PM,7/9/2026 8:47:14 AM,7/9/2026 4:00:00 PM,7/9/2026 12:00:00 PM,7/9/2026 5:00:00 PM,7/9/2026 1:00:00 PM,DAYTON,2933
7/9/2026 12:47:14 PM,7/9/2026 8:47:14 AM,7/9/2026 5:00:00 PM,7/9/2026 1:00:00 PM,7/9/2026 6:00:00 PM,7/9/2026 2:00:00 PM,DAYTON,3065
7/9/2026 12:47:14 PM,7/9/2026 8:47:14 AM,7/9/2026 6:00:00 PM,7/9/2026 2:00:00 PM,7/9/2026 7:00:00 PM,7/9/2026 3:00:00 PM,DAYTON,3139
7/9/2026 12:47:14 PM,7/9/2026 8:47:14 AM,7/9/2026 7:00:00 PM,7/9/2026 3:00:00 PM,7/9/2026 8:00:00 PM,7/9/2026 4:00:00 PM,DAYTON,3168
7/9/2026 12:47:14 PM,7/9/2026 8:47:14 AM,7/9/2026 8:00:00 PM,7/9/2026 4:00:00 PM,7/9/2026 9:00:00 PM,7/9/2026 5:00:00 PM,DAYTON,3182
7/9/2026 12:47:14 PM,7/9/2026 8:47:14 AM,7/9/2026 9:00:00 PM,7/9/2026 5:00:00 PM,7/9/2026 10:00:00 PM,7/9/2026 6:00:00 PM,DAYTON,3188
7/9/2026 12:47:14 PM,7/9/2026 8:47:14 AM,7/9/2026 10:00:00 PM,7/9/2026 6:00:00 PM,7/9/2026 11:00:00 PM,7/9/2026 7:00:00 PM,DAYTON,3140
7/9/2026 12:47:14 PM,7/9/2026 8:47:14 AM,7/9/2026 11:00:00 PM,7/9/2026 7:00:00 PM,7/10/2026 12:00:00 AM,7/9/2026 8:00:00 PM,DAYTON,3055
7/9/2026 12:47:14 PM,7/9/2026 8:47:14 AM,7/10/2026 12:00:00 AM,7/9/2026 8:00:00 PM,7/10/2026 1:00:00 AM,7/9/2026 9:00:00 PM,DAYTON,2945
7/9/2026 12:47:14 PM,7/9/2026 8:47:14 AM,7/10/2026 1:00:00 AM,7/9/2026 9:00:00 PM,7/10/2026 2:00:00 AM,7/9/2026 10:00:00 PM,DAYTON,2827
7/9/2026 12:47:14 PM,7/9/2026 8:47:14 AM,7/10/2026 2:00:00 AM,7/9/2026 10:00:00 PM,7/10/2026 3:00:00 AM,7/9/2026 11:00:00 PM,DAYTON,2637
7/9/2026 12:47:14 PM,7/9/2026 8:47:14 AM,7/10/2026 3:00:00 AM,7/9/2026 11:00:00 PM,7/10/2026 4:00:00 AM,7/10/2026 12:00:00 AM,DAYTON,2430
7/9/2026 12:47:14 PM,7/9/2026 8:47:14 AM,7/10/2026 4:00:00 AM,7/10/2026 12:00:00 AM,7/10/2026 5:00:00 AM,7/10/2026 1:00:00 AM,DAYTON,2267
7/9/2026 12:47:14 PM,7/9/2026 8:47:14 AM,7/10/2026 5:00:00 AM,7/10/2026 1:00:00 AM,7/10/2026 6:00:00 AM,7/10/2026 2:00:00 AM,DAYTON,2128
7/9/2026 12:47:14 PM,7/9/2026 8:47:14 AM,7/10/2026 6:00:00 AM,7/10/2026 2:00:00 AM,7/10/2026 7:00:00 AM,7/10/2026 3:00:00 AM,DAYTON,2018
7/9/2026 12:47:14 PM,7/9/2026 8:47:14 AM,7/10/2026 7:00:00 AM,7/10/2026 3:00:00 AM,7/10/2026 8:00:00 AM,7/10/2026 4:00:00 AM,DAYTON,1945
7/9/2026 12:47:14 PM,7/9/2026 8:47:14 AM,7/10/2026 8:00:00 AM,7/10/2026 4:00:00 AM,7/10/2026 9:00:00 AM,7/10/2026 5:00:00 AM,DAYTON,1917
7/9/2026 12:47:14 PM,7/9/2026 8:47:14 AM,7/10/2026 9:00:00 AM,7/10/2026 5:00:00 AM,7/10/2026 10:00:00 AM,7/10/2026 6:00:00 AM,DAYTON,1959
7/9/2026 12:47:14 PM,7/9/2026 8:47:14 AM,7/10/2026 10:00:00 AM,7/10/2026 6:00:00 AM,7/10/2026 11:00:00 AM,7/10/2026 7:00:00 AM,DAYTON,2042
7/9/2026 12:47:14 PM,7/9/2026 8:47:14 AM,7/10/2026 11:00:00 AM,7/10/2026 7:00:00 AM,7/10/2026 12:00:00 PM,7/10/2026 8:00:00 AM,DAYTON,2152
7/9/2026 12:47:14 PM,7/9/2026 8:47:14 AM,7/10/2026 12:00:00 PM,7/10/2026 8:00:00 AM,7/10/2026 1:00:00 PM,7/10/2026 9:00:00 AM,DAYTON,2272
7/9/2026 12:47:14 PM,7/9/2026 8:47:14 AM,7/10/2026 1:00:00 PM,7/10/2026 9:00:00 AM,7/10/2026 2:00:00 PM,7/10/2026 10:00:00 AM,DAYTON,2394
7/9/2026 12:47:14 PM,7/9/2026 8:47:14 AM,7/10/2026 2:00:00 PM,7/10/2026 10:00:00 AM,7/10/2026 3:00:00 PM,7/10/2026 11:00:00 AM,DAYTON,2516
7/9/2026 12:47:14 PM,7/9/2026 8:47:14 AM,7/10/2026 3:00:00 PM,7/10/2026 11:00:00 AM,7/10/2026 4:00:00 PM,7/10/2026 12:00:00 PM,DAYTON,2615
7/9/2026 12:47:14 PM,7/9/2026 8:47:14 AM,7/10/2026 4:00:00 PM,7/10/2026 12:00:00 PM,7/10/2026 5:00:00 PM,7/10/2026 1:00:00 PM,DAYTON,2710
7/9/2026 12:47:14 PM,7/9/2026 8:47:14 AM,7/10/2026 5:00:00 PM,7/10/2026 1:00:00 PM,7/10/2026 6:00:00 PM,7/10/2026 2:00:00 PM,DAYTON,2783
7/9/2026 12:47:14 PM,7/9/2026 8:47:14 AM,7/10/2026 6:00:00 PM,7/10/2026 2:00:00 PM,7/10/2026 7:00:00 PM,7/10/2026 3:00:00 PM,DAYTON,2808
7/9/2026 12:47:14 PM,7/9/2026 8:47:14 AM,7/10/2026 7:00:00 PM,7/10/2026 3:00:00 PM,7/10/2026 8:00:00 PM,7/10/2026 4:00:00 PM,DAYTON,2805
7/9/2026 12:47:14 PM,7/9/2026 8:47:14 AM,7/10/2026 8:00:00 PM,7/10/2026 4:00:00 PM,7/10/2026 9:00:00 PM,7/10/2026 5:00:00 PM,DAYTON,2805
7/9/2026 12:47:14 PM,7/9/2026 8:47:14 AM,7/10/2026 9:00:00 PM,7/10/2026 5:00:00 PM,7/10/2026 10:00:00 PM,7/10/2026 6:00:00 PM,DAYTON,2795
7/9/2026 12:47:14 PM,7/9/2026 8:47:14 AM,7/10/2026 10:00:00 PM,7/10/2026 6:00:00 PM,7/10/2026 11:00:00 PM,7/10/2026 7:00:00 PM,DAYTON,2745
7/9/2026 12:47:14 PM,7/9/2026 8:47:14 AM,7/10/2026 11:00:00 PM,7/10/2026 7:00:00 PM,7/11/2026 12:00:00 AM,7/10/2026 8:00:00 PM,DAYTON,2657
7/9/2026 12:47:14 PM,7/9/2026 8:47:14 AM,7/11/2026 12:00:00 AM,7/10/2026 8:00:00 PM,7/11/2026 1:00:00 AM,7/10/2026 9:00:00 PM,DAYTON,2554
7/9/2026 12:47:14 PM,7/9/2026 8:47:14 AM,7/11/2026 1:00:00 AM,7/10/2026 9:00:00 PM,7/11/2026 2:00:00 AM,7/10/2026 10:00:00 PM,DAYTON,2451
7/9/2026 12:47:14 PM,7/9/2026 8:47:14 AM,7/11/2026 2:00:00 AM,7/10/2026 10:00:00 PM,7/11/2026 3:00:00 AM,7/10/2026 11:00:00 PM,DAYTON,2294
7/9/2026 12:47:14 PM,7/9/2026 8:47:14 AM,7/11/2026 3:00:00 AM,7/10/2026 11:00:00 PM,7/11/2026 4:00:00 AM,7/11/2026 12:00:00 AM,DAYTON,2113
7/9/2026 12:47:14 PM,7/9/2026 8:47:14 AM,7/11/2026 4:00:00 AM,7/11/2026 12:00:00 AM,7/11/2026 5:00:00 AM,7/11/2026 1:00:00 AM,DAYTON,1989
7/9/2026 12:47:14 PM,7/9/2026 8:47:14 AM,7/11/2026 5:00:00 AM,7/11/2026 1:00:00 AM,7/11/2026 6:00:00 AM,7/11/2026 2:00:00 AM,DAYTON,1859
7/9/2026 12:47:14 PM,7/9/2026 8:47:14 AM,7/11/2026 6:00:00 AM,7/11/2026 2:00:00 AM,7/11/2026 7:00:00 AM,7/11/2026 3:00:00 AM,DAYTON,1766
7/9/2026 12:47:14 PM,7/9/2026 8:47:14 AM,7/11/2026 7:00:00 AM,7/11/2026 3:00:00 AM,7/11/2026 8:00:00 AM,7/11/2026 4:00:00 AM,DAYTON,1699
7/9/2026 12:47:14 PM,7/9/2026 8:47:14 AM,7/11/2026 8:00:00 AM,7/11/2026 4:00:00 AM,7/11/2026 9:00:00 AM,7/11/2026 5:00:00 AM,DAYTON,1665
7/9/2026 12:47:14 PM,7/9/2026 8:47:14 AM,7/11/2026 9:00:00 AM,7/11/2026 5:00:00 AM,7/11/2026 10:00:00 AM,7/11/2026 6:00:00 AM,DAYTON,1661
7/9/2026 12:47:14 PM,7/9/2026 8:47:14 AM,7/11/2026 10:00:00 AM,7/11/2026 6:00:00 AM,7/11/2026 11:00:00 AM,7/11/2026 7:00:00 AM,DAYTON,1672
7/9/2026 12:47:14 PM,7/9/2026 8:47:14 AM,7/11/2026 11:00:00 AM,7/11/2026 7:00:00 AM,7/11/2026 12:00:00 PM,7/11/2026 8:00:00 AM,DAYTON,1733
7/9/2026 12:47:14 PM,7/9/2026 8:47:14 AM,7/11/2026 12:00:00 PM,7/11/2026 8:00:00 AM,7/11/2026 1:00:00 PM,7/11/2026 9:00:00 AM,DAYTON,1862
7/9/2026 12:47:14 PM,7/9/2026 8:47:14 AM,7/11/2026 1:00:00 PM,7/11/2026 9:00:00 AM,7/11/2026 2:00:00 PM,7/11/2026 10:00:00 AM,DAYTON,1994
7/9/2026 12:47:14 PM,7/9/2026 8:47:14 AM,7/11/2026 2:00:00 PM,7/11/2026 10:00:00 AM,7/11/2026 3:00:00 PM,7/11/2026 11:00:00 AM,DAYTON,2113
7/9/2026 12:47:14 PM,7/9/2026 8:47:14 AM,7/11/2026 3:00:00 PM,7/11/2026 11:00:00 AM,7/11/2026 4:00:00 PM,7/11/2026 12:00:00 PM,DAYTON,2223
7/9/2026 12:47:14 PM,7/9/2026 8:47:14 AM,7/11/2026 4:00:00 PM,7/11/2026 12:00:00 PM,7/11/2026 5:00:00 PM,7/11/2026 1:00:00 PM,DAYTON,2319
7/9/2026 12:47:14 PM,7/9/2026 8:47:14 AM,7/11/2026 5:00:00 PM,7/11/2026 1:00:00 PM,7/11/2026 6:00:00 PM,7/11/2026 2:00:00 PM,DAYTON,2408
7/9/2026 12:47:14 PM,7/9/2026 8:47:14 AM,7/11/2026 6:00:00 PM,7/11/2026 2:00:00 PM,7/11/2026 7:00:00 PM,7/11/2026 3:00:00 PM,DAYTON,2473
7/9/2026 12:47:14 PM,7/9/2026 8:47:14 AM,7/11/2026 7:00:00 PM,7/11/2026 3:00:00 PM,7/11/2026 8:00:00 PM,7/11/2026 4:00:00 PM,DAYTON,2539
7/9/2026 12:47:14 PM,7/9/2026 8:47:14 AM,7/11/2026 8:00:00 PM,7/11/2026 4:00:00 PM,7/11/2026 9:00:00 PM,7/11/2026 5:00:00 PM,DAYTON,2595
7/9/2026 12:47:14 PM,7/9/2026 8:47:14 AM,7/11/2026 9:00:00 PM,7/11/2026 5:00:00 PM,7/11/2026 10:00:00 PM,7/11/2026 6:00:00 PM,DAYTON,2617
7/9/2026 12:47:14 PM,7/9/2026 8:47:14 AM,7/11/2026 10:00:00 PM,7/11/2026 6:00:00 PM,7/11/2026 11:00:00 PM,7/11/2026 7:00:00 PM,DAYTON,2580
7/9/2026 12:47:14 PM,7/9/2026 8:47:14 AM,7/11/2026 11:00:00 PM,7/11/2026 7:00:00 PM,7/12/2026 12:00:00 AM,7/11/2026 8:00:00 PM,DAYTON,2507
7/9/2026 12:47:14 PM,7/9/2026 8:47:14 AM,7/12/2026 12:00:00 AM,7/11/2026 8:00:00 PM,7/12/2026 1:00:00 AM,7/11/2026 9:00:00 PM,DAYTON,2409
7/9/2026 12:47:14 PM,7/9/2026 8:47:14 AM,7/12/2026 1:00:00 AM,7/11/2026 9:00:00 PM,7/12/2026 2:00:00 AM,7/11/2026 10:00:00 PM,DAYTON,2311
7/9/2026 12:47:14 PM,7/9/2026 8:47:14 AM,7/12/2026 2:00:00 AM,7/11/2026 10:00:00 PM,7/12/2026 3:00:00 AM,7/11/2026 11:00:00 PM,DAYTON,2175
7/9/2026 12:47:14 PM,7/9/2026 8:47:14 AM,7/12/2026 3:00:00 AM,7/11/2026 11:00:00 PM,7/12/2026 4:00:00 AM,7/12/2026 12:00:00 AM,DAYTON,2015
7/9/2026 12:47:14 PM,7/9/2026 8:47:14 AM,7/12/2026 4:00:00 AM,7/12/2026 12:00:00 AM,7/12/2026 5:00:00 AM,7/12/2026 1:00:00 AM,DAYTON,1823
7/9/2026 12:47:14 PM,7/9/2026 8:47:14 AM,7/12/2026 5:00:00 AM,7/12/2026 1:00:00 AM,7/12/2026 6:00:00 AM,7/12/2026 2:00:00 AM,DAYTON,1704
7/9/2026 12:47:14 PM,7/9/2026 8:47:14 AM,7/12/2026 6:00:00 AM,7/12/2026 2:00:00 AM,7/12/2026 7:00:00 AM,7/12/2026 3:00:00 AM,DAYTON,1621
7/9/2026 12:47:14 PM,7/9/2026 8:47:14 AM,7/12/2026 7:00:00 AM,7/12/2026 3:00:00 AM,7/12/2026 8:00:00 AM,7/12/2026 4:00:00 AM,DAYTON,1563
7/9/2026 12:47:14 PM,7/9/2026 8:47:14 AM,7/12/2026 8:00:00 AM,7/12/2026 4:00:00 AM,7/12/2026 9:00:00 AM,7/12/2026 5:00:00 AM,DAYTON,1524
7/9/2026 12:47:14 PM,7/9/2026 8:47:14 AM,7/12/2026 9:00:00 AM,7/12/2026 5:00:00 AM,7/12/2026 10:00:00 AM,7/12/2026 6:00:00 AM,DAYTON,1513
7/9/2026 12:47:14 PM,7/9/2026 8:47:14 AM,7/12/2026 10:00:00 AM,7/12/2026 6:00:00 AM,7/12/2026 11:00:00 AM,7/12/2026 7:00:00 AM,DAYTON,1501
7/9/2026 12:47:14 PM,7/9/2026 8:47:14 AM,7/12/2026 11:00:00 AM,7/12/2026 7:00:00 AM,7/12/2026 12:00:00 PM,7/12/2026 8:00:00 AM,DAYTON,1556
7/9/2026 12:47:14 PM,7/9/2026 8:47:14 AM,7/12/2026 12:00:00 PM,7/12/2026 8:00:00 AM,7/12/2026 1:00:00 PM,7/12/2026 9:00:00 AM,DAYTON,1686
7/9/2026 12:47:14 PM,7/9/2026 8:47:14 AM,7/12/2026 1:00:00 PM,7/12/2026 9:00:00 AM,7/12/2026 2:00:00 PM,7/12/2026 10:00:00 AM,DAYTON,1827
7/9/2026 12:47:14 PM,7/9/2026 8:47:14 AM,7/12/2026 2:00:00 PM,7/12/2026 10:00:00 AM,7/12/2026 3:00:00 PM,7/12/2026 11:00:00 AM,DAYTON,1968
7/9/2026 12:47:14 PM,7/9/2026 8:47:14 AM,7/12/2026 3:00:00 PM,7/12/2026 11:00:00 AM,7/12/2026 4:00:00 PM,7/12/2026 12:00:00 PM,DAYTON,2110
7/9/2026 12:47:14 PM,7/9/2026 8:47:14 AM,7/12/2026 4:00:00 PM,7/12/2026 12:00:00 PM,7/12/2026 5:00:00 PM,7/12/2026 1:00:00 PM,DAYTON,2245
7/9/2026 12:47:14 PM,7/9/2026 8:47:14 AM,7/12/2026 5:00:00 PM,7/12/2026 1:00:00 PM,7/12/2026 6:00:00 PM,7/12/2026 2:00:00 PM,DAYTON,2355
7/9/2026 12:47:14 PM,7/9/2026 8:47:14 AM,7/12/2026 6:00:00 PM,7/12/2026 2:00:00 PM,7/12/2026 7:00:00 PM,7/12/2026 3:00:00 PM,DAYTON,2443
7/9/2026 12:47:14 PM,7/9/2026 8:47:14 AM,7/12/2026 7:00:00 PM,7/12/2026 3:00:00 PM,7/12/2026 8:00:00 PM,7/12/2026 4:00:00 PM,DAYTON,2524
7/9/2026 12:47:14 PM,7/9/2026 8:47:14 AM,7/12/2026 8:00:00 PM,7/12/2026 4:00:00 PM,7/12/2026 9:00:00 PM,7/12/2026 5:00:00 PM,DAYTON,2601
7/9/2026 12:47:14 PM,7/9/2026 8:47:14 AM,7/12/2026 9:00:00 PM,7/12/2026 5:00:00 PM,7/12/2026 10:00:00 PM,7/12/2026 6:00:00 PM,DAYTON,2643
7/9/2026 12:47:14 PM,7/9/2026 8:47:14 AM,7/12/2026 10:00:00 PM,7/12/2026 6:00:00 PM,7/12/2026 11:00:00 PM,7/12/2026 7:00:00 PM,DAYTON,2631
7/9/2026 12:47:14 PM,7/9/2026 8:47:14 AM,7/12/2026 11:00:00 PM,7/12/2026 7:00:00 PM,7/13/2026 12:00:00 AM,7/12/2026 8:00:00 PM,DAYTON,2583
7/9/2026 12:47:14 PM,7/9/2026 8:47:14 AM,7/13/2026 12:00:00 AM,7/12/2026 8:00:00 PM,7/13/2026 1:00:00 AM,7/12/2026 9:00:00 PM,DAYTON,2493
7/9/2026 12:47:14 PM,7/9/2026 8:47:14 AM,7/13/2026 1:00:00 AM,7/12/2026 9:00:00 PM,7/13/2026 2:00:00 AM,7/12/2026 10:00:00 PM,DAYTON,2396
7/9/2026 12:47:14 PM,7/9/2026 8:47:14 AM,7/13/2026 2:00:00 AM,7/12/2026 10:00:00 PM,7/13/2026 3:00:00 AM,7/12/2026 11:00:00 PM,DAYTON,2254
7/9/2026 12:47:14 PM,7/9/2026 8:47:14 AM,7/13/2026 3:00:00 AM,7/12/2026 11:00:00 PM,7/13/2026 4:00:00 AM,7/13/2026 12:00:00 AM,DAYTON,2096
7/9/2026 12:47:14 PM,7/9/2026 8:47:14 AM,7/13/2026 4:00:00 AM,7/13/2026 12:00:00 AM,7/13/2026 5:00:00 AM,7/13/2026 1:00:00 AM,DAYTON,1901
7/9/2026 12:47:14 PM,7/9/2026 8:47:14 AM,7/13/2026 5:00:00 AM,7/13/2026 1:00:00 AM,7/13/2026 6:00:00 AM,7/13/2026 2:00:00 AM,DAYTON,1795
7/9/2026 12:47:14 PM,7/9/2026 8:47:14 AM,7/13/2026 6:00:00 AM,7/13/2026 2:00:00 AM,7/13/2026 7:00:00 AM,7/13/2026 3:00:00 AM,DAYTON,1723
7/9/2026 12:47:14 PM,7/9/2026 8:47:14 AM,7/13/2026 7:00:00 AM,7/13/2026 3:00:00 AM,7/13/2026 8:00:00 AM,7/13/2026 4:00:00 AM,DAYTON,1677
7/9/2026 12:47:14 PM,7/9/2026 8:47:14 AM,7/13/2026 8:00:00 AM,7/13/2026 4:00:00 AM,7/13/2026 9:00:00 AM,7/13/2026 5:00:00 AM,DAYTON,1676
7/9/2026 12:47:14 PM,7/9/2026 8:47:14 AM,7/13/2026 9:00:00 AM,7/13/2026 5:00:00 AM,7/13/2026 10:00:00 AM,7/13/2026 6:00:00 AM,DAYTON,1744
7/9/2026 12:47:14 PM,7/9/2026 8:47:14 AM,7/13/2026 10:00:00 AM,7/13/2026 6:00:00 AM,7/13/2026 11:00:00 AM,7/13/2026 7:00:00 AM,DAYTON,1857
7/9/2026 12:47:14 PM,7/9/2026 8:47:14 AM,7/13/2026 11:00:00 AM,7/13/2026 7:00:00 AM,7/13/2026 12:00:00 PM,7/13/2026 8:00:00 AM,DAYTON,1989
7/9/2026 12:47:14 PM,7/9/2026 8:47:14 AM,7/13/2026 12:00:00 PM,7/13/2026 8:00:00 AM,7/13/2026 1:00:00 PM,7/13/2026 9:00:00 AM,DAYTON,2116
7/9/2026 12:47:14 PM,7/9/2026 8:47:14 AM,7/13/2026 1:00:00 PM,7/13/2026 9:00:00 AM,7/13/2026 2:00:00 PM,7/13/2026 10:00:00 AM,DAYTON,2253
7/9/2026 12:47:14 PM,7/9/2026 8:47:14 AM,7/13/2026 2:00:00 PM,7/13/2026 10:00:00 AM,7/13/2026 3:00:00 PM,7/13/2026 11:00:00 AM,DAYTON,2406
7/9/2026 12:47:14 PM,7/9/2026 8:47:14 AM,7/13/2026 3:00:00 PM,7/13/2026 11:00:00 AM,7/13/2026 4:00:00 PM,7/13/2026 12:00:00 PM,DAYTON,2549
7/9/2026 12:47:14 PM,7/9/2026 8:47:14 AM,7/13/2026 4:00:00 PM,7/13/2026 12:00:00 PM,7/13/2026 5:00:00 PM,7/13/2026 1:00:00 PM,DAYTON,2694
7/9/2026 12:47:14 PM,7/9/2026 8:47:14 AM,7/13/2026 5:00:00 PM,7/13/2026 1:00:00 PM,7/13/2026 6:00:00 PM,7/13/2026 2:00:00 PM,DAYTON,2827
7/9/2026 12:47:14 PM,7/9/2026 8:47:14 AM,7/13/2026 6:00:00 PM,7/13/2026 2:00:00 PM,7/13/2026 7:00:00 PM,7/13/2026 3:00:00 PM,DAYTON,2920
7/9/2026 12:47:14 PM,7/9/2026 8:47:14 AM,7/13/2026 7:00:00 PM,7/13/2026 3:00:00 PM,7/13/2026 8:00:00 PM,7/13/2026 4:00:00 PM,DAYTON,2978
7/9/2026 12:47:14 PM,7/9/2026 8:47:14 AM,7/13/2026 8:00:00 PM,7/13/2026 4:00:00 PM,7/13/2026 9:00:00 PM,7/13/2026 5:00:00 PM,DAYTON,3028
7/9/2026 12:47:14 PM,7/9/2026 8:47:14 AM,7/13/2026 9:00:00 PM,7/13/2026 5:00:00 PM,7/13/2026 10:00:00 PM,7/13/2026 6:00:00 PM,DAYTON,3054
7/9/2026 12:47:14 PM,7/9/2026 8:47:14 AM,7/13/2026 10:00:00 PM,7/13/2026 6:00:00 PM,7/13/2026 11:00:00 PM,7/13/2026 7:00:00 PM,DAYTON,3014
7/9/2026 12:47:14 PM,7/9/2026 8:47:14 AM,7/13/2026 11:00:00 PM,7/13/2026 7:00:00 PM,7/14/2026 12:00:00 AM,7/13/2026 8:00:00 PM,DAYTON,2932
7/9/2026 12:47:14 PM,7/9/2026 8:47:14 AM,7/14/2026 12:00:00 AM,7/13/2026 8:00:00 PM,7/14/2026 1:00:00 AM,7/13/2026 9:00:00 PM,DAYTON,2817
7/9/2026 12:47:14 PM,7/9/2026 8:47:14 AM,7/14/2026 1:00:00 AM,7/13/2026 9:00:00 PM,7/14/2026 2:00:00 AM,7/13/2026 10:00:00 PM,DAYTON,2693
7/9/2026 12:47:14 PM,7/9/2026 8:47:14 AM,7/14/2026 2:00:00 AM,7/13/2026 10:00:00 PM,7/14/2026 3:00:00 AM,7/13/2026 11:00:00 PM,DAYTON,2506
7/9/2026 12:47:14 PM,7/9/2026 8:47:14 AM,7/14/2026 3:00:00 AM,7/13/2026 11:00:00 PM,7/14/2026 4:00:00 AM,7/14/2026 12:00:00 AM,DAYTON,2297
7/9/2026 12:47:14 PM,7/9/2026 8:47:14 AM,7/14/2026 4:00:00 AM,7/14/2026 12:00:00 AM,7/14/2026 5:00:00 AM,7/14/2026 1:00:00 AM,DAYTON,2094
7/9/2026 12:47:14 PM,7/9/2026 8:47:14 AM,7/14/2026 5:00:00 AM,7/14/2026 1:00:00 AM,7/14/2026 6:00:00 AM,7/14/2026 2:00:00 AM,DAYTON,1957
7/9/2026 12:47:14 PM,7/9/2026 8:47:14 AM,7/14/2026 6:00:00 AM,7/14/2026 2:00:00 AM,7/14/2026 7:00:00 AM,7/14/2026 3:00:00 AM,DAYTON,1865
7/9/2026 12:47:14 PM,7/9/2026 8:47:14 AM,7/14/2026 7:00:00 AM,7/14/2026 3:00:00 AM,7/14/2026 8:00:00 AM,7/14/2026 4:00:00 AM,DAYTON,1796
7/9/2026 12:47:14 PM,7/9/2026 8:47:14 AM,7/14/2026 8:00:00 AM,7/14/2026 4:00:00 AM,7/14/2026 9:00:00 AM,7/14/2026 5:00:00 AM,DAYTON,1775
7/9/2026 12:47:14 PM,7/9/2026 8:47:14 AM,7/14/2026 9:00:00 AM,7/14/2026 5:00:00 AM,7/14/2026 10:00:00 AM,7/14/2026 6:00:00 AM,DAYTON,1825
7/9/2026 12:47:14 PM,7/9/2026 8:47:14 AM,7/14/2026 10:00:00 AM,7/14/2026 6:00:00 AM,7/14/2026 11:00:00 AM,7/14/2026 7:00:00 AM,DAYTON,1918
7/9/2026 12:47:14 PM,7/9/2026 8:47:14 AM,7/14/2026 11:00:00 AM,7/14/2026 7:00:00 AM,7/14/2026 12:00:00 PM,7/14/2026 8:00:00 AM,DAYTON,2046
7/9/2026 12:47:14 PM,7/9/2026 8:47:14 AM,7/14/2026 12:00:00 PM,7/14/2026 8:00:00 AM,7/14/2026 1:00:00 PM,7/14/2026 9:00:00 AM,DAYTON,2184
7/9/2026 12:47:14 PM,7/9/2026 8:47:14 AM,7/14/2026 1:00:00 PM,7/14/2026 9:00:00 AM,7/14/2026 2:00:00 PM,7/14/2026 10:00:00 AM,DAYTON,2334
7/9/2026 12:47:14 PM,7/9/2026 8:47:14 AM,7/14/2026 2:00:00 PM,7/14/2026 10:00:00 AM,7/14/2026 3:00:00 PM,7/14/2026 11:00:00 AM,DAYTON,2498
7/9/2026 12:47:14 PM,7/9/2026 8:47:14 AM,7/14/2026 3:00:00 PM,7/14/2026 11:00:00 AM,7/14/2026 4:00:00 PM,7/14/2026 12:00:00 PM,DAYTON,2663
7/9/2026 12:47:14 PM,7/9/2026 8:47:14 AM,7/14/2026 4:00:00 PM,7/14/2026 12:00:00 PM,7/14/2026 5:00:00 PM,7/14/2026 1:00:00 PM,DAYTON,2820
7/9/2026 12:47:14 PM,7/9/2026 8:47:14 AM,7/14/2026 5:00:00 PM,7/14/2026 1:00:00 PM,7/14/2026 6:00:00 PM,7/14/2026 2:00:00 PM,DAYTON,2956
7/9/2026 12:47:14 PM,7/9/2026 8:47:14 AM,7/14/2026 6:00:00 PM,7/14/2026 2:00:00 PM,7/14/2026 7:00:00 PM,7/14/2026 3:00:00 PM,DAYTON,3045
7/9/2026 12:47:14 PM,7/9/2026 8:47:14 AM,7/14/2026 7:00:00 PM,7/14/2026 3:00:00 PM,7/14/2026 8:00:00 PM,7/14/2026 4:00:00 PM,DAYTON,3101
7/9/2026 12:47:14 PM,7/9/2026 8:47:14 AM,7/14/2026 8:00:00 PM,7/14/2026 4:00:00 PM,7/14/2026 9:00:00 PM,7/14/2026 5:00:00 PM,DAYTON,3160
7/9/2026 12:47:14 PM,7/9/2026 8:47:14 AM,7/14/2026 9:00:00 PM,7/14/2026 5:00:00 PM,7/14/2026 10:00:00 PM,7/14/2026 6:00:00 PM,DAYTON,3187
7/9/2026 12:47:14 PM,7/9/2026 8:47:14 AM,7/14/2026 10:00:00 PM,7/14/2026 6:00:00 PM,7/14/2026 11:00:00 PM,7/14/2026 7:00:00 PM,DAYTON,3167
7/9/2026 12:47:14 PM,7/9/2026 8:47:14 AM,7/14/2026 11:00:00 PM,7/14/2026 7:00:00 PM,7/15/2026 12:00:00 AM,7/14/2026 8:00:00 PM,DAYTON,3090
7/9/2026 12:47:14 PM,7/9/2026 8:47:14 AM,7/15/2026 12:00:00 AM,7/14/2026 8:00:00 PM,7/15/2026 1:00:00 AM,7/14/2026 9:00:00 PM,DAYTON,2970
7/9/2026 12:47:14 PM,7/9/2026 8:47:14 AM,7/15/2026 1:00:00 AM,7/14/2026 9:00:00 PM,7/15/2026 2:00:00 AM,7/14/2026 10:00:00 PM,DAYTON,2828
7/9/2026 12:47:14 PM,7/9/2026 8:47:14 AM,7/15/2026 2:00:00 AM,7/14/2026 10:00:00 PM,7/15/2026 3:00:00 AM,7/14/2026 11:00:00 PM,DAYTON,2631
7/9/2026 12:47:14 PM,7/9/2026 8:47:14 AM,7/15/2026 3:00:00 AM,7/14/2026 11:00:00 PM,7/15/2026 4:00:00 AM,7/15/2026 12:00:00 AM,DAYTON,2412
7/9/2026 12:47:14 PM,7/9/2026 8:47:14 AM,7/15/2026 4:00:00 AM,7/15/2026 12:00:00 AM,7/15/2026 5:00:00 AM,7/15/2026 1:00:00 AM,DAYTON,2224
7/9/2026 12:47:14 PM,7/9/2026 8:47:14 AM,7/15/2026 5:00:00 AM,7/15/2026 1:00:00 AM,7/15/2026 6:00:00 AM,7/15/2026 2:00:00 AM,DAYTON,2083
7/9/2026 12:47:14 PM,7/9/2026 8:47:14 AM,7/15/2026 6:00:00 AM,7/15/2026 2:00:00 AM,7/15/2026 7:00:00 AM,7/15/2026 3:00:00 AM,DAYTON,1976
7/9/2026 12:47:14 PM,7/9/2026 8:47:14 AM,7/15/2026 7:00:00 AM,7/15/2026 3:00:00 AM,7/15/2026 8:00:00 AM,7/15/2026 4:00:00 AM,DAYTON,1907
7/9/2026 12:47:14 PM,7/9/2026 8:47:14 AM,7/15/2026 8:00:00 AM,7/15/2026 4:00:00 AM,7/15/2026 9:00:00 AM,7/15/2026 5:00:00 AM,DAYTON,1883
7/9/2026 12:47:14 PM,7/9/2026 8:47:14 AM,7/15/2026 9:00:00 AM,7/15/2026 5:00:00 AM,7/15/2026 10:00:00 AM,7/15/2026 6:00:00 AM,DAYTON,1935
7/9/2026 12:47:14 PM,7/9/2026 8:47:14 AM,7/15/2026 10:00:00 AM,7/15/2026 6:00:00 AM,7/15/2026 11:00:00 AM,7/15/2026 7:00:00 AM,DAYTON,2029
7/9/2026 12:47:14 PM,7/9/2026 8:47:14 AM,7/15/2026 11:00:00 AM,7/15/2026 7:00:00 AM,7/15/2026 12:00:00 PM,7/15/2026 8:00:00 AM,DAYTON,2167
7/9/2026 12:47:14 PM,7/9/2026 8:47:14 AM,7/15/2026 12:00:00 PM,7/15/2026 8:00:00 AM,7/15/2026 1:00:00 PM,7/15/2026 9:00:00 AM,DAYTON,2329
7/9/2026 12:47:14 PM,7/9/2026 8:47:14 AM,7/15/2026 1:00:00 PM,7/15/2026 9:00:00 AM,7/15/2026 2:00:00 PM,7/15/2026 10:00:00 AM,DAYTON,2503
7/9/2026 12:47:14 PM,7/9/2026 8:47:14 AM,7/15/2026 2:00:00 PM,7/15/2026 10:00:00 AM,7/15/2026 3:00:00 PM,7/15/2026 11:00:00 AM,DAYTON,2692
7/9/2026 12:47:14 PM,7/9/2026 8:47:14 AM,7/15/2026 3:00:00 PM,7/15/2026 11:00:00 AM,7/15/2026 4:00:00 PM,7/15/2026 12:00:00 PM,DAYTON,2863
7/9/2026 12:47:14 PM,7/9/2026 8:47:14 AM,7/15/2026 4:00:00 PM,7/15/2026 12:00:00 PM,7/15/2026 5:00:00 PM,7/15/2026 1:00:00 PM,DAYTON,3030
7/9/2026 12:47:14 PM,7/9/2026 8:47:14 AM,7/15/2026 5:00:00 PM,7/15/2026 1:00:00 PM,7/15/2026 6:00:00 PM,7/15/2026 2:00:00 PM,DAYTON,3171
7/9/2026 12:47:14 PM,7/9/2026 8:47:14 AM,7/15/2026 6:00:00 PM,7/15/2026 2:00:00 PM,7/15/2026 7:00:00 PM,7/15/2026 3:00:00 PM,DAYTON,3248
7/9/2026 12:47:14 PM,7/9/2026 8:47:14 AM,7/15/2026 7:00:00 PM,7/15/2026 3:00:00 PM,7/15/2026 8:00:00 PM,7/15/2026 4:00:00 PM,DAYTON,3283
7/9/2026 12:47:14 PM,7/9/2026 8:47:14 AM,7/15/2026 8:00:00 PM,7/15/2026 4:00:00 PM,7/15/2026 9:00:00 PM,7/15/2026 5:00:00 PM,DAYTON,3292
7/9/2026 12:47:14 PM,7/9/2026 8:47:14 AM,7/15/2026 9:00:00 PM,7/15/2026 5:00:00 PM,7/15/2026 10:00:00 PM,7/15/2026 6:00:00 PM,DAYTON,3299
7/9/2026 12:47:14 PM,7/9/2026 8:47:14 AM,7/15/2026 10:00:00 PM,7/15/2026 6:00:00 PM,7/15/2026 11:00:00 PM,7/15/2026 7:00:00 PM,DAYTON,3268
7/9/2026 12:47:14 PM,7/9/2026 8:47:14 AM,7/15/2026 11:00:00 PM,7/15/2026 7:00:00 PM,7/16/2026 12:00:00 AM,7/15/2026 8:00:00 PM,DAYTON,3195
7/9/2026 12:47:14 PM,7/9/2026 8:47:14 AM,7/16/2026 12:00:00 AM,7/15/2026 8:00:00 PM,7/16/2026 1:00:00 AM,7/15/2026 9:00:00 PM,DAYTON,3076
7/9/2026 12:47:14 PM,7/9/2026 8:47:14 AM,7/16/2026 1:00:00 AM,7/15/2026 9:00:00 PM,7/16/2026 2:00:00 AM,7/15/2026 10:00:00 PM,DAYTON,2947
7/9/2026 12:47:14 PM,7/9/2026 8:47:14 AM,7/16/2026 2:00:00 AM,7/15/2026 10:00:00 PM,7/16/2026 3:00:00 AM,7/15/2026 11:00:00 PM,DAYTON,2753
7/9/2026 12:47:14 PM,7/9/2026 8:47:14 AM,7/16/2026 3:00:00 AM,7/15/2026 11:00:00 PM,7/16/2026 4:00:00 AM,7/16/2026 12:00:00 AM,DAYTON,2548
7/9/2026 12:47:14 PM,7/9/2026 8:47:14 AM,7/9/2026 4:00:00 AM,7/9/2026 12:00:00 AM,7/9/2026 5:00:00 AM,7/9/2026 1:00:00 AM,DEOK,3483
7/9/2026 12:47:14 PM,7/9/2026 8:47:14 AM,7/9/2026 5:00:00 AM,7/9/2026 1:00:00 AM,7/9/2026 6:00:00 AM,7/9/2026 2:00:00 AM,DEOK,3309
7/9/2026 12:47:14 PM,7/9/2026 8:47:14 AM,7/9/2026 6:00:00 AM,7/9/2026 2:00:00 AM,7/9/2026 7:00:00 AM,7/9/2026 3:00:00 AM,DEOK,3152
7/9/2026 12:47:14 PM,7/9/2026 8:47:14 AM,7/9/2026 7:00:00 AM,7/9/2026 3:00:00 AM,7/9/2026 8:00:00 AM,7/9/2026 4:00:00 AM,DEOK,3037
7/9/2026 12:47:14 PM,7/9/2026 8:47:14 AM,7/9/2026 8:00:00 AM,7/9/2026 4:00:00 AM,7/9/2026 9:00:00 AM,7/9/2026 5:00:00 AM,DEOK,2990
7/9/2026 12:47:14 PM,7/9/2026 8:47:14 AM,7/9/2026 9:00:00 AM,7/9/2026 5:00:00 AM,7/9/2026 10:00:00 AM,7/9/2026 6:00:00 AM,DEOK,3072
7/9/2026 12:47:14 PM,7/9/2026 8:47:14 AM,7/9/2026 10:00:00 AM,7/9/2026 6:00:00 AM,7/9/2026 11:00:00 AM,7/9/2026 7:00:00 AM,DEOK,3200
7/9/2026 12:47:14 PM,7/9/2026 8:47:14 AM,7/9/2026 11:00:00 AM,7/9/2026 7:00:00 AM,7/9/2026 12:00:00 PM,7/9/2026 8:00:00 AM,DEOK,3299
7/9/2026 12:47:14 PM,7/9/2026 8:47:14 AM,7/9/2026 12:00:00 PM,7/9/2026 8:00:00 AM,7/9/2026 1:00:00 PM,7/9/2026 9:00:00 AM,DEOK,3445
7/9/2026 12:47:14 PM,7/9/2026 8:47:14 AM,7/9/2026 1:00:00 PM,7/9/2026 9:00:00 AM,7/9/2026 2:00:00 PM,7/9/2026 10:00:00 AM,DEOK,3629
7/9/2026 12:47:14 PM,7/9/2026 8:47:14 AM,7/9/2026 2:00:00 PM,7/9/2026 10:00:00 AM,7/9/2026 3:00:00 PM,7/9/2026 11:00:00 AM,DEOK,3891
7/9/2026 12:47:14 PM,7/9/2026 8:47:14 AM,7/9/2026 3:00:00 PM,7/9/2026 11:00:00 AM,7/9/2026 4:00:00 PM,7/9/2026 12:00:00 PM,DEOK,4048
7/9/2026 12:47:14 PM,7/9/2026 8:47:14 AM,7/9/2026 4:00:00 PM,7/9/2026 12:00:00 PM,7/9/2026 5:00:00 PM,7/9/2026 1:00:00 PM,DEOK,4183
7/9/2026 12:47:14 PM,7/9/2026 8:47:14 AM,7/9/2026 5:00:00 PM,7/9/2026 1:00:00 PM,7/9/2026 6:00:00 PM,7/9/2026 2:00:00 PM,DEOK,4354
7/9/2026 12:47:14 PM,7/9/2026 8:47:14 AM,7/9/2026 6:00:00 PM,7/9/2026 2:00:00 PM,7/9/2026 7:00:00 PM,7/9/2026 3:00:00 PM,DEOK,4460
7/9/2026 12:47:14 PM,7/9/2026 8:47:14 AM,7/9/2026 7:00:00 PM,7/9/2026 3:00:00 PM,7/9/2026 8:00:00 PM,7/9/2026 4:00:00 PM,DEOK,4560
7/9/2026 12:47:14 PM,7/9/2026 8:47:14 AM,7/9/2026 8:00:00 PM,7/9/2026 4:00:00 PM,7/9/2026 9:00:00 PM,7/9/2026 5:00:00 PM,DEOK,4634
7/9/2026 12:47:14 PM,7/9/2026 8:47:14 AM,7/9/2026 9:00:00 PM,7/9/2026 5:00:00 PM,7/9/2026 10:00:00 PM,7/9/2026 6:00:00 PM,DEOK,4667
7/9/2026 12:47:14 PM,7/9/2026 8:47:14 AM,7/9/2026 10:00:00 PM,7/9/2026 6:00:00 PM,7/9/2026 11:00:00 PM,7/9/2026 7:00:00 PM,DEOK,4607
7/9/2026 12:47:14 PM,7/9/2026 8:47:14 AM,7/9/2026 11:00:00 PM,7/9/2026 7:00:00 PM,7/10/2026 12:00:00 AM,7/9/2026 8:00:00 PM,DEOK,4477
7/9/2026 12:47:14 PM,7/9/2026 8:47:14 AM,7/10/2026 12:00:00 AM,7/9/2026 8:00:00 PM,7/10/2026 1:00:00 AM,7/9/2026 9:00:00 PM,DEOK,4338
7/9/2026 12:47:14 PM,7/9/2026 8:47:14 AM,7/10/2026 1:00:00 AM,7/9/2026 9:00:00 PM,7/10/2026 2:00:00 AM,7/9/2026 10:00:00 PM,DEOK,4151
7/9/2026 12:47:14 PM,7/9/2026 8:47:14 AM,7/10/2026 2:00:00 AM,7/9/2026 10:00:00 PM,7/10/2026 3:00:00 AM,7/9/2026 11:00:00 PM,DEOK,3912
7/9/2026 12:47:14 PM,7/9/2026 8:47:14 AM,7/10/2026 3:00:00 AM,7/9/2026 11:00:00 PM,7/10/2026 4:00:00 AM,7/10/2026 12:00:00 AM,DEOK,3601
7/9/2026 12:47:14 PM,7/9/2026 8:47:14 AM,7/10/2026 4:00:00 AM,7/10/2026 12:00:00 AM,7/10/2026 5:00:00 AM,7/10/2026 1:00:00 AM,DEOK,3390
7/9/2026 12:47:14 PM,7/9/2026 8:47:14 AM,7/10/2026 5:00:00 AM,7/10/2026 1:00:00 AM,7/10/2026 6:00:00 AM,7/10/2026 2:00:00 AM,DEOK,3181
7/9/2026 12:47:14 PM,7/9/2026 8:47:14 AM,7/10/2026 6:00:00 AM,7/10/2026 2:00:00 AM,7/10/2026 7:00:00 AM,7/10/2026 3:00:00 AM,DEOK,3028
7/9/2026 12:47:14 PM,7/9/2026 8:47:14 AM,7/10/2026 7:00:00 AM,7/10/2026 3:00:00 AM,7/10/2026 8:00:00 AM,7/10/2026 4:00:00 AM,DEOK,2924
7/9/2026 12:47:14 PM,7/9/2026 8:47:14 AM,7/10/2026 8:00:00 AM,7/10/2026 4:00:00 AM,7/10/2026 9:00:00 AM,7/10/2026 5:00:00 AM,DEOK,2883
7/9/2026 12:47:14 PM,7/9/2026 8:47:14 AM,7/10/2026 9:00:00 AM,7/10/2026 5:00:00 AM,7/10/2026 10:00:00 AM,7/10/2026 6:00:00 AM,DEOK,2944
7/9/2026 12:47:14 PM,7/9/2026 8:47:14 AM,7/10/2026 10:00:00 AM,7/10/2026 6:00:00 AM,7/10/2026 11:00:00 AM,7/10/2026 7:00:00 AM,DEOK,3058
7/9/2026 12:47:14 PM,7/9/2026 8:47:14 AM,7/10/2026 11:00:00 AM,7/10/2026 7:00:00 AM,7/10/2026 12:00:00 PM,7/10/2026 8:00:00 AM,DEOK,3199
7/9/2026 12:47:14 PM,7/9/2026 8:47:14 AM,7/10/2026 12:00:00 PM,7/10/2026 8:00:00 AM,7/10/2026 1:00:00 PM,7/10/2026 9:00:00 AM,DEOK,3373
7/9/2026 12:47:14 PM,7/9/2026 8:47:14 AM,7/10/2026 1:00:00 PM,7/10/2026 9:00:00 AM,7/10/2026 2:00:00 PM,7/10/2026 10:00:00 AM,DEOK,3543
7/9/2026 12:47:14 PM,7/9/2026 8:47:14 AM,7/10/2026 2:00:00 PM,7/10/2026 10:00:00 AM,7/10/2026 3:00:00 PM,7/10/2026 11:00:00 AM,DEOK,3693
7/9/2026 12:47:14 PM,7/9/2026 8:47:14 AM,7/10/2026 3:00:00 PM,7/10/2026 11:00:00 AM,7/10/2026 4:00:00 PM,7/10/2026 12:00:00 PM,DEOK,3814
7/9/2026 12:47:14 PM,7/9/2026 8:47:14 AM,7/10/2026 4:00:00 PM,7/10/2026 12:00:00 PM,7/10/2026 5:00:00 PM,7/10/2026 1:00:00 PM,DEOK,3920
7/9/2026 12:47:14 PM,7/9/2026 8:47:14 AM,7/10/2026 5:00:00 PM,7/10/2026 1:00:00 PM,7/10/2026 6:00:00 PM,7/10/2026 2:00:00 PM,DEOK,3996
7/9/2026 12:47:14 PM,7/9/2026 8:47:14 AM,7/10/2026 6:00:00 PM,7/10/2026 2:00:00 PM,7/10/2026 7:00:00 PM,7/10/2026 3:00:00 PM,DEOK,4041
7/9/2026 12:47:14 PM,7/9/2026 8:47:14 AM,7/10/2026 7:00:00 PM,7/10/2026 3:00:00 PM,7/10/2026 8:00:00 PM,7/10/2026 4:00:00 PM,DEOK,4078
7/9/2026 12:47:14 PM,7/9/2026 8:47:14 AM,7/10/2026 8:00:00 PM,7/10/2026 4:00:00 PM,7/10/2026 9:00:00 PM,7/10/2026 5:00:00 PM,DEOK,4109
7/9/2026 12:47:14 PM,7/9/2026 8:47:14 AM,7/10/2026 9:00:00 PM,7/10/2026 5:00:00 PM,7/10/2026 10:00:00 PM,7/10/2026 6:00:00 PM,DEOK,4097
7/9/2026 12:47:14 PM,7/9/2026 8:47:14 AM,7/10/2026 10:00:00 PM,7/10/2026 6:00:00 PM,7/10/2026 11:00:00 PM,7/10/2026 7:00:00 PM,DEOK,4008
7/9/2026 12:47:14 PM,7/9/2026 8:47:14 AM,7/10/2026 11:00:00 PM,7/10/2026 7:00:00 PM,7/11/2026 12:00:00 AM,7/10/2026 8:00:00 PM,DEOK,3872
7/9/2026 12:47:14 PM,7/9/2026 8:47:14 AM,7/11/2026 12:00:00 AM,7/10/2026 8:00:00 PM,7/11/2026 1:00:00 AM,7/10/2026 9:00:00 PM,DEOK,3720
7/9/2026 12:47:14 PM,7/9/2026 8:47:14 AM,7/11/2026 1:00:00 AM,7/10/2026 9:00:00 PM,7/11/2026 2:00:00 AM,7/10/2026 10:00:00 PM,DEOK,3578
7/9/2026 12:47:14 PM,7/9/2026 8:47:14 AM,7/11/2026 2:00:00 AM,7/10/2026 10:00:00 PM,7/11/2026 3:00:00 AM,7/10/2026 11:00:00 PM,DEOK,3381
7/9/2026 12:47:14 PM,7/9/2026 8:47:14 AM,7/11/2026 3:00:00 AM,7/10/2026 11:00:00 PM,7/11/2026 4:00:00 AM,7/11/2026 12:00:00 AM,DEOK,3147
7/9/2026 12:47:14 PM,7/9/2026 8:47:14 AM,7/11/2026 4:00:00 AM,7/11/2026 12:00:00 AM,7/11/2026 5:00:00 AM,7/11/2026 1:00:00 AM,DEOK,3007
7/9/2026 12:47:14 PM,7/9/2026 8:47:14 AM,7/11/2026 5:00:00 AM,7/11/2026 1:00:00 AM,7/11/2026 6:00:00 AM,7/11/2026 2:00:00 AM,DEOK,2839
7/9/2026 12:47:14 PM,7/9/2026 8:47:14 AM,7/11/2026 6:00:00 AM,7/11/2026 2:00:00 AM,7/11/2026 7:00:00 AM,7/11/2026 3:00:00 AM,DEOK,2710
7/9/2026 12:47:14 PM,7/9/2026 8:47:14 AM,7/11/2026 7:00:00 AM,7/11/2026 3:00:00 AM,7/11/2026 8:00:00 AM,7/11/2026 4:00:00 AM,DEOK,2628
7/9/2026 12:47:14 PM,7/9/2026 8:47:14 AM,7/11/2026 8:00:00 AM,7/11/2026 4:00:00 AM,7/11/2026 9:00:00 AM,7/11/2026 5:00:00 AM,DEOK,2588
7/9/2026 12:47:14 PM,7/9/2026 8:47:14 AM,7/11/2026 9:00:00 AM,7/11/2026 5:00:00 AM,7/11/2026 10:00:00 AM,7/11/2026 6:00:00 AM,DEOK,2597
7/9/2026 12:47:14 PM,7/9/2026 8:47:14 AM,7/11/2026 10:00:00 AM,7/11/2026 6:00:00 AM,7/11/2026 11:00:00 AM,7/11/2026 7:00:00 AM,DEOK,2617
7/9/2026 12:47:14 PM,7/9/2026 8:47:14 AM,7/11/2026 11:00:00 AM,7/11/2026 7:00:00 AM,7/11/2026 12:00:00 PM,7/11/2026 8:00:00 AM,DEOK,2702
7/9/2026 12:47:14 PM,7/9/2026 8:47:14 AM,7/11/2026 12:00:00 PM,7/11/2026 8:00:00 AM,7/11/2026 1:00:00 PM,7/11/2026 9:00:00 AM,DEOK,2872
7/9/2026 12:47:14 PM,7/9/2026 8:47:14 AM,7/11/2026 1:00:00 PM,7/11/2026 9:00:00 AM,7/11/2026 2:00:00 PM,7/11/2026 10:00:00 AM,DEOK,3055
7/9/2026 12:47:14 PM,7/9/2026 8:47:14 AM,7/11/2026 2:00:00 PM,7/11/2026 10:00:00 AM,7/11/2026 3:00:00 PM,7/11/2026 11:00:00 AM,DEOK,3216
7/9/2026 12:47:14 PM,7/9/2026 8:47:14 AM,7/11/2026 3:00:00 PM,7/11/2026 11:00:00 AM,7/11/2026 4:00:00 PM,7/11/2026 12:00:00 PM,DEOK,3348
7/9/2026 12:47:14 PM,7/9/2026 8:47:14 AM,7/11/2026 4:00:00 PM,7/11/2026 12:00:00 PM,7/11/2026 5:00:00 PM,7/11/2026 1:00:00 PM,DEOK,3473
7/9/2026 12:47:14 PM,7/9/2026 8:47:14 AM,7/11/2026 5:00:00 PM,7/11/2026 1:00:00 PM,7/11/2026 6:00:00 PM,7/11/2026 2:00:00 PM,DEOK,3600
7/9/2026 12:47:14 PM,7/9/2026 8:47:14 AM,7/11/2026 6:00:00 PM,7/11/2026 2:00:00 PM,7/11/2026 7:00:00 PM,7/11/2026 3:00:00 PM,DEOK,3732
7/9/2026 12:47:14 PM,7/9/2026 8:47:14 AM,7/11/2026 7:00:00 PM,7/11/2026 3:00:00 PM,7/11/2026 8:00:00 PM,7/11/2026 4:00:00 PM,DEOK,3846
7/9/2026 12:47:14 PM,7/9/2026 8:47:14 AM,7/11/2026 8:00:00 PM,7/11/2026 4:00:00 PM,7/11/2026 9:00:00 PM,7/11/2026 5:00:00 PM,DEOK,3923
7/9/2026 12:47:14 PM,7/9/2026 8:47:14 AM,7/11/2026 9:00:00 PM,7/11/2026 5:00:00 PM,7/11/2026 10:00:00 PM,7/11/2026 6:00:00 PM,DEOK,3953
7/9/2026 12:47:14 PM,7/9/2026 8:47:14 AM,7/11/2026 10:00:00 PM,7/11/2026 6:00:00 PM,7/11/2026 11:00:00 PM,7/11/2026 7:00:00 PM,DEOK,3909
7/9/2026 12:47:14 PM,7/9/2026 8:47:14 AM,7/11/2026 11:00:00 PM,7/11/2026 7:00:00 PM,7/12/2026 12:00:00 AM,7/11/2026 8:00:00 PM,DEOK,3795
7/9/2026 12:47:14 PM,7/9/2026 8:47:14 AM,7/12/2026 12:00:00 AM,7/11/2026 8:00:00 PM,7/12/2026 1:00:00 AM,7/11/2026 9:00:00 PM,DEOK,3655
7/9/2026 12:47:14 PM,7/9/2026 8:47:14 AM,7/12/2026 1:00:00 AM,7/11/2026 9:00:00 PM,7/12/2026 2:00:00 AM,7/11/2026 10:00:00 PM,DEOK,3545
7/9/2026 12:47:14 PM,7/9/2026 8:47:14 AM,7/12/2026 2:00:00 AM,7/11/2026 10:00:00 PM,7/12/2026 3:00:00 AM,7/11/2026 11:00:00 PM,DEOK,3369
7/9/2026 12:47:14 PM,7/9/2026 8:47:14 AM,7/12/2026 3:00:00 AM,7/11/2026 11:00:00 PM,7/12/2026 4:00:00 AM,7/12/2026 12:00:00 AM,DEOK,3157
7/9/2026 12:47:14 PM,7/9/2026 8:47:14 AM,7/12/2026 4:00:00 AM,7/12/2026 12:00:00 AM,7/12/2026 5:00:00 AM,7/12/2026 1:00:00 AM,DEOK,2916
7/9/2026 12:47:14 PM,7/9/2026 8:47:14 AM,7/12/2026 5:00:00 AM,7/12/2026 1:00:00 AM,7/12/2026 6:00:00 AM,7/12/2026 2:00:00 AM,DEOK,2736
7/9/2026 12:47:14 PM,7/9/2026 8:47:14 AM,7/12/2026 6:00:00 AM,7/12/2026 2:00:00 AM,7/12/2026 7:00:00 AM,7/12/2026 3:00:00 AM,DEOK,2604
7/9/2026 12:47:14 PM,7/9/2026 8:47:14 AM,7/12/2026 7:00:00 AM,7/12/2026 3:00:00 AM,7/12/2026 8:00:00 AM,7/12/2026 4:00:00 AM,DEOK,2504
7/9/2026 12:47:14 PM,7/9/2026 8:47:14 AM,7/12/2026 8:00:00 AM,7/12/2026 4:00:00 AM,7/12/2026 9:00:00 AM,7/12/2026 5:00:00 AM,DEOK,2442
7/9/2026 12:47:14 PM,7/9/2026 8:47:14 AM,7/12/2026 9:00:00 AM,7/12/2026 5:00:00 AM,7/12/2026 10:00:00 AM,7/12/2026 6:00:00 AM,DEOK,2417
7/9/2026 12:47:14 PM,7/9/2026 8:47:14 AM,7/12/2026 10:00:00 AM,7/12/2026 6:00:00 AM,7/12/2026 11:00:00 AM,7/12/2026 7:00:00 AM,DEOK,2399
7/9/2026 12:47:14 PM,7/9/2026 8:47:14 AM,7/12/2026 11:00:00 AM,7/12/2026 7:00:00 AM,7/12/2026 12:00:00 PM,7/12/2026 8:00:00 AM,DEOK,2471
7/9/2026 12:47:14 PM,7/9/2026 8:47:14 AM,7/12/2026 12:00:00 PM,7/12/2026 8:00:00 AM,7/12/2026 1:00:00 PM,7/12/2026 9:00:00 AM,DEOK,2657
7/9/2026 12:47:14 PM,7/9/2026 8:47:14 AM,7/12/2026 1:00:00 PM,7/12/2026 9:00:00 AM,7/12/2026 2:00:00 PM,7/12/2026 10:00:00 AM,DEOK,2871
7/9/2026 12:47:14 PM,7/9/2026 8:47:14 AM,7/12/2026 2:00:00 PM,7/12/2026 10:00:00 AM,7/12/2026 3:00:00 PM,7/12/2026 11:00:00 AM,DEOK,3090
7/9/2026 12:47:14 PM,7/9/2026 8:47:14 AM,7/12/2026 3:00:00 PM,7/12/2026 11:00:00 AM,7/12/2026 4:00:00 PM,7/12/2026 12:00:00 PM,DEOK,3292
7/9/2026 12:47:14 PM,7/9/2026 8:47:14 AM,7/12/2026 4:00:00 PM,7/12/2026 12:00:00 PM,7/12/2026 5:00:00 PM,7/12/2026 1:00:00 PM,DEOK,3477
7/9/2026 12:47:14 PM,7/9/2026 8:47:14 AM,7/12/2026 5:00:00 PM,7/12/2026 1:00:00 PM,7/12/2026 6:00:00 PM,7/12/2026 2:00:00 PM,DEOK,3636
7/9/2026 12:47:14 PM,7/9/2026 8:47:14 AM,7/12/2026 6:00:00 PM,7/12/2026 2:00:00 PM,7/12/2026 7:00:00 PM,7/12/2026 3:00:00 PM,DEOK,3795
7/9/2026 12:47:14 PM,7/9/2026 8:47:14 AM,7/12/2026 7:00:00 PM,7/12/2026 3:00:00 PM,7/12/2026 8:00:00 PM,7/12/2026 4:00:00 PM,DEOK,3931
7/9/2026 12:47:14 PM,7/9/2026 8:47:14 AM,7/12/2026 8:00:00 PM,7/12/2026 4:00:00 PM,7/12/2026 9:00:00 PM,7/12/2026 5:00:00 PM,DEOK,4044
7/9/2026 12:47:14 PM,7/9/2026 8:47:14 AM,7/12/2026 9:00:00 PM,7/12/2026 5:00:00 PM,7/12/2026 10:00:00 PM,7/12/2026 6:00:00 PM,DEOK,4098
7/9/2026 12:47:14 PM,7/9/2026 8:47:14 AM,7/12/2026 10:00:00 PM,7/12/2026 6:00:00 PM,7/12/2026 11:00:00 PM,7/12/2026 7:00:00 PM,DEOK,4057
7/9/2026 12:47:14 PM,7/9/2026 8:47:14 AM,7/12/2026 11:00:00 PM,7/12/2026 7:00:00 PM,7/13/2026 12:00:00 AM,7/12/2026 8:00:00 PM,DEOK,3964
7/9/2026 12:47:14 PM,7/9/2026 8:47:14 AM,7/13/2026 12:00:00 AM,7/12/2026 8:00:00 PM,7/13/2026 1:00:00 AM,7/12/2026 9:00:00 PM,DEOK,3807
7/9/2026 12:47:14 PM,7/9/2026 8:47:14 AM,7/13/2026 1:00:00 AM,7/12/2026 9:00:00 PM,7/13/2026 2:00:00 AM,7/12/2026 10:00:00 PM,DEOK,3654
7/9/2026 12:47:14 PM,7/9/2026 8:47:14 AM,7/13/2026 2:00:00 AM,7/12/2026 10:00:00 PM,7/13/2026 3:00:00 AM,7/12/2026 11:00:00 PM,DEOK,3452
7/9/2026 12:47:14 PM,7/9/2026 8:47:14 AM,7/13/2026 3:00:00 AM,7/12/2026 11:00:00 PM,7/13/2026 4:00:00 AM,7/13/2026 12:00:00 AM,DEOK,3194
7/9/2026 12:47:14 PM,7/9/2026 8:47:14 AM,7/13/2026 4:00:00 AM,7/13/2026 12:00:00 AM,7/13/2026 5:00:00 AM,7/13/2026 1:00:00 AM,DEOK,2960
7/9/2026 12:47:14 PM,7/9/2026 8:47:14 AM,7/13/2026 5:00:00 AM,7/13/2026 1:00:00 AM,7/13/2026 6:00:00 AM,7/13/2026 2:00:00 AM,DEOK,2777
7/9/2026 12:47:14 PM,7/9/2026 8:47:14 AM,7/13/2026 6:00:00 AM,7/13/2026 2:00:00 AM,7/13/2026 7:00:00 AM,7/13/2026 3:00:00 AM,DEOK,2647
7/9/2026 12:47:14 PM,7/9/2026 8:47:14 AM,7/13/2026 7:00:00 AM,7/13/2026 3:00:00 AM,7/13/2026 8:00:00 AM,7/13/2026 4:00:00 AM,DEOK,2569
7/9/2026 12:47:14 PM,7/9/2026 8:47:14 AM,7/13/2026 8:00:00 AM,7/13/2026 4:00:00 AM,7/13/2026 9:00:00 AM,7/13/2026 5:00:00 AM,DEOK,2556
7/9/2026 12:47:14 PM,7/9/2026 8:47:14 AM,7/13/2026 9:00:00 AM,7/13/2026 5:00:00 AM,7/13/2026 10:00:00 AM,7/13/2026 6:00:00 AM,DEOK,2639
7/9/2026 12:47:14 PM,7/9/2026 8:47:14 AM,7/13/2026 10:00:00 AM,7/13/2026 6:00:00 AM,7/13/2026 11:00:00 AM,7/13/2026 7:00:00 AM,DEOK,2771
7/9/2026 12:47:14 PM,7/9/2026 8:47:14 AM,7/13/2026 11:00:00 AM,7/13/2026 7:00:00 AM,7/13/2026 12:00:00 PM,7/13/2026 8:00:00 AM,DEOK,2946
7/9/2026 12:47:14 PM,7/9/2026 8:47:14 AM,7/13/2026 12:00:00 PM,7/13/2026 8:00:00 AM,7/13/2026 1:00:00 PM,7/13/2026 9:00:00 AM,DEOK,3152
7/9/2026 12:47:14 PM,7/9/2026 8:47:14 AM,7/13/2026 1:00:00 PM,7/13/2026 9:00:00 AM,7/13/2026 2:00:00 PM,7/13/2026 10:00:00 AM,DEOK,3367
7/9/2026 12:47:14 PM,7/9/2026 8:47:14 AM,7/13/2026 2:00:00 PM,7/13/2026 10:00:00 AM,7/13/2026 3:00:00 PM,7/13/2026 11:00:00 AM,DEOK,3588
7/9/2026 12:47:14 PM,7/9/2026 8:47:14 AM,7/13/2026 3:00:00 PM,7/13/2026 11:00:00 AM,7/13/2026 4:00:00 PM,7/13/2026 12:00:00 PM,DEOK,3795
7/9/2026 12:47:14 PM,7/9/2026 8:47:14 AM,7/13/2026 4:00:00 PM,7/13/2026 12:00:00 PM,7/13/2026 5:00:00 PM,7/13/2026 1:00:00 PM,DEOK,4004
7/9/2026 12:47:14 PM,7/9/2026 8:47:14 AM,7/13/2026 5:00:00 PM,7/13/2026 1:00:00 PM,7/13/2026 6:00:00 PM,7/13/2026 2:00:00 PM,DEOK,4188
7/9/2026 12:47:14 PM,7/9/2026 8:47:14 AM,7/13/2026 6:00:00 PM,7/13/2026 2:00:00 PM,7/13/2026 7:00:00 PM,7/13/2026 3:00:00 PM,DEOK,4341
7/9/2026 12:47:14 PM,7/9/2026 8:47:14 AM,7/13/2026 7:00:00 PM,7/13/2026 3:00:00 PM,7/13/2026 8:00:00 PM,7/13/2026 4:00:00 PM,DEOK,4478
7/9/2026 12:47:14 PM,7/9/2026 8:47:14 AM,7/13/2026 8:00:00 PM,7/13/2026 4:00:00 PM,7/13/2026 9:00:00 PM,7/13/2026 5:00:00 PM,DEOK,4578
7/9/2026 12:47:14 PM,7/9/2026 8:47:14 AM,7/13/2026 9:00:00 PM,7/13/2026 5:00:00 PM,7/13/2026 10:00:00 PM,7/13/2026 6:00:00 PM,DEOK,4612
7/9/2026 12:47:14 PM,7/9/2026 8:47:14 AM,7/13/2026 10:00:00 PM,7/13/2026 6:00:00 PM,7/13/2026 11:00:00 PM,7/13/2026 7:00:00 PM,DEOK,4542
7/9/2026 12:47:14 PM,7/9/2026 8:47:14 AM,7/13/2026 11:00:00 PM,7/13/2026 7:00:00 PM,7/14/2026 12:00:00 AM,7/13/2026 8:00:00 PM,DEOK,4423
7/9/2026 12:47:14 PM,7/9/2026 8:47:14 AM,7/14/2026 12:00:00 AM,7/13/2026 8:00:00 PM,7/14/2026 1:00:00 AM,7/13/2026 9:00:00 PM,DEOK,4240
7/9/2026 12:47:14 PM,7/9/2026 8:47:14 AM,7/14/2026 1:00:00 AM,7/13/2026 9:00:00 PM,7/14/2026 2:00:00 AM,7/13/2026 10:00:00 PM,DEOK,4051
7/9/2026 12:47:14 PM,7/9/2026 8:47:14 AM,7/14/2026 2:00:00 AM,7/13/2026 10:00:00 PM,7/14/2026 3:00:00 AM,7/13/2026 11:00:00 PM,DEOK,3798
7/9/2026 12:47:14 PM,7/9/2026 8:47:14 AM,7/14/2026 3:00:00 AM,7/13/2026 11:00:00 PM,7/14/2026 4:00:00 AM,7/14/2026 12:00:00 AM,DEOK,3513
7/9/2026 12:47:14 PM,7/9/2026 8:47:14 AM,7/14/2026 4:00:00 AM,7/14/2026 12:00:00 AM,7/14/2026 5:00:00 AM,7/14/2026 1:00:00 AM,DEOK,3204
7/9/2026 12:47:14 PM,7/9/2026 8:47:14 AM,7/14/2026 5:00:00 AM,7/14/2026 1:00:00 AM,7/14/2026 6:00:00 AM,7/14/2026 2:00:00 AM,DEOK,2997
7/9/2026 12:47:14 PM,7/9/2026 8:47:14 AM,7/14/2026 6:00:00 AM,7/14/2026 2:00:00 AM,7/14/2026 7:00:00 AM,7/14/2026 3:00:00 AM,DEOK,2838
7/9/2026 12:47:14 PM,7/9/2026 8:47:14 AM,7/14/2026 7:00:00 AM,7/14/2026 3:00:00 AM,7/14/2026 8:00:00 AM,7/14/2026 4:00:00 AM,DEOK,2736
7/9/2026 12:47:14 PM,7/9/2026 8:47:14 AM,7/14/2026 8:00:00 AM,7/14/2026 4:00:00 AM,7/14/2026 9:00:00 AM,7/14/2026 5:00:00 AM,DEOK,2698
7/9/2026 12:47:14 PM,7/9/2026 8:47:14 AM,7/14/2026 9:00:00 AM,7/14/2026 5:00:00 AM,7/14/2026 10:00:00 AM,7/14/2026 6:00:00 AM,DEOK,2761
7/9/2026 12:47:14 PM,7/9/2026 8:47:14 AM,7/14/2026 10:00:00 AM,7/14/2026 6:00:00 AM,7/14/2026 11:00:00 AM,7/14/2026 7:00:00 AM,DEOK,2880
7/9/2026 12:47:14 PM,7/9/2026 8:47:14 AM,7/14/2026 11:00:00 AM,7/14/2026 7:00:00 AM,7/14/2026 12:00:00 PM,7/14/2026 8:00:00 AM,DEOK,3043
7/9/2026 12:47:14 PM,7/9/2026 8:47:14 AM,7/14/2026 12:00:00 PM,7/14/2026 8:00:00 AM,7/14/2026 1:00:00 PM,7/14/2026 9:00:00 AM,DEOK,3256
7/9/2026 12:47:14 PM,7/9/2026 8:47:14 AM,7/14/2026 1:00:00 PM,7/14/2026 9:00:00 AM,7/14/2026 2:00:00 PM,7/14/2026 10:00:00 AM,DEOK,3487
7/9/2026 12:47:14 PM,7/9/2026 8:47:14 AM,7/14/2026 2:00:00 PM,7/14/2026 10:00:00 AM,7/14/2026 3:00:00 PM,7/14/2026 11:00:00 AM,DEOK,3736
7/9/2026 12:47:14 PM,7/9/2026 8:47:14 AM,7/14/2026 3:00:00 PM,7/14/2026 11:00:00 AM,7/14/2026 4:00:00 PM,7/14/2026 12:00:00 PM,DEOK,3962
7/9/2026 12:47:14 PM,7/9/2026 8:47:14 AM,7/14/2026 4:00:00 PM,7/14/2026 12:00:00 PM,7/14/2026 5:00:00 PM,7/14/2026 1:00:00 PM,DEOK,4179
7/9/2026 12:47:14 PM,7/9/2026 8:47:14 AM,7/14/2026 5:00:00 PM,7/14/2026 1:00:00 PM,7/14/2026 6:00:00 PM,7/14/2026 2:00:00 PM,DEOK,4366
7/9/2026 12:47:14 PM,7/9/2026 8:47:14 AM,7/14/2026 6:00:00 PM,7/14/2026 2:00:00 PM,7/14/2026 7:00:00 PM,7/14/2026 3:00:00 PM,DEOK,4523
7/9/2026 12:47:14 PM,7/9/2026 8:47:14 AM,7/14/2026 7:00:00 PM,7/14/2026 3:00:00 PM,7/14/2026 8:00:00 PM,7/14/2026 4:00:00 PM,DEOK,4655
7/9/2026 12:47:14 PM,7/9/2026 8:47:14 AM,7/14/2026 8:00:00 PM,7/14/2026 4:00:00 PM,7/14/2026 9:00:00 PM,7/14/2026 5:00:00 PM,DEOK,4746
7/9/2026 12:47:14 PM,7/9/2026 8:47:14 AM,7/14/2026 9:00:00 PM,7/14/2026 5:00:00 PM,7/14/2026 10:00:00 PM,7/14/2026 6:00:00 PM,DEOK,4790
7/9/2026 12:47:14 PM,7/9/2026 8:47:14 AM,7/14/2026 10:00:00 PM,7/14/2026 6:00:00 PM,7/14/2026 11:00:00 PM,7/14/2026 7:00:00 PM,DEOK,4758
7/9/2026 12:47:14 PM,7/9/2026 8:47:14 AM,7/14/2026 11:00:00 PM,7/14/2026 7:00:00 PM,7/15/2026 12:00:00 AM,7/14/2026 8:00:00 PM,DEOK,4648
7/9/2026 12:47:14 PM,7/9/2026 8:47:14 AM,7/15/2026 12:00:00 AM,7/14/2026 8:00:00 PM,7/15/2026 1:00:00 AM,7/14/2026 9:00:00 PM,DEOK,4461
7/9/2026 12:47:14 PM,7/9/2026 8:47:14 AM,7/15/2026 1:00:00 AM,7/14/2026 9:00:00 PM,7/15/2026 2:00:00 AM,7/14/2026 10:00:00 PM,DEOK,4273
7/9/2026 12:47:14 PM,7/9/2026 8:47:14 AM,7/15/2026 2:00:00 AM,7/14/2026 10:00:00 PM,7/15/2026 3:00:00 AM,7/14/2026 11:00:00 PM,DEOK,4012
7/9/2026 12:47:14 PM,7/9/2026 8:47:14 AM,7/15/2026 3:00:00 AM,7/14/2026 11:00:00 PM,7/15/2026 4:00:00 AM,7/15/2026 12:00:00 AM,DEOK,3707
7/9/2026 12:47:14 PM,7/9/2026 8:47:14 AM,7/15/2026 4:00:00 AM,7/15/2026 12:00:00 AM,7/15/2026 5:00:00 AM,7/15/2026 1:00:00 AM,DEOK,3427
7/9/2026 12:47:14 PM,7/9/2026 8:47:14 AM,7/15/2026 5:00:00 AM,7/15/2026 1:00:00 AM,7/15/2026 6:00:00 AM,7/15/2026 2:00:00 AM,DEOK,3201
7/9/2026 12:47:14 PM,7/9/2026 8:47:14 AM,7/15/2026 6:00:00 AM,7/15/2026 2:00:00 AM,7/15/2026 7:00:00 AM,7/15/2026 3:00:00 AM,DEOK,3024
7/9/2026 12:47:14 PM,7/9/2026 8:47:14 AM,7/15/2026 7:00:00 AM,7/15/2026 3:00:00 AM,7/15/2026 8:00:00 AM,7/15/2026 4:00:00 AM,DEOK,2912
7/9/2026 12:47:14 PM,7/9/2026 8:47:14 AM,7/15/2026 8:00:00 AM,7/15/2026 4:00:00 AM,7/15/2026 9:00:00 AM,7/15/2026 5:00:00 AM,DEOK,2874
7/9/2026 12:47:14 PM,7/9/2026 8:47:14 AM,7/15/2026 9:00:00 AM,7/15/2026 5:00:00 AM,7/15/2026 10:00:00 AM,7/15/2026 6:00:00 AM,DEOK,2926
7/9/2026 12:47:14 PM,7/9/2026 8:47:14 AM,7/15/2026 10:00:00 AM,7/15/2026 6:00:00 AM,7/15/2026 11:00:00 AM,7/15/2026 7:00:00 AM,DEOK,3027
7/9/2026 12:47:14 PM,7/9/2026 8:47:14 AM,7/15/2026 11:00:00 AM,7/15/2026 7:00:00 AM,7/15/2026 12:00:00 PM,7/15/2026 8:00:00 AM,DEOK,3201
7/9/2026 12:47:14 PM,7/9/2026 8:47:14 AM,7/15/2026 12:00:00 PM,7/15/2026 8:00:00 AM,7/15/2026 1:00:00 PM,7/15/2026 9:00:00 AM,DEOK,3435
7/9/2026 12:47:14 PM,7/9/2026 8:47:14 AM,7/15/2026 1:00:00 PM,7/15/2026 9:00:00 AM,7/15/2026 2:00:00 PM,7/15/2026 10:00:00 AM,DEOK,3704
7/9/2026 12:47:14 PM,7/9/2026 8:47:14 AM,7/15/2026 2:00:00 PM,7/15/2026 10:00:00 AM,7/15/2026 3:00:00 PM,7/15/2026 11:00:00 AM,DEOK,3993
7/9/2026 12:47:14 PM,7/9/2026 8:47:14 AM,7/15/2026 3:00:00 PM,7/15/2026 11:00:00 AM,7/15/2026 4:00:00 PM,7/15/2026 12:00:00 PM,DEOK,4248
7/9/2026 12:47:14 PM,7/9/2026 8:47:14 AM,7/15/2026 4:00:00 PM,7/15/2026 12:00:00 PM,7/15/2026 5:00:00 PM,7/15/2026 1:00:00 PM,DEOK,4485
7/9/2026 12:47:14 PM,7/9/2026 8:47:14 AM,7/15/2026 5:00:00 PM,7/15/2026 1:00:00 PM,7/15/2026 6:00:00 PM,7/15/2026 2:00:00 PM,DEOK,4683
7/9/2026 12:47:14 PM,7/9/2026 8:47:14 AM,7/15/2026 6:00:00 PM,7/15/2026 2:00:00 PM,7/15/2026 7:00:00 PM,7/15/2026 3:00:00 PM,DEOK,4835
7/9/2026 12:47:14 PM,7/9/2026 8:47:14 AM,7/15/2026 7:00:00 PM,7/15/2026 3:00:00 PM,7/15/2026 8:00:00 PM,7/15/2026 4:00:00 PM,DEOK,4942
7/9/2026 12:47:14 PM,7/9/2026 8:47:14 AM,7/15/2026 8:00:00 PM,7/15/2026 4:00:00 PM,7/15/2026 9:00:00 PM,7/15/2026 5:00:00 PM,DEOK,5007
7/9/2026 12:47:14 PM,7/9/2026 8:47:14 AM,7/15/2026 9:00:00 PM,7/15/2026 5:00:00 PM,7/15/2026 10:00:00 PM,7/15/2026 6:00:00 PM,DEOK,5023
7/9/2026 12:47:14 PM,7/9/2026 8:47:14 AM,7/15/2026 10:00:00 PM,7/15/2026 6:00:00 PM,7/15/2026 11:00:00 PM,7/15/2026 7:00:00 PM,DEOK,4963
7/9/2026 12:47:14 PM,7/9/2026 8:47:14 AM,7/15/2026 11:00:00 PM,7/15/2026 7:00:00 PM,7/16/2026 12:00:00 AM,7/15/2026 8:00:00 PM,DEOK,4833
7/9/2026 12:47:14 PM,7/9/2026 8:47:14 AM,7/16/2026 12:00:00 AM,7/15/2026 8:00:00 PM,7/16/2026 1:00:00 AM,7/15/2026 9:00:00 PM,DEOK,4641
7/9/2026 12:47:14 PM,7/9/2026 8:47:14 AM,7/16/2026 1:00:00 AM,7/15/2026 9:00:00 PM,7/16/2026 2:00:00 AM,7/15/2026 10:00:00 PM,DEOK,4464
7/9/2026 12:47:14 PM,7/9/2026 8:47:14 AM,7/16/2026 2:00:00 AM,7/15/2026 10:00:00 PM,7/16/2026 3:00:00 AM,7/15/2026 11:00:00 PM,DEOK,4197
7/9/2026 12:47:14 PM,7/9/2026 8:47:14 AM,7/16/2026 3:00:00 AM,7/15/2026 11:00:00 PM,7/16/2026 4:00:00 AM,7/16/2026 12:00:00 AM,DEOK,3890
7/9/2026 12:47:14 PM,7/9/2026 8:47:14 AM,7/9/2026 4:00:00 AM,7/9/2026 12:00:00 AM,7/9/2026 5:00:00 AM,7/9/2026 1:00:00 AM,DOMINION,16650
7/9/2026 12:47:14 PM,7/9/2026 8:47:14 AM,7/9/2026 5:00:00 AM,7/9/2026 1:00:00 AM,7/9/2026 6:00:00 AM,7/9/2026 2:00:00 AM,DOMINION,16112
7/9/2026 12:47:14 PM,7/9/2026 8:47:14 AM,7/9/2026 6:00:00 AM,7/9/2026 2:00:00 AM,7/9/2026 7:00:00 AM,7/9/2026 3:00:00 AM,DOMINION,15741
7/9/2026 12:47:14 PM,7/9/2026 8:47:14 AM,7/9/2026 7:00:00 AM,7/9/2026 3:00:00 AM,7/9/2026 8:00:00 AM,7/9/2026 4:00:00 AM,DOMINION,15562
7/9/2026 12:47:14 PM,7/9/2026 8:47:14 AM,7/9/2026 8:00:00 AM,7/9/2026 4:00:00 AM,7/9/2026 9:00:00 AM,7/9/2026 5:00:00 AM,DOMINION,15653
7/9/2026 12:47:14 PM,7/9/2026 8:47:14 AM,7/9/2026 9:00:00 AM,7/9/2026 5:00:00 AM,7/9/2026 10:00:00 AM,7/9/2026 6:00:00 AM,DOMINION,15983
7/9/2026 12:47:14 PM,7/9/2026 8:47:14 AM,7/9/2026 10:00:00 AM,7/9/2026 6:00:00 AM,7/9/2026 11:00:00 AM,7/9/2026 7:00:00 AM,DOMINION,16527
7/9/2026 12:47:14 PM,7/9/2026 8:47:14 AM,7/9/2026 11:00:00 AM,7/9/2026 7:00:00 AM,7/9/2026 12:00:00 PM,7/9/2026 8:00:00 AM,DOMINION,17161
7/9/2026 12:47:14 PM,7/9/2026 8:47:14 AM,7/9/2026 12:00:00 PM,7/9/2026 8:00:00 AM,7/9/2026 1:00:00 PM,7/9/2026 9:00:00 AM,DOMINION,17700
7/9/2026 12:47:14 PM,7/9/2026 8:47:14 AM,7/9/2026 1:00:00 PM,7/9/2026 9:00:00 AM,7/9/2026 2:00:00 PM,7/9/2026 10:00:00 AM,DOMINION,18364
7/9/2026 12:47:14 PM,7/9/2026 8:47:14 AM,7/9/2026 2:00:00 PM,7/9/2026 10:00:00 AM,7/9/2026 3:00:00 PM,7/9/2026 11:00:00 AM,DOMINION,19056
7/9/2026 12:47:14 PM,7/9/2026 8:47:14 AM,7/9/2026 3:00:00 PM,7/9/2026 11:00:00 AM,7/9/2026 4:00:00 PM,7/9/2026 12:00:00 PM,DOMINION,19943
7/9/2026 12:47:14 PM,7/9/2026 8:47:14 AM,7/9/2026 4:00:00 PM,7/9/2026 12:00:00 PM,7/9/2026 5:00:00 PM,7/9/2026 1:00:00 PM,DOMINION,20769
7/9/2026 12:47:14 PM,7/9/2026 8:47:14 AM,7/9/2026 5:00:00 PM,7/9/2026 1:00:00 PM,7/9/2026 6:00:00 PM,7/9/2026 2:00:00 PM,DOMINION,21521
7/9/2026 12:47:14 PM,7/9/2026 8:47:14 AM,7/9/2026 6:00:00 PM,7/9/2026 2:00:00 PM,7/9/2026 7:00:00 PM,7/9/2026 3:00:00 PM,DOMINION,22017
7/9/2026 12:47:14 PM,7/9/2026 8:47:14 AM,7/9/2026 7:00:00 PM,7/9/2026 3:00:00 PM,7/9/2026 8:00:00 PM,7/9/2026 4:00:00 PM,DOMINION,22349
7/9/2026 12:47:14 PM,7/9/2026 8:47:14 AM,7/9/2026 8:00:00 PM,7/9/2026 4:00:00 PM,7/9/2026 9:00:00 PM,7/9/2026 5:00:00 PM,DOMINION,22484
7/9/2026 12:47:14 PM,7/9/2026 8:47:14 AM,7/9/2026 9:00:00 PM,7/9/2026 5:00:00 PM,7/9/2026 10:00:00 PM,7/9/2026 6:00:00 PM,DOMINION,22524
7/9/2026 12:47:14 PM,7/9/2026 8:47:14 AM,7/9/2026 10:00:00 PM,7/9/2026 6:00:00 PM,7/9/2026 11:00:00 PM,7/9/2026 7:00:00 PM,DOMINION,22243
7/9/2026 12:47:14 PM,7/9/2026 8:47:14 AM,7/9/2026 11:00:00 PM,7/9/2026 7:00:00 PM,7/10/2026 12:00:00 AM,7/9/2026 8:00:00 PM,DOMINION,21742
7/9/2026 12:47:14 PM,7/9/2026 8:47:14 AM,7/10/2026 12:00:00 AM,7/9/2026 8:00:00 PM,7/10/2026 1:00:00 AM,7/9/2026 9:00:00 PM,DOMINION,21101
7/9/2026 12:47:14 PM,7/9/2026 8:47:14 AM,7/10/2026 1:00:00 AM,7/9/2026 9:00:00 PM,7/10/2026 2:00:00 AM,7/9/2026 10:00:00 PM,DOMINION,20339
7/9/2026 12:47:14 PM,7/9/2026 8:47:14 AM,7/10/2026 2:00:00 AM,7/9/2026 10:00:00 PM,7/10/2026 3:00:00 AM,7/9/2026 11:00:00 PM,DOMINION,19200
7/9/2026 12:47:14 PM,7/9/2026 8:47:14 AM,7/10/2026 3:00:00 AM,7/9/2026 11:00:00 PM,7/10/2026 4:00:00 AM,7/10/2026 12:00:00 AM,DOMINION,18108
7/9/2026 12:47:14 PM,7/9/2026 8:47:14 AM,7/10/2026 4:00:00 AM,7/10/2026 12:00:00 AM,7/10/2026 5:00:00 AM,7/10/2026 1:00:00 AM,DOMINION,17342
7/9/2026 12:47:14 PM,7/9/2026 8:47:14 AM,7/10/2026 5:00:00 AM,7/10/2026 1:00:00 AM,7/10/2026 6:00:00 AM,7/10/2026 2:00:00 AM,DOMINION,16618
7/9/2026 12:47:14 PM,7/9/2026 8:47:14 AM,7/10/2026 6:00:00 AM,7/10/2026 2:00:00 AM,7/10/2026 7:00:00 AM,7/10/2026 3:00:00 AM,DOMINION,16119
7/9/2026 12:47:14 PM,7/9/2026 8:47:14 AM,7/10/2026 7:00:00 AM,7/10/2026 3:00:00 AM,7/10/2026 8:00:00 AM,7/10/2026 4:00:00 AM,DOMINION,15777
7/9/2026 12:47:14 PM,7/9/2026 8:47:14 AM,7/10/2026 8:00:00 AM,7/10/2026 4:00:00 AM,7/10/2026 9:00:00 AM,7/10/2026 5:00:00 AM,DOMINION,15712
7/9/2026 12:47:14 PM,7/9/2026 8:47:14 AM,7/10/2026 9:00:00 AM,7/10/2026 5:00:00 AM,7/10/2026 10:00:00 AM,7/10/2026 6:00:00 AM,DOMINION,15952
7/9/2026 12:47:14 PM,7/9/2026 8:47:14 AM,7/10/2026 10:00:00 AM,7/10/2026 6:00:00 AM,7/10/2026 11:00:00 AM,7/10/2026 7:00:00 AM,DOMINION,16347
7/9/2026 12:47:14 PM,7/9/2026 8:47:14 AM,7/10/2026 11:00:00 AM,7/10/2026 7:00:00 AM,7/10/2026 12:00:00 PM,7/10/2026 8:00:00 AM,DOMINION,16933
7/9/2026 12:47:14 PM,7/9/2026 8:47:14 AM,7/10/2026 12:00:00 PM,7/10/2026 8:00:00 AM,7/10/2026 1:00:00 PM,7/10/2026 9:00:00 AM,DOMINION,17687
7/9/2026 12:47:14 PM,7/9/2026 8:47:14 AM,7/10/2026 1:00:00 PM,7/10/2026 9:00:00 AM,7/10/2026 2:00:00 PM,7/10/2026 10:00:00 AM,DOMINION,18609
7/9/2026 12:47:14 PM,7/9/2026 8:47:14 AM,7/10/2026 2:00:00 PM,7/10/2026 10:00:00 AM,7/10/2026 3:00:00 PM,7/10/2026 11:00:00 AM,DOMINION,19635
7/9/2026 12:47:14 PM,7/9/2026 8:47:14 AM,7/10/2026 3:00:00 PM,7/10/2026 11:00:00 AM,7/10/2026 4:00:00 PM,7/10/2026 12:00:00 PM,DOMINION,20688
7/9/2026 12:47:14 PM,7/9/2026 8:47:14 AM,7/10/2026 4:00:00 PM,7/10/2026 12:00:00 PM,7/10/2026 5:00:00 PM,7/10/2026 1:00:00 PM,DOMINION,21667
7/9/2026 12:47:14 PM,7/9/2026 8:47:14 AM,7/10/2026 5:00:00 PM,7/10/2026 1:00:00 PM,7/10/2026 6:00:00 PM,7/10/2026 2:00:00 PM,DOMINION,22411
7/9/2026 12:47:14 PM,7/9/2026 8:47:14 AM,7/10/2026 6:00:00 PM,7/10/2026 2:00:00 PM,7/10/2026 7:00:00 PM,7/10/2026 3:00:00 PM,DOMINION,22922
7/9/2026 12:47:14 PM,7/9/2026 8:47:14 AM,7/10/2026 7:00:00 PM,7/10/2026 3:00:00 PM,7/10/2026 8:00:00 PM,7/10/2026 4:00:00 PM,DOMINION,23192
7/9/2026 12:47:14 PM,7/9/2026 8:47:14 AM,7/10/2026 8:00:00 PM,7/10/2026 4:00:00 PM,7/10/2026 9:00:00 PM,7/10/2026 5:00:00 PM,DOMINION,23266
7/9/2026 12:47:14 PM,7/9/2026 8:47:14 AM,7/10/2026 9:00:00 PM,7/10/2026 5:00:00 PM,7/10/2026 10:00:00 PM,7/10/2026 6:00:00 PM,DOMINION,23203
7/9/2026 12:47:14 PM,7/9/2026 8:47:14 AM,7/10/2026 10:00:00 PM,7/10/2026 6:00:00 PM,7/10/2026 11:00:00 PM,7/10/2026 7:00:00 PM,DOMINION,22773
7/9/2026 12:47:14 PM,7/9/2026 8:47:14 AM,7/10/2026 11:00:00 PM,7/10/2026 7:00:00 PM,7/11/2026 12:00:00 AM,7/10/2026 8:00:00 PM,DOMINION,22176
7/9/2026 12:47:14 PM,7/9/2026 8:47:14 AM,7/11/2026 12:00:00 AM,7/10/2026 8:00:00 PM,7/11/2026 1:00:00 AM,7/10/2026 9:00:00 PM,DOMINION,21469
7/9/2026 12:47:14 PM,7/9/2026 8:47:14 AM,7/11/2026 1:00:00 AM,7/10/2026 9:00:00 PM,7/11/2026 2:00:00 AM,7/10/2026 10:00:00 PM,DOMINION,20715
7/9/2026 12:47:14 PM,7/9/2026 8:47:14 AM,7/11/2026 2:00:00 AM,7/10/2026 10:00:00 PM,7/11/2026 3:00:00 AM,7/10/2026 11:00:00 PM,DOMINION,19684
7/9/2026 12:47:14 PM,7/9/2026 8:47:14 AM,7/11/2026 3:00:00 AM,7/10/2026 11:00:00 PM,7/11/2026 4:00:00 AM,7/11/2026 12:00:00 AM,DOMINION,18645
7/9/2026 12:47:14 PM,7/9/2026 8:47:14 AM,7/11/2026 4:00:00 AM,7/11/2026 12:00:00 AM,7/11/2026 5:00:00 AM,7/11/2026 1:00:00 AM,DOMINION,17935
7/9/2026 12:47:14 PM,7/9/2026 8:47:14 AM,7/11/2026 5:00:00 AM,7/11/2026 1:00:00 AM,7/11/2026 6:00:00 AM,7/11/2026 2:00:00 AM,DOMINION,17110
7/9/2026 12:47:14 PM,7/9/2026 8:47:14 AM,7/11/2026 6:00:00 AM,7/11/2026 2:00:00 AM,7/11/2026 7:00:00 AM,7/11/2026 3:00:00 AM,DOMINION,16512
7/9/2026 12:47:14 PM,7/9/2026 8:47:14 AM,7/11/2026 7:00:00 AM,7/11/2026 3:00:00 AM,7/11/2026 8:00:00 AM,7/11/2026 4:00:00 AM,DOMINION,16062
7/9/2026 12:47:14 PM,7/9/2026 8:47:14 AM,7/11/2026 8:00:00 AM,7/11/2026 4:00:00 AM,7/11/2026 9:00:00 AM,7/11/2026 5:00:00 AM,DOMINION,15743
7/9/2026 12:47:14 PM,7/9/2026 8:47:14 AM,7/11/2026 9:00:00 AM,7/11/2026 5:00:00 AM,7/11/2026 10:00:00 AM,7/11/2026 6:00:00 AM,DOMINION,15581
7/9/2026 12:47:14 PM,7/9/2026 8:47:14 AM,7/11/2026 10:00:00 AM,7/11/2026 6:00:00 AM,7/11/2026 11:00:00 AM,7/11/2026 7:00:00 AM,DOMINION,15537
7/9/2026 12:47:14 PM,7/9/2026 8:47:14 AM,7/11/2026 11:00:00 AM,7/11/2026 7:00:00 AM,7/11/2026 12:00:00 PM,7/11/2026 8:00:00 AM,DOMINION,15849
7/9/2026 12:47:14 PM,7/9/2026 8:47:14 AM,7/11/2026 12:00:00 PM,7/11/2026 8:00:00 AM,7/11/2026 1:00:00 PM,7/11/2026 9:00:00 AM,DOMINION,16645
7/9/2026 12:47:14 PM,7/9/2026 8:47:14 AM,7/11/2026 1:00:00 PM,7/11/2026 9:00:00 AM,7/11/2026 2:00:00 PM,7/11/2026 10:00:00 AM,DOMINION,17659
7/9/2026 12:47:14 PM,7/9/2026 8:47:14 AM,7/11/2026 2:00:00 PM,7/11/2026 10:00:00 AM,7/11/2026 3:00:00 PM,7/11/2026 11:00:00 AM,DOMINION,18628
7/9/2026 12:47:14 PM,7/9/2026 8:47:14 AM,7/11/2026 3:00:00 PM,7/11/2026 11:00:00 AM,7/11/2026 4:00:00 PM,7/11/2026 12:00:00 PM,DOMINION,19492
7/9/2026 12:47:14 PM,7/9/2026 8:47:14 AM,7/11/2026 4:00:00 PM,7/11/2026 12:00:00 PM,7/11/2026 5:00:00 PM,7/11/2026 1:00:00 PM,DOMINION,20154
7/9/2026 12:47:14 PM,7/9/2026 8:47:14 AM,7/11/2026 5:00:00 PM,7/11/2026 1:00:00 PM,7/11/2026 6:00:00 PM,7/11/2026 2:00:00 PM,DOMINION,20552
7/9/2026 12:47:14 PM,7/9/2026 8:47:14 AM,7/11/2026 6:00:00 PM,7/11/2026 2:00:00 PM,7/11/2026 7:00:00 PM,7/11/2026 3:00:00 PM,DOMINION,20822
7/9/2026 12:47:14 PM,7/9/2026 8:47:14 AM,7/11/2026 7:00:00 PM,7/11/2026 3:00:00 PM,7/11/2026 8:00:00 PM,7/11/2026 4:00:00 PM,DOMINION,20918
7/9/2026 12:47:14 PM,7/9/2026 8:47:14 AM,7/11/2026 8:00:00 PM,7/11/2026 4:00:00 PM,7/11/2026 9:00:00 PM,7/11/2026 5:00:00 PM,DOMINION,21021
7/9/2026 12:47:14 PM,7/9/2026 8:47:14 AM,7/11/2026 9:00:00 PM,7/11/2026 5:00:00 PM,7/11/2026 10:00:00 PM,7/11/2026 6:00:00 PM,DOMINION,20958
7/9/2026 12:47:14 PM,7/9/2026 8:47:14 AM,7/11/2026 10:00:00 PM,7/11/2026 6:00:00 PM,7/11/2026 11:00:00 PM,7/11/2026 7:00:00 PM,DOMINION,20691
7/9/2026 12:47:14 PM,7/9/2026 8:47:14 AM,7/11/2026 11:00:00 PM,7/11/2026 7:00:00 PM,7/12/2026 12:00:00 AM,7/11/2026 8:00:00 PM,DOMINION,20172
7/9/2026 12:47:14 PM,7/9/2026 8:47:14 AM,7/12/2026 12:00:00 AM,7/11/2026 8:00:00 PM,7/12/2026 1:00:00 AM,7/11/2026 9:00:00 PM,DOMINION,19635
7/9/2026 12:47:14 PM,7/9/2026 8:47:14 AM,7/12/2026 1:00:00 AM,7/11/2026 9:00:00 PM,7/12/2026 2:00:00 AM,7/11/2026 10:00:00 PM,DOMINION,19039
7/9/2026 12:47:14 PM,7/9/2026 8:47:14 AM,7/12/2026 2:00:00 AM,7/11/2026 10:00:00 PM,7/12/2026 3:00:00 AM,7/11/2026 11:00:00 PM,DOMINION,18150
7/9/2026 12:47:14 PM,7/9/2026 8:47:14 AM,7/12/2026 3:00:00 AM,7/11/2026 11:00:00 PM,7/12/2026 4:00:00 AM,7/12/2026 12:00:00 AM,DOMINION,17250
7/9/2026 12:47:14 PM,7/9/2026 8:47:14 AM,7/12/2026 4:00:00 AM,7/12/2026 12:00:00 AM,7/12/2026 5:00:00 AM,7/12/2026 1:00:00 AM,DOMINION,16515
7/9/2026 12:47:14 PM,7/9/2026 8:47:14 AM,7/12/2026 5:00:00 AM,7/12/2026 1:00:00 AM,7/12/2026 6:00:00 AM,7/12/2026 2:00:00 AM,DOMINION,15794
7/9/2026 12:47:14 PM,7/9/2026 8:47:14 AM,7/12/2026 6:00:00 AM,7/12/2026 2:00:00 AM,7/12/2026 7:00:00 AM,7/12/2026 3:00:00 AM,DOMINION,15281
7/9/2026 12:47:14 PM,7/9/2026 8:47:14 AM,7/12/2026 7:00:00 AM,7/12/2026 3:00:00 AM,7/12/2026 8:00:00 AM,7/12/2026 4:00:00 AM,DOMINION,14914
7/9/2026 12:47:14 PM,7/9/2026 8:47:14 AM,7/12/2026 8:00:00 AM,7/12/2026 4:00:00 AM,7/12/2026 9:00:00 AM,7/12/2026 5:00:00 AM,DOMINION,14676
7/9/2026 12:47:14 PM,7/9/2026 8:47:14 AM,7/12/2026 9:00:00 AM,7/12/2026 5:00:00 AM,7/12/2026 10:00:00 AM,7/12/2026 6:00:00 AM,DOMINION,14617
7/9/2026 12:47:14 PM,7/9/2026 8:47:14 AM,7/12/2026 10:00:00 AM,7/12/2026 6:00:00 AM,7/12/2026 11:00:00 AM,7/12/2026 7:00:00 AM,DOMINION,14579
7/9/2026 12:47:14 PM,7/9/2026 8:47:14 AM,7/12/2026 11:00:00 AM,7/12/2026 7:00:00 AM,7/12/2026 12:00:00 PM,7/12/2026 8:00:00 AM,DOMINION,14920
7/9/2026 12:47:14 PM,7/9/2026 8:47:14 AM,7/12/2026 12:00:00 PM,7/12/2026 8:00:00 AM,7/12/2026 1:00:00 PM,7/12/2026 9:00:00 AM,DOMINION,15628
7/9/2026 12:47:14 PM,7/9/2026 8:47:14 AM,7/12/2026 1:00:00 PM,7/12/2026 9:00:00 AM,7/12/2026 2:00:00 PM,7/12/2026 10:00:00 AM,DOMINION,16492
7/9/2026 12:47:14 PM,7/9/2026 8:47:14 AM,7/12/2026 2:00:00 PM,7/12/2026 10:00:00 AM,7/12/2026 3:00:00 PM,7/12/2026 11:00:00 AM,DOMINION,17279
7/9/2026 12:47:14 PM,7/9/2026 8:47:14 AM,7/12/2026 3:00:00 PM,7/12/2026 11:00:00 AM,7/12/2026 4:00:00 PM,7/12/2026 12:00:00 PM,DOMINION,17998
7/9/2026 12:47:14 PM,7/9/2026 8:47:14 AM,7/12/2026 4:00:00 PM,7/12/2026 12:00:00 PM,7/12/2026 5:00:00 PM,7/12/2026 1:00:00 PM,DOMINION,18623
7/9/2026 12:47:14 PM,7/9/2026 8:47:14 AM,7/12/2026 5:00:00 PM,7/12/2026 1:00:00 PM,7/12/2026 6:00:00 PM,7/12/2026 2:00:00 PM,DOMINION,19150
7/9/2026 12:47:14 PM,7/9/2026 8:47:14 AM,7/12/2026 6:00:00 PM,7/12/2026 2:00:00 PM,7/12/2026 7:00:00 PM,7/12/2026 3:00:00 PM,DOMINION,19475
7/9/2026 12:47:14 PM,7/9/2026 8:47:14 AM,7/12/2026 7:00:00 PM,7/12/2026 3:00:00 PM,7/12/2026 8:00:00 PM,7/12/2026 4:00:00 PM,DOMINION,19733
7/9/2026 12:47:14 PM,7/9/2026 8:47:14 AM,7/12/2026 8:00:00 PM,7/12/2026 4:00:00 PM,7/12/2026 9:00:00 PM,7/12/2026 5:00:00 PM,DOMINION,19893
7/9/2026 12:47:14 PM,7/9/2026 8:47:14 AM,7/12/2026 9:00:00 PM,7/12/2026 5:00:00 PM,7/12/2026 10:00:00 PM,7/12/2026 6:00:00 PM,DOMINION,19929
7/9/2026 12:47:14 PM,7/9/2026 8:47:14 AM,7/12/2026 10:00:00 PM,7/12/2026 6:00:00 PM,7/12/2026 11:00:00 PM,7/12/2026 7:00:00 PM,DOMINION,19735
7/9/2026 12:47:14 PM,7/9/2026 8:47:14 AM,7/12/2026 11:00:00 PM,7/12/2026 7:00:00 PM,7/13/2026 12:00:00 AM,7/12/2026 8:00:00 PM,DOMINION,19395
7/9/2026 12:47:14 PM,7/9/2026 8:47:14 AM,7/13/2026 12:00:00 AM,7/12/2026 8:00:00 PM,7/13/2026 1:00:00 AM,7/12/2026 9:00:00 PM,DOMINION,18934
7/9/2026 12:47:14 PM,7/9/2026 8:47:14 AM,7/13/2026 1:00:00 AM,7/12/2026 9:00:00 PM,7/13/2026 2:00:00 AM,7/12/2026 10:00:00 PM,DOMINION,18353
7/9/2026 12:47:14 PM,7/9/2026 8:47:14 AM,7/13/2026 2:00:00 AM,7/12/2026 10:00:00 PM,7/13/2026 3:00:00 AM,7/12/2026 11:00:00 PM,DOMINION,17424
7/9/2026 12:47:14 PM,7/9/2026 8:47:14 AM,7/13/2026 3:00:00 AM,7/12/2026 11:00:00 PM,7/13/2026 4:00:00 AM,7/13/2026 12:00:00 AM,DOMINION,16456
7/9/2026 12:47:14 PM,7/9/2026 8:47:14 AM,7/13/2026 4:00:00 AM,7/13/2026 12:00:00 AM,7/13/2026 5:00:00 AM,7/13/2026 1:00:00 AM,DOMINION,15421
7/9/2026 12:47:14 PM,7/9/2026 8:47:14 AM,7/13/2026 5:00:00 AM,7/13/2026 1:00:00 AM,7/13/2026 6:00:00 AM,7/13/2026 2:00:00 AM,DOMINION,14797
7/9/2026 12:47:14 PM,7/9/2026 8:47:14 AM,7/13/2026 6:00:00 AM,7/13/2026 2:00:00 AM,7/13/2026 7:00:00 AM,7/13/2026 3:00:00 AM,DOMINION,14393
7/9/2026 12:47:14 PM,7/9/2026 8:47:14 AM,7/13/2026 7:00:00 AM,7/13/2026 3:00:00 AM,7/13/2026 8:00:00 AM,7/13/2026 4:00:00 AM,DOMINION,14195
7/9/2026 12:47:14 PM,7/9/2026 8:47:14 AM,7/13/2026 8:00:00 AM,7/13/2026 4:00:00 AM,7/13/2026 9:00:00 AM,7/13/2026 5:00:00 AM,DOMINION,14228
7/9/2026 12:47:14 PM,7/9/2026 8:47:14 AM,7/13/2026 9:00:00 AM,7/13/2026 5:00:00 AM,7/13/2026 10:00:00 AM,7/13/2026 6:00:00 AM,DOMINION,14631
7/9/2026 12:47:14 PM,7/9/2026 8:47:14 AM,7/13/2026 10:00:00 AM,7/13/2026 6:00:00 AM,7/13/2026 11:00:00 AM,7/13/2026 7:00:00 AM,DOMINION,15179
7/9/2026 12:47:14 PM,7/9/2026 8:47:14 AM,7/13/2026 11:00:00 AM,7/13/2026 7:00:00 AM,7/13/2026 12:00:00 PM,7/13/2026 8:00:00 AM,DOMINION,15730
7/9/2026 12:47:14 PM,7/9/2026 8:47:14 AM,7/13/2026 12:00:00 PM,7/13/2026 8:00:00 AM,7/13/2026 1:00:00 PM,7/13/2026 9:00:00 AM,DOMINION,16219
7/9/2026 12:47:14 PM,7/9/2026 8:47:14 AM,7/13/2026 1:00:00 PM,7/13/2026 9:00:00 AM,7/13/2026 2:00:00 PM,7/13/2026 10:00:00 AM,DOMINION,16781
7/9/2026 12:47:14 PM,7/9/2026 8:47:14 AM,7/13/2026 2:00:00 PM,7/13/2026 10:00:00 AM,7/13/2026 3:00:00 PM,7/13/2026 11:00:00 AM,DOMINION,17438
7/9/2026 12:47:14 PM,7/9/2026 8:47:14 AM,7/13/2026 3:00:00 PM,7/13/2026 11:00:00 AM,7/13/2026 4:00:00 PM,7/13/2026 12:00:00 PM,DOMINION,18147
7/9/2026 12:47:14 PM,7/9/2026 8:47:14 AM,7/13/2026 4:00:00 PM,7/13/2026 12:00:00 PM,7/13/2026 5:00:00 PM,7/13/2026 1:00:00 PM,DOMINION,18842
7/9/2026 12:47:14 PM,7/9/2026 8:47:14 AM,7/13/2026 5:00:00 PM,7/13/2026 1:00:00 PM,7/13/2026 6:00:00 PM,7/13/2026 2:00:00 PM,DOMINION,19443
7/9/2026 12:47:14 PM,7/9/2026 8:47:14 AM,7/13/2026 6:00:00 PM,7/13/2026 2:00:00 PM,7/13/2026 7:00:00 PM,7/13/2026 3:00:00 PM,DOMINION,19855
7/9/2026 12:47:14 PM,7/9/2026 8:47:14 AM,7/13/2026 7:00:00 PM,7/13/2026 3:00:00 PM,7/13/2026 8:00:00 PM,7/13/2026 4:00:00 PM,DOMINION,20187
7/9/2026 12:47:14 PM,7/9/2026 8:47:14 AM,7/13/2026 8:00:00 PM,7/13/2026 4:00:00 PM,7/13/2026 9:00:00 PM,7/13/2026 5:00:00 PM,DOMINION,20433
7/9/2026 12:47:14 PM,7/9/2026 8:47:14 AM,7/13/2026 9:00:00 PM,7/13/2026 5:00:00 PM,7/13/2026 10:00:00 PM,7/13/2026 6:00:00 PM,DOMINION,20538
7/9/2026 12:47:14 PM,7/9/2026 8:47:14 AM,7/13/2026 10:00:00 PM,7/13/2026 6:00:00 PM,7/13/2026 11:00:00 PM,7/13/2026 7:00:00 PM,DOMINION,20384
7/9/2026 12:47:14 PM,7/9/2026 8:47:14 AM,7/13/2026 11:00:00 PM,7/13/2026 7:00:00 PM,7/14/2026 12:00:00 AM,7/13/2026 8:00:00 PM,DOMINION,19999
7/9/2026 12:47:14 PM,7/9/2026 8:47:14 AM,7/14/2026 12:00:00 AM,7/13/2026 8:00:00 PM,7/14/2026 1:00:00 AM,7/13/2026 9:00:00 PM,DOMINION,19420
7/9/2026 12:47:14 PM,7/9/2026 8:47:14 AM,7/14/2026 1:00:00 AM,7/13/2026 9:00:00 PM,7/14/2026 2:00:00 AM,7/13/2026 10:00:00 PM,DOMINION,18725
7/9/2026 12:47:14 PM,7/9/2026 8:47:14 AM,7/14/2026 2:00:00 AM,7/13/2026 10:00:00 PM,7/14/2026 3:00:00 AM,7/13/2026 11:00:00 PM,DOMINION,17651
7/9/2026 12:47:14 PM,7/9/2026 8:47:14 AM,7/14/2026 3:00:00 AM,7/13/2026 11:00:00 PM,7/14/2026 4:00:00 AM,7/14/2026 12:00:00 AM,DOMINION,16533
7/9/2026 12:47:14 PM,7/9/2026 8:47:14 AM,7/14/2026 4:00:00 AM,7/14/2026 12:00:00 AM,7/14/2026 5:00:00 AM,7/14/2026 1:00:00 AM,DOMINION,15489
7/9/2026 12:47:14 PM,7/9/2026 8:47:14 AM,7/14/2026 5:00:00 AM,7/14/2026 1:00:00 AM,7/14/2026 6:00:00 AM,7/14/2026 2:00:00 AM,DOMINION,14834
7/9/2026 12:47:14 PM,7/9/2026 8:47:14 AM,7/14/2026 6:00:00 AM,7/14/2026 2:00:00 AM,7/14/2026 7:00:00 AM,7/14/2026 3:00:00 AM,DOMINION,14418
7/9/2026 12:47:14 PM,7/9/2026 8:47:14 AM,7/14/2026 7:00:00 AM,7/14/2026 3:00:00 AM,7/14/2026 8:00:00 AM,7/14/2026 4:00:00 AM,DOMINION,14181
7/9/2026 12:47:14 PM,7/9/2026 8:47:14 AM,7/14/2026 8:00:00 AM,7/14/2026 4:00:00 AM,7/14/2026 9:00:00 AM,7/14/2026 5:00:00 AM,DOMINION,14184
7/9/2026 12:47:14 PM,7/9/2026 8:47:14 AM,7/14/2026 9:00:00 AM,7/14/2026 5:00:00 AM,7/14/2026 10:00:00 AM,7/14/2026 6:00:00 AM,DOMINION,14540
7/9/2026 12:47:14 PM,7/9/2026 8:47:14 AM,7/14/2026 10:00:00 AM,7/14/2026 6:00:00 AM,7/14/2026 11:00:00 AM,7/14/2026 7:00:00 AM,DOMINION,15017
7/9/2026 12:47:14 PM,7/9/2026 8:47:14 AM,7/14/2026 11:00:00 AM,7/14/2026 7:00:00 AM,7/14/2026 12:00:00 PM,7/14/2026 8:00:00 AM,DOMINION,15580
7/9/2026 12:47:14 PM,7/9/2026 8:47:14 AM,7/14/2026 12:00:00 PM,7/14/2026 8:00:00 AM,7/14/2026 1:00:00 PM,7/14/2026 9:00:00 AM,DOMINION,16141
7/9/2026 12:47:14 PM,7/9/2026 8:47:14 AM,7/14/2026 1:00:00 PM,7/14/2026 9:00:00 AM,7/14/2026 2:00:00 PM,7/14/2026 10:00:00 AM,DOMINION,16806
7/9/2026 12:47:14 PM,7/9/2026 8:47:14 AM,7/14/2026 2:00:00 PM,7/14/2026 10:00:00 AM,7/14/2026 3:00:00 PM,7/14/2026 11:00:00 AM,DOMINION,17631
7/9/2026 12:47:14 PM,7/9/2026 8:47:14 AM,7/14/2026 3:00:00 PM,7/14/2026 11:00:00 AM,7/14/2026 4:00:00 PM,7/14/2026 12:00:00 PM,DOMINION,18515
7/9/2026 12:47:14 PM,7/9/2026 8:47:14 AM,7/14/2026 4:00:00 PM,7/14/2026 12:00:00 PM,7/14/2026 5:00:00 PM,7/14/2026 1:00:00 PM,DOMINION,19375
7/9/2026 12:47:14 PM,7/9/2026 8:47:14 AM,7/14/2026 5:00:00 PM,7/14/2026 1:00:00 PM,7/14/2026 6:00:00 PM,7/14/2026 2:00:00 PM,DOMINION,20132
7/9/2026 12:47:14 PM,7/9/2026 8:47:14 AM,7/14/2026 6:00:00 PM,7/14/2026 2:00:00 PM,7/14/2026 7:00:00 PM,7/14/2026 3:00:00 PM,DOMINION,20721
7/9/2026 12:47:14 PM,7/9/2026 8:47:14 AM,7/14/2026 7:00:00 PM,7/14/2026 3:00:00 PM,7/14/2026 8:00:00 PM,7/14/2026 4:00:00 PM,DOMINION,21198
7/9/2026 12:47:14 PM,7/9/2026 8:47:14 AM,7/14/2026 8:00:00 PM,7/14/2026 4:00:00 PM,7/14/2026 9:00:00 PM,7/14/2026 5:00:00 PM,DOMINION,21550
7/9/2026 12:47:14 PM,7/9/2026 8:47:14 AM,7/14/2026 9:00:00 PM,7/14/2026 5:00:00 PM,7/14/2026 10:00:00 PM,7/14/2026 6:00:00 PM,DOMINION,21705
7/9/2026 12:47:14 PM,7/9/2026 8:47:14 AM,7/14/2026 10:00:00 PM,7/14/2026 6:00:00 PM,7/14/2026 11:00:00 PM,7/14/2026 7:00:00 PM,DOMINION,21570
7/9/2026 12:47:14 PM,7/9/2026 8:47:14 AM,7/14/2026 11:00:00 PM,7/14/2026 7:00:00 PM,7/15/2026 12:00:00 AM,7/14/2026 8:00:00 PM,DOMINION,21172
7/9/2026 12:47:14 PM,7/9/2026 8:47:14 AM,7/15/2026 12:00:00 AM,7/14/2026 8:00:00 PM,7/15/2026 1:00:00 AM,7/14/2026 9:00:00 PM,DOMINION,20510
7/9/2026 12:47:14 PM,7/9/2026 8:47:14 AM,7/15/2026 1:00:00 AM,7/14/2026 9:00:00 PM,7/15/2026 2:00:00 AM,7/14/2026 10:00:00 PM,DOMINION,19769
7/9/2026 12:47:14 PM,7/9/2026 8:47:14 AM,7/15/2026 2:00:00 AM,7/14/2026 10:00:00 PM,7/15/2026 3:00:00 AM,7/14/2026 11:00:00 PM,DOMINION,18659
7/9/2026 12:47:14 PM,7/9/2026 8:47:14 AM,7/15/2026 3:00:00 AM,7/14/2026 11:00:00 PM,7/15/2026 4:00:00 AM,7/15/2026 12:00:00 AM,DOMINION,17508
7/9/2026 12:47:14 PM,7/9/2026 8:47:14 AM,7/15/2026 4:00:00 AM,7/15/2026 12:00:00 AM,7/15/2026 5:00:00 AM,7/15/2026 1:00:00 AM,DOMINION,16180
7/9/2026 12:47:14 PM,7/9/2026 8:47:14 AM,7/15/2026 5:00:00 AM,7/15/2026 1:00:00 AM,7/15/2026 6:00:00 AM,7/15/2026 2:00:00 AM,DOMINION,15476
7/9/2026 12:47:14 PM,7/9/2026 8:47:14 AM,7/15/2026 6:00:00 AM,7/15/2026 2:00:00 AM,7/15/2026 7:00:00 AM,7/15/2026 3:00:00 AM,DOMINION,14995
7/9/2026 12:47:14 PM,7/9/2026 8:47:14 AM,7/15/2026 7:00:00 AM,7/15/2026 3:00:00 AM,7/15/2026 8:00:00 AM,7/15/2026 4:00:00 AM,DOMINION,14690
7/9/2026 12:47:14 PM,7/9/2026 8:47:14 AM,7/15/2026 8:00:00 AM,7/15/2026 4:00:00 AM,7/15/2026 9:00:00 AM,7/15/2026 5:00:00 AM,DOMINION,14697
7/9/2026 12:47:14 PM,7/9/2026 8:47:14 AM,7/15/2026 9:00:00 AM,7/15/2026 5:00:00 AM,7/15/2026 10:00:00 AM,7/15/2026 6:00:00 AM,DOMINION,15039
7/9/2026 12:47:14 PM,7/9/2026 8:47:14 AM,7/15/2026 10:00:00 AM,7/15/2026 6:00:00 AM,7/15/2026 11:00:00 AM,7/15/2026 7:00:00 AM,DOMINION,15548
7/9/2026 12:47:14 PM,7/9/2026 8:47:14 AM,7/15/2026 11:00:00 AM,7/15/2026 7:00:00 AM,7/15/2026 12:00:00 PM,7/15/2026 8:00:00 AM,DOMINION,16208
7/9/2026 12:47:14 PM,7/9/2026 8:47:14 AM,7/15/2026 12:00:00 PM,7/15/2026 8:00:00 AM,7/15/2026 1:00:00 PM,7/15/2026 9:00:00 AM,DOMINION,16955
7/9/2026 12:47:14 PM,7/9/2026 8:47:14 AM,7/15/2026 1:00:00 PM,7/15/2026 9:00:00 AM,7/15/2026 2:00:00 PM,7/15/2026 10:00:00 AM,DOMINION,17852
7/9/2026 12:47:14 PM,7/9/2026 8:47:14 AM,7/15/2026 2:00:00 PM,7/15/2026 10:00:00 AM,7/15/2026 3:00:00 PM,7/15/2026 11:00:00 AM,DOMINION,18962
7/9/2026 12:47:14 PM,7/9/2026 8:47:14 AM,7/15/2026 3:00:00 PM,7/15/2026 11:00:00 AM,7/15/2026 4:00:00 PM,7/15/2026 12:00:00 PM,DOMINION,20100
7/9/2026 12:47:14 PM,7/9/2026 8:47:14 AM,7/15/2026 4:00:00 PM,7/15/2026 12:00:00 PM,7/15/2026 5:00:00 PM,7/15/2026 1:00:00 PM,DOMINION,21226
7/9/2026 12:47:14 PM,7/9/2026 8:47:14 AM,7/15/2026 5:00:00 PM,7/15/2026 1:00:00 PM,7/15/2026 6:00:00 PM,7/15/2026 2:00:00 PM,DOMINION,22178
7/9/2026 12:47:14 PM,7/9/2026 8:47:14 AM,7/15/2026 6:00:00 PM,7/15/2026 2:00:00 PM,7/15/2026 7:00:00 PM,7/15/2026 3:00:00 PM,DOMINION,22851
7/9/2026 12:47:14 PM,7/9/2026 8:47:14 AM,7/15/2026 7:00:00 PM,7/15/2026 3:00:00 PM,7/15/2026 8:00:00 PM,7/15/2026 4:00:00 PM,DOMINION,23381
7/9/2026 12:47:14 PM,7/9/2026 8:47:14 AM,7/15/2026 8:00:00 PM,7/15/2026 4:00:00 PM,7/15/2026 9:00:00 PM,7/15/2026 5:00:00 PM,DOMINION,23659
7/9/2026 12:47:14 PM,7/9/2026 8:47:14 AM,7/15/2026 9:00:00 PM,7/15/2026 5:00:00 PM,7/15/2026 10:00:00 PM,7/15/2026 6:00:00 PM,DOMINION,23782
7/9/2026 12:47:14 PM,7/9/2026 8:47:14 AM,7/15/2026 10:00:00 PM,7/15/2026 6:00:00 PM,7/15/2026 11:00:00 PM,7/15/2026 7:00:00 PM,DOMINION,23520
7/9/2026 12:47:14 PM,7/9/2026 8:47:14 AM,7/15/2026 11:00:00 PM,7/15/2026 7:00:00 PM,7/16/2026 12:00:00 AM,7/15/2026 8:00:00 PM,DOMINION,23015
7/9/2026 12:47:14 PM,7/9/2026 8:47:14 AM,7/16/2026 12:00:00 AM,7/15/2026 8:00:00 PM,7/16/2026 1:00:00 AM,7/15/2026 9:00:00 PM,DOMINION,22231
7/9/2026 12:47:14 PM,7/9/2026 8:47:14 AM,7/16/2026 1:00:00 AM,7/15/2026 9:00:00 PM,7/16/2026 2:00:00 AM,7/15/2026 10:00:00 PM,DOMINION,21358
7/9/2026 12:47:14 PM,7/9/2026 8:47:14 AM,7/16/2026 2:00:00 AM,7/15/2026 10:00:00 PM,7/16/2026 3:00:00 AM,7/15/2026 11:00:00 PM,DOMINION,20078
7/9/2026 12:47:14 PM,7/9/2026 8:47:14 AM,7/16/2026 3:00:00 AM,7/15/2026 11:00:00 PM,7/16/2026 4:00:00 AM,7/16/2026 12:00:00 AM,DOMINION,18850
7/9/2026 12:47:14 PM,7/9/2026 8:47:14 AM,7/9/2026 4:00:00 AM,7/9/2026 12:00:00 AM,7/9/2026 5:00:00 AM,7/9/2026 1:00:00 AM,DP&L/MIDATL,2053
7/9/2026 12:47:14 PM,7/9/2026 8:47:14 AM,7/9/2026 5:00:00 AM,7/9/2026 1:00:00 AM,7/9/2026 6:00:00 AM,7/9/2026 2:00:00 AM,DP&L/MIDATL,1918
7/9/2026 12:47:14 PM,7/9/2026 8:47:14 AM,7/9/2026 6:00:00 AM,7/9/2026 2:00:00 AM,7/9/2026 7:00:00 AM,7/9/2026 3:00:00 AM,DP&L/MIDATL,1835
7/9/2026 12:47:14 PM,7/9/2026 8:47:14 AM,7/9/2026 7:00:00 AM,7/9/2026 3:00:00 AM,7/9/2026 8:00:00 AM,7/9/2026 4:00:00 AM,DP&L/MIDATL,1792
7/9/2026 12:47:14 PM,7/9/2026 8:47:14 AM,7/9/2026 8:00:00 AM,7/9/2026 4:00:00 AM,7/9/2026 9:00:00 AM,7/9/2026 5:00:00 AM,DP&L/MIDATL,1802
7/9/2026 12:47:14 PM,7/9/2026 8:47:14 AM,7/9/2026 9:00:00 AM,7/9/2026 5:00:00 AM,7/9/2026 10:00:00 AM,7/9/2026 6:00:00 AM,DP&L/MIDATL,1877
7/9/2026 12:47:14 PM,7/9/2026 8:47:14 AM,7/9/2026 10:00:00 AM,7/9/2026 6:00:00 AM,7/9/2026 11:00:00 AM,7/9/2026 7:00:00 AM,DP&L/MIDATL,1998
7/9/2026 12:47:14 PM,7/9/2026 8:47:14 AM,7/9/2026 11:00:00 AM,7/9/2026 7:00:00 AM,7/9/2026 12:00:00 PM,7/9/2026 8:00:00 AM,DP&L/MIDATL,2139
7/9/2026 12:47:14 PM,7/9/2026 8:47:14 AM,7/9/2026 12:00:00 PM,7/9/2026 8:00:00 AM,7/9/2026 1:00:00 PM,7/9/2026 9:00:00 AM,DP&L/MIDATL,2210
7/9/2026 12:47:14 PM,7/9/2026 8:47:14 AM,7/9/2026 1:00:00 PM,7/9/2026 9:00:00 AM,7/9/2026 2:00:00 PM,7/9/2026 10:00:00 AM,DP&L/MIDATL,2314
7/9/2026 12:47:14 PM,7/9/2026 8:47:14 AM,7/9/2026 2:00:00 PM,7/9/2026 10:00:00 AM,7/9/2026 3:00:00 PM,7/9/2026 11:00:00 AM,DP&L/MIDATL,2436
7/9/2026 12:47:14 PM,7/9/2026 8:47:14 AM,7/9/2026 3:00:00 PM,7/9/2026 11:00:00 AM,7/9/2026 4:00:00 PM,7/9/2026 12:00:00 PM,DP&L/MIDATL,2538
7/9/2026 12:47:14 PM,7/9/2026 8:47:14 AM,7/9/2026 4:00:00 PM,7/9/2026 12:00:00 PM,7/9/2026 5:00:00 PM,7/9/2026 1:00:00 PM,DP&L/MIDATL,2646
7/9/2026 12:47:14 PM,7/9/2026 8:47:14 AM,7/9/2026 5:00:00 PM,7/9/2026 1:00:00 PM,7/9/2026 6:00:00 PM,7/9/2026 2:00:00 PM,DP&L/MIDATL,2725
7/9/2026 12:47:14 PM,7/9/2026 8:47:14 AM,7/9/2026 6:00:00 PM,7/9/2026 2:00:00 PM,7/9/2026 7:00:00 PM,7/9/2026 3:00:00 PM,DP&L/MIDATL,2792
7/9/2026 12:47:14 PM,7/9/2026 8:47:14 AM,7/9/2026 7:00:00 PM,7/9/2026 3:00:00 PM,7/9/2026 8:00:00 PM,7/9/2026 4:00:00 PM,DP&L/MIDATL,2851
7/9/2026 12:47:14 PM,7/9/2026 8:47:14 AM,7/9/2026 8:00:00 PM,7/9/2026 4:00:00 PM,7/9/2026 9:00:00 PM,7/9/2026 5:00:00 PM,DP&L/MIDATL,2896
7/9/2026 12:47:14 PM,7/9/2026 8:47:14 AM,7/9/2026 9:00:00 PM,7/9/2026 5:00:00 PM,7/9/2026 10:00:00 PM,7/9/2026 6:00:00 PM,DP&L/MIDATL,2954
7/9/2026 12:47:14 PM,7/9/2026 8:47:14 AM,7/9/2026 10:00:00 PM,7/9/2026 6:00:00 PM,7/9/2026 11:00:00 PM,7/9/2026 7:00:00 PM,DP&L/MIDATL,2949
7/9/2026 12:47:14 PM,7/9/2026 8:47:14 AM,7/9/2026 11:00:00 PM,7/9/2026 7:00:00 PM,7/10/2026 12:00:00 AM,7/9/2026 8:00:00 PM,DP&L/MIDATL,2907
7/9/2026 12:47:14 PM,7/9/2026 8:47:14 AM,7/10/2026 12:00:00 AM,7/9/2026 8:00:00 PM,7/10/2026 1:00:00 AM,7/9/2026 9:00:00 PM,DP&L/MIDATL,2806
7/9/2026 12:47:14 PM,7/9/2026 8:47:14 AM,7/10/2026 1:00:00 AM,7/9/2026 9:00:00 PM,7/10/2026 2:00:00 AM,7/9/2026 10:00:00 PM,DP&L/MIDATL,2685
7/9/2026 12:47:14 PM,7/9/2026 8:47:14 AM,7/10/2026 2:00:00 AM,7/9/2026 10:00:00 PM,7/10/2026 3:00:00 AM,7/9/2026 11:00:00 PM,DP&L/MIDATL,2477
7/9/2026 12:47:14 PM,7/9/2026 8:47:14 AM,7/10/2026 3:00:00 AM,7/9/2026 11:00:00 PM,7/10/2026 4:00:00 AM,7/10/2026 12:00:00 AM,DP&L/MIDATL,2252
7/9/2026 12:47:14 PM,7/9/2026 8:47:14 AM,7/10/2026 4:00:00 AM,7/10/2026 12:00:00 AM,7/10/2026 5:00:00 AM,7/10/2026 1:00:00 AM,DP&L/MIDATL,2151
7/9/2026 12:47:14 PM,7/9/2026 8:47:14 AM,7/10/2026 5:00:00 AM,7/10/2026 1:00:00 AM,7/10/2026 6:00:00 AM,7/10/2026 2:00:00 AM,DP&L/MIDATL,2012
7/9/2026 12:47:14 PM,7/9/2026 8:47:14 AM,7/10/2026 6:00:00 AM,7/10/2026 2:00:00 AM,7/10/2026 7:00:00 AM,7/10/2026 3:00:00 AM,DP&L/MIDATL,1932
7/9/2026 12:47:14 PM,7/9/2026 8:47:14 AM,7/10/2026 7:00:00 AM,7/10/2026 3:00:00 AM,7/10/2026 8:00:00 AM,7/10/2026 4:00:00 AM,DP&L/MIDATL,1890
7/9/2026 12:47:14 PM,7/9/2026 8:47:14 AM,7/10/2026 8:00:00 AM,7/10/2026 4:00:00 AM,7/10/2026 9:00:00 AM,7/10/2026 5:00:00 AM,DP&L/MIDATL,1885
7/9/2026 12:47:14 PM,7/9/2026 8:47:14 AM,7/10/2026 9:00:00 AM,7/10/2026 5:00:00 AM,7/10/2026 10:00:00 AM,7/10/2026 6:00:00 AM,DP&L/MIDATL,1949
7/9/2026 12:47:14 PM,7/9/2026 8:47:14 AM,7/10/2026 10:00:00 AM,7/10/2026 6:00:00 AM,7/10/2026 11:00:00 AM,7/10/2026 7:00:00 AM,DP&L/MIDATL,2048
7/9/2026 12:47:14 PM,7/9/2026 8:47:14 AM,7/10/2026 11:00:00 AM,7/10/2026 7:00:00 AM,7/10/2026 12:00:00 PM,7/10/2026 8:00:00 AM,DP&L/MIDATL,2157
7/9/2026 12:47:14 PM,7/9/2026 8:47:14 AM,7/10/2026 12:00:00 PM,7/10/2026 8:00:00 AM,7/10/2026 1:00:00 PM,7/10/2026 9:00:00 AM,DP&L/MIDATL,2274
7/9/2026 12:47:14 PM,7/9/2026 8:47:14 AM,7/10/2026 1:00:00 PM,7/10/2026 9:00:00 AM,7/10/2026 2:00:00 PM,7/10/2026 10:00:00 AM,DP&L/MIDATL,2409
7/9/2026 12:47:14 PM,7/9/2026 8:47:14 AM,7/10/2026 2:00:00 PM,7/10/2026 10:00:00 AM,7/10/2026 3:00:00 PM,7/10/2026 11:00:00 AM,DP&L/MIDATL,2561
7/9/2026 12:47:14 PM,7/9/2026 8:47:14 AM,7/10/2026 3:00:00 PM,7/10/2026 11:00:00 AM,7/10/2026 4:00:00 PM,7/10/2026 12:00:00 PM,DP&L/MIDATL,2709
7/9/2026 12:47:14 PM,7/9/2026 8:47:14 AM,7/10/2026 4:00:00 PM,7/10/2026 12:00:00 PM,7/10/2026 5:00:00 PM,7/10/2026 1:00:00 PM,DP&L/MIDATL,2853
7/9/2026 12:47:14 PM,7/9/2026 8:47:14 AM,7/10/2026 5:00:00 PM,7/10/2026 1:00:00 PM,7/10/2026 6:00:00 PM,7/10/2026 2:00:00 PM,DP&L/MIDATL,2968
7/9/2026 12:47:14 PM,7/9/2026 8:47:14 AM,7/10/2026 6:00:00 PM,7/10/2026 2:00:00 PM,7/10/2026 7:00:00 PM,7/10/2026 3:00:00 PM,DP&L/MIDATL,3086
7/9/2026 12:47:14 PM,7/9/2026 8:47:14 AM,7/10/2026 7:00:00 PM,7/10/2026 3:00:00 PM,7/10/2026 8:00:00 PM,7/10/2026 4:00:00 PM,DP&L/MIDATL,3186
7/9/2026 12:47:14 PM,7/9/2026 8:47:14 AM,7/10/2026 8:00:00 PM,7/10/2026 4:00:00 PM,7/10/2026 9:00:00 PM,7/10/2026 5:00:00 PM,DP&L/MIDATL,3267
7/9/2026 12:47:14 PM,7/9/2026 8:47:14 AM,7/10/2026 9:00:00 PM,7/10/2026 5:00:00 PM,7/10/2026 10:00:00 PM,7/10/2026 6:00:00 PM,DP&L/MIDATL,3315
7/9/2026 12:47:14 PM,7/9/2026 8:47:14 AM,7/10/2026 10:00:00 PM,7/10/2026 6:00:00 PM,7/10/2026 11:00:00 PM,7/10/2026 7:00:00 PM,DP&L/MIDATL,3276
7/9/2026 12:47:14 PM,7/9/2026 8:47:14 AM,7/10/2026 11:00:00 PM,7/10/2026 7:00:00 PM,7/11/2026 12:00:00 AM,7/10/2026 8:00:00 PM,DP&L/MIDATL,3179
7/9/2026 12:47:14 PM,7/9/2026 8:47:14 AM,7/11/2026 12:00:00 AM,7/10/2026 8:00:00 PM,7/11/2026 1:00:00 AM,7/10/2026 9:00:00 PM,DP&L/MIDATL,3028
7/9/2026 12:47:14 PM,7/9/2026 8:47:14 AM,7/11/2026 1:00:00 AM,7/10/2026 9:00:00 PM,7/11/2026 2:00:00 AM,7/10/2026 10:00:00 PM,DP&L/MIDATL,2887
7/9/2026 12:47:14 PM,7/9/2026 8:47:14 AM,7/11/2026 2:00:00 AM,7/10/2026 10:00:00 PM,7/11/2026 3:00:00 AM,7/10/2026 11:00:00 PM,DP&L/MIDATL,2677
7/9/2026 12:47:14 PM,7/9/2026 8:47:14 AM,7/11/2026 3:00:00 AM,7/10/2026 11:00:00 PM,7/11/2026 4:00:00 AM,7/11/2026 12:00:00 AM,DP&L/MIDATL,2439
7/9/2026 12:47:14 PM,7/9/2026 8:47:14 AM,7/11/2026 4:00:00 AM,7/11/2026 12:00:00 AM,7/11/2026 5:00:00 AM,7/11/2026 1:00:00 AM,DP&L/MIDATL,2262
7/9/2026 12:47:14 PM,7/9/2026 8:47:14 AM,7/11/2026 5:00:00 AM,7/11/2026 1:00:00 AM,7/11/2026 6:00:00 AM,7/11/2026 2:00:00 AM,DP&L/MIDATL,2112
7/9/2026 12:47:14 PM,7/9/2026 8:47:14 AM,7/11/2026 6:00:00 AM,7/11/2026 2:00:00 AM,7/11/2026 7:00:00 AM,7/11/2026 3:00:00 AM,DP&L/MIDATL,2004
7/9/2026 12:47:14 PM,7/9/2026 8:47:14 AM,7/11/2026 7:00:00 AM,7/11/2026 3:00:00 AM,7/11/2026 8:00:00 AM,7/11/2026 4:00:00 AM,DP&L/MIDATL,1933
7/9/2026 12:47:14 PM,7/9/2026 8:47:14 AM,7/11/2026 8:00:00 AM,7/11/2026 4:00:00 AM,7/11/2026 9:00:00 AM,7/11/2026 5:00:00 AM,DP&L/MIDATL,1897
7/9/2026 12:47:14 PM,7/9/2026 8:47:14 AM,7/11/2026 9:00:00 AM,7/11/2026 5:00:00 AM,7/11/2026 10:00:00 AM,7/11/2026 6:00:00 AM,DP&L/MIDATL,1894
7/9/2026 12:47:14 PM,7/9/2026 8:47:14 AM,7/11/2026 10:00:00 AM,7/11/2026 6:00:00 AM,7/11/2026 11:00:00 AM,7/11/2026 7:00:00 AM,DP&L/MIDATL,1895
7/9/2026 12:47:14 PM,7/9/2026 8:47:14 AM,7/11/2026 11:00:00 AM,7/11/2026 7:00:00 AM,7/11/2026 12:00:00 PM,7/11/2026 8:00:00 AM,DP&L/MIDATL,1967
7/9/2026 12:47:14 PM,7/9/2026 8:47:14 AM,7/11/2026 12:00:00 PM,7/11/2026 8:00:00 AM,7/11/2026 1:00:00 PM,7/11/2026 9:00:00 AM,DP&L/MIDATL,2103
7/9/2026 12:47:14 PM,7/9/2026 8:47:14 AM,7/11/2026 1:00:00 PM,7/11/2026 9:00:00 AM,7/11/2026 2:00:00 PM,7/11/2026 10:00:00 AM,DP&L/MIDATL,2249
7/9/2026 12:47:14 PM,7/9/2026 8:47:14 AM,7/11/2026 2:00:00 PM,7/11/2026 10:00:00 AM,7/11/2026 3:00:00 PM,7/11/2026 11:00:00 AM,DP&L/MIDATL,2382
7/9/2026 12:47:14 PM,7/9/2026 8:47:14 AM,7/11/2026 3:00:00 PM,7/11/2026 11:00:00 AM,7/11/2026 4:00:00 PM,7/11/2026 12:00:00 PM,DP&L/MIDATL,2494
7/9/2026 12:47:14 PM,7/9/2026 8:47:14 AM,7/11/2026 4:00:00 PM,7/11/2026 12:00:00 PM,7/11/2026 5:00:00 PM,7/11/2026 1:00:00 PM,DP&L/MIDATL,2587
7/9/2026 12:47:14 PM,7/9/2026 8:47:14 AM,7/11/2026 5:00:00 PM,7/11/2026 1:00:00 PM,7/11/2026 6:00:00 PM,7/11/2026 2:00:00 PM,DP&L/MIDATL,2657
7/9/2026 12:47:14 PM,7/9/2026 8:47:14 AM,7/11/2026 6:00:00 PM,7/11/2026 2:00:00 PM,7/11/2026 7:00:00 PM,7/11/2026 3:00:00 PM,DP&L/MIDATL,2725
7/9/2026 12:47:14 PM,7/9/2026 8:47:14 AM,7/11/2026 7:00:00 PM,7/11/2026 3:00:00 PM,7/11/2026 8:00:00 PM,7/11/2026 4:00:00 PM,DP&L/MIDATL,2797
7/9/2026 12:47:14 PM,7/9/2026 8:47:14 AM,7/11/2026 8:00:00 PM,7/11/2026 4:00:00 PM,7/11/2026 9:00:00 PM,7/11/2026 5:00:00 PM,DP&L/MIDATL,2852
7/9/2026 12:47:14 PM,7/9/2026 8:47:14 AM,7/11/2026 9:00:00 PM,7/11/2026 5:00:00 PM,7/11/2026 10:00:00 PM,7/11/2026 6:00:00 PM,DP&L/MIDATL,2882
7/9/2026 12:47:14 PM,7/9/2026 8:47:14 AM,7/11/2026 10:00:00 PM,7/11/2026 6:00:00 PM,7/11/2026 11:00:00 PM,7/11/2026 7:00:00 PM,DP&L/MIDATL,2854
7/9/2026 12:47:14 PM,7/9/2026 8:47:14 AM,7/11/2026 11:00:00 PM,7/11/2026 7:00:00 PM,7/12/2026 12:00:00 AM,7/11/2026 8:00:00 PM,DP&L/MIDATL,2788
7/9/2026 12:47:14 PM,7/9/2026 8:47:14 AM,7/12/2026 12:00:00 AM,7/11/2026 8:00:00 PM,7/12/2026 1:00:00 AM,7/11/2026 9:00:00 PM,DP&L/MIDATL,2681
7/9/2026 12:47:14 PM,7/9/2026 8:47:14 AM,7/12/2026 1:00:00 AM,7/11/2026 9:00:00 PM,7/12/2026 2:00:00 AM,7/11/2026 10:00:00 PM,DP&L/MIDATL,2569
7/9/2026 12:47:14 PM,7/9/2026 8:47:14 AM,7/12/2026 2:00:00 AM,7/11/2026 10:00:00 PM,7/12/2026 3:00:00 AM,7/11/2026 11:00:00 PM,DP&L/MIDATL,2392
7/9/2026 12:47:14 PM,7/9/2026 8:47:14 AM,7/12/2026 3:00:00 AM,7/11/2026 11:00:00 PM,7/12/2026 4:00:00 AM,7/12/2026 12:00:00 AM,DP&L/MIDATL,2196
7/9/2026 12:47:14 PM,7/9/2026 8:47:14 AM,7/12/2026 4:00:00 AM,7/12/2026 12:00:00 AM,7/12/2026 5:00:00 AM,7/12/2026 1:00:00 AM,DP&L/MIDATL,2029
7/9/2026 12:47:14 PM,7/9/2026 8:47:14 AM,7/12/2026 5:00:00 AM,7/12/2026 1:00:00 AM,7/12/2026 6:00:00 AM,7/12/2026 2:00:00 AM,DP&L/MIDATL,1896
7/9/2026 12:47:14 PM,7/9/2026 8:47:14 AM,7/12/2026 6:00:00 AM,7/12/2026 2:00:00 AM,7/12/2026 7:00:00 AM,7/12/2026 3:00:00 AM,DP&L/MIDATL,1799
7/9/2026 12:47:14 PM,7/9/2026 8:47:14 AM,7/12/2026 7:00:00 AM,7/12/2026 3:00:00 AM,7/12/2026 8:00:00 AM,7/12/2026 4:00:00 AM,DP&L/MIDATL,1738
7/9/2026 12:47:14 PM,7/9/2026 8:47:14 AM,7/12/2026 8:00:00 AM,7/12/2026 4:00:00 AM,7/12/2026 9:00:00 AM,7/12/2026 5:00:00 AM,DP&L/MIDATL,1708
7/9/2026 12:47:14 PM,7/9/2026 8:47:14 AM,7/12/2026 9:00:00 AM,7/12/2026 5:00:00 AM,7/12/2026 10:00:00 AM,7/12/2026 6:00:00 AM,DP&L/MIDATL,1697
7/9/2026 12:47:14 PM,7/9/2026 8:47:14 AM,7/12/2026 10:00:00 AM,7/12/2026 6:00:00 AM,7/12/2026 11:00:00 AM,7/12/2026 7:00:00 AM,DP&L/MIDATL,1704
7/9/2026 12:47:14 PM,7/9/2026 8:47:14 AM,7/12/2026 11:00:00 AM,7/12/2026 7:00:00 AM,7/12/2026 12:00:00 PM,7/12/2026 8:00:00 AM,DP&L/MIDATL,1780
7/9/2026 12:47:14 PM,7/9/2026 8:47:14 AM,7/12/2026 12:00:00 PM,7/12/2026 8:00:00 AM,7/12/2026 1:00:00 PM,7/12/2026 9:00:00 AM,DP&L/MIDATL,1921
7/9/2026 12:47:14 PM,7/9/2026 8:47:14 AM,7/12/2026 1:00:00 PM,7/12/2026 9:00:00 AM,7/12/2026 2:00:00 PM,7/12/2026 10:00:00 AM,DP&L/MIDATL,2074
7/9/2026 12:47:14 PM,7/9/2026 8:47:14 AM,7/12/2026 2:00:00 PM,7/12/2026 10:00:00 AM,7/12/2026 3:00:00 PM,7/12/2026 11:00:00 AM,DP&L/MIDATL,2209
7/9/2026 12:47:14 PM,7/9/2026 8:47:14 AM,7/12/2026 3:00:00 PM,7/12/2026 11:00:00 AM,7/12/2026 4:00:00 PM,7/12/2026 12:00:00 PM,DP&L/MIDATL,2330
7/9/2026 12:47:14 PM,7/9/2026 8:47:14 AM,7/12/2026 4:00:00 PM,7/12/2026 12:00:00 PM,7/12/2026 5:00:00 PM,7/12/2026 1:00:00 PM,DP&L/MIDATL,2451
7/9/2026 12:47:14 PM,7/9/2026 8:47:14 AM,7/12/2026 5:00:00 PM,7/12/2026 1:00:00 PM,7/12/2026 6:00:00 PM,7/12/2026 2:00:00 PM,DP&L/MIDATL,2543
7/9/2026 12:47:14 PM,7/9/2026 8:47:14 AM,7/12/2026 6:00:00 PM,7/12/2026 2:00:00 PM,7/12/2026 7:00:00 PM,7/12/2026 3:00:00 PM,DP&L/MIDATL,2631
7/9/2026 12:47:14 PM,7/9/2026 8:47:14 AM,7/12/2026 7:00:00 PM,7/12/2026 3:00:00 PM,7/12/2026 8:00:00 PM,7/12/2026 4:00:00 PM,DP&L/MIDATL,2732
7/9/2026 12:47:14 PM,7/9/2026 8:47:14 AM,7/12/2026 8:00:00 PM,7/12/2026 4:00:00 PM,7/12/2026 9:00:00 PM,7/12/2026 5:00:00 PM,DP&L/MIDATL,2830
7/9/2026 12:47:14 PM,7/9/2026 8:47:14 AM,7/12/2026 9:00:00 PM,7/12/2026 5:00:00 PM,7/12/2026 10:00:00 PM,7/12/2026 6:00:00 PM,DP&L/MIDATL,2893
7/9/2026 12:47:14 PM,7/9/2026 8:47:14 AM,7/12/2026 10:00:00 PM,7/12/2026 6:00:00 PM,7/12/2026 11:00:00 PM,7/12/2026 7:00:00 PM,DP&L/MIDATL,2883
7/9/2026 12:47:14 PM,7/9/2026 8:47:14 AM,7/12/2026 11:00:00 PM,7/12/2026 7:00:00 PM,7/13/2026 12:00:00 AM,7/12/2026 8:00:00 PM,DP&L/MIDATL,2820
7/9/2026 12:47:14 PM,7/9/2026 8:47:14 AM,7/13/2026 12:00:00 AM,7/12/2026 8:00:00 PM,7/13/2026 1:00:00 AM,7/12/2026 9:00:00 PM,DP&L/MIDATL,2710
7/9/2026 12:47:14 PM,7/9/2026 8:47:14 AM,7/13/2026 1:00:00 AM,7/12/2026 9:00:00 PM,7/13/2026 2:00:00 AM,7/12/2026 10:00:00 PM,DP&L/MIDATL,2580
7/9/2026 12:47:14 PM,7/9/2026 8:47:14 AM,7/13/2026 2:00:00 AM,7/12/2026 10:00:00 PM,7/13/2026 3:00:00 AM,7/12/2026 11:00:00 PM,DP&L/MIDATL,2380
7/9/2026 12:47:14 PM,7/9/2026 8:47:14 AM,7/13/2026 3:00:00 AM,7/12/2026 11:00:00 PM,7/13/2026 4:00:00 AM,7/13/2026 12:00:00 AM,DP&L/MIDATL,2154
7/9/2026 12:47:14 PM,7/9/2026 8:47:14 AM,7/13/2026 4:00:00 AM,7/13/2026 12:00:00 AM,7/13/2026 5:00:00 AM,7/13/2026 1:00:00 AM,DP&L/MIDATL,1902
7/9/2026 12:47:14 PM,7/9/2026 8:47:14 AM,7/13/2026 5:00:00 AM,7/13/2026 1:00:00 AM,7/13/2026 6:00:00 AM,7/13/2026 2:00:00 AM,DP&L/MIDATL,1787
7/9/2026 12:47:14 PM,7/9/2026 8:47:14 AM,7/13/2026 6:00:00 AM,7/13/2026 2:00:00 AM,7/13/2026 7:00:00 AM,7/13/2026 3:00:00 AM,DP&L/MIDATL,1713
7/9/2026 12:47:14 PM,7/9/2026 8:47:14 AM,7/13/2026 7:00:00 AM,7/13/2026 3:00:00 AM,7/13/2026 8:00:00 AM,7/13/2026 4:00:00 AM,DP&L/MIDATL,1677
7/9/2026 12:47:14 PM,7/9/2026 8:47:14 AM,7/13/2026 8:00:00 AM,7/13/2026 4:00:00 AM,7/13/2026 9:00:00 AM,7/13/2026 5:00:00 AM,DP&L/MIDATL,1686
7/9/2026 12:47:14 PM,7/9/2026 8:47:14 AM,7/13/2026 9:00:00 AM,7/13/2026 5:00:00 AM,7/13/2026 10:00:00 AM,7/13/2026 6:00:00 AM,DP&L/MIDATL,1754
7/9/2026 12:47:14 PM,7/9/2026 8:47:14 AM,7/13/2026 10:00:00 AM,7/13/2026 6:00:00 AM,7/13/2026 11:00:00 AM,7/13/2026 7:00:00 AM,DP&L/MIDATL,1864
7/9/2026 12:47:14 PM,7/9/2026 8:47:14 AM,7/13/2026 11:00:00 AM,7/13/2026 7:00:00 AM,7/13/2026 12:00:00 PM,7/13/2026 8:00:00 AM,DP&L/MIDATL,1951
7/9/2026 12:47:14 PM,7/9/2026 8:47:14 AM,7/13/2026 12:00:00 PM,7/13/2026 8:00:00 AM,7/13/2026 1:00:00 PM,7/13/2026 9:00:00 AM,DP&L/MIDATL,2034
7/9/2026 12:47:14 PM,7/9/2026 8:47:14 AM,7/13/2026 1:00:00 PM,7/13/2026 9:00:00 AM,7/13/2026 2:00:00 PM,7/13/2026 10:00:00 AM,DP&L/MIDATL,2120
7/9/2026 12:47:14 PM,7/9/2026 8:47:14 AM,7/13/2026 2:00:00 PM,7/13/2026 10:00:00 AM,7/13/2026 3:00:00 PM,7/13/2026 11:00:00 AM,DP&L/MIDATL,2223
7/9/2026 12:47:14 PM,7/9/2026 8:47:14 AM,7/13/2026 3:00:00 PM,7/13/2026 11:00:00 AM,7/13/2026 4:00:00 PM,7/13/2026 12:00:00 PM,DP&L/MIDATL,2327
7/9/2026 12:47:14 PM,7/9/2026 8:47:14 AM,7/13/2026 4:00:00 PM,7/13/2026 12:00:00 PM,7/13/2026 5:00:00 PM,7/13/2026 1:00:00 PM,DP&L/MIDATL,2444
7/9/2026 12:47:14 PM,7/9/2026 8:47:14 AM,7/13/2026 5:00:00 PM,7/13/2026 1:00:00 PM,7/13/2026 6:00:00 PM,7/13/2026 2:00:00 PM,DP&L/MIDATL,2547
7/9/2026 12:47:14 PM,7/9/2026 8:47:14 AM,7/13/2026 6:00:00 PM,7/13/2026 2:00:00 PM,7/13/2026 7:00:00 PM,7/13/2026 3:00:00 PM,DP&L/MIDATL,2651
7/9/2026 12:47:14 PM,7/9/2026 8:47:14 AM,7/13/2026 7:00:00 PM,7/13/2026 3:00:00 PM,7/13/2026 8:00:00 PM,7/13/2026 4:00:00 PM,DP&L/MIDATL,2753
7/9/2026 12:47:14 PM,7/9/2026 8:47:14 AM,7/13/2026 8:00:00 PM,7/13/2026 4:00:00 PM,7/13/2026 9:00:00 PM,7/13/2026 5:00:00 PM,DP&L/MIDATL,2845
7/9/2026 12:47:14 PM,7/9/2026 8:47:14 AM,7/13/2026 9:00:00 PM,7/13/2026 5:00:00 PM,7/13/2026 10:00:00 PM,7/13/2026 6:00:00 PM,DP&L/MIDATL,2908
7/9/2026 12:47:14 PM,7/9/2026 8:47:14 AM,7/13/2026 10:00:00 PM,7/13/2026 6:00:00 PM,7/13/2026 11:00:00 PM,7/13/2026 7:00:00 PM,DP&L/MIDATL,2913
7/9/2026 12:47:14 PM,7/9/2026 8:47:14 AM,7/13/2026 11:00:00 PM,7/13/2026 7:00:00 PM,7/14/2026 12:00:00 AM,7/13/2026 8:00:00 PM,DP&L/MIDATL,2833
7/9/2026 12:47:14 PM,7/9/2026 8:47:14 AM,7/14/2026 12:00:00 AM,7/13/2026 8:00:00 PM,7/14/2026 1:00:00 AM,7/13/2026 9:00:00 PM,DP&L/MIDATL,2699
7/9/2026 12:47:14 PM,7/9/2026 8:47:14 AM,7/14/2026 1:00:00 AM,7/13/2026 9:00:00 PM,7/14/2026 2:00:00 AM,7/13/2026 10:00:00 PM,DP&L/MIDATL,2554
7/9/2026 12:47:14 PM,7/9/2026 8:47:14 AM,7/14/2026 2:00:00 AM,7/13/2026 10:00:00 PM,7/14/2026 3:00:00 AM,7/13/2026 11:00:00 PM,DP&L/MIDATL,2330
7/9/2026 12:47:14 PM,7/9/2026 8:47:14 AM,7/14/2026 3:00:00 AM,7/13/2026 11:00:00 PM,7/14/2026 4:00:00 AM,7/14/2026 12:00:00 AM,DP&L/MIDATL,2102
7/9/2026 12:47:14 PM,7/9/2026 8:47:14 AM,7/14/2026 4:00:00 AM,7/14/2026 12:00:00 AM,7/14/2026 5:00:00 AM,7/14/2026 1:00:00 AM,DP&L/MIDATL,1896
7/9/2026 12:47:14 PM,7/9/2026 8:47:14 AM,7/14/2026 5:00:00 AM,7/14/2026 1:00:00 AM,7/14/2026 6:00:00 AM,7/14/2026 2:00:00 AM,DP&L/MIDATL,1775
7/9/2026 12:47:14 PM,7/9/2026 8:47:14 AM,7/14/2026 6:00:00 AM,7/14/2026 2:00:00 AM,7/14/2026 7:00:00 AM,7/14/2026 3:00:00 AM,DP&L/MIDATL,1699
7/9/2026 12:47:14 PM,7/9/2026 8:47:14 AM,7/14/2026 7:00:00 AM,7/14/2026 3:00:00 AM,7/14/2026 8:00:00 AM,7/14/2026 4:00:00 AM,DP&L/MIDATL,1656
7/9/2026 12:47:14 PM,7/9/2026 8:47:14 AM,7/14/2026 8:00:00 AM,7/14/2026 4:00:00 AM,7/14/2026 9:00:00 AM,7/14/2026 5:00:00 AM,DP&L/MIDATL,1663
7/9/2026 12:47:14 PM,7/9/2026 8:47:14 AM,7/14/2026 9:00:00 AM,7/14/2026 5:00:00 AM,7/14/2026 10:00:00 AM,7/14/2026 6:00:00 AM,DP&L/MIDATL,1724
7/9/2026 12:47:14 PM,7/9/2026 8:47:14 AM,7/14/2026 10:00:00 AM,7/14/2026 6:00:00 AM,7/14/2026 11:00:00 AM,7/14/2026 7:00:00 AM,DP&L/MIDATL,1827
7/9/2026 12:47:14 PM,7/9/2026 8:47:14 AM,7/14/2026 11:00:00 AM,7/14/2026 7:00:00 AM,7/14/2026 12:00:00 PM,7/14/2026 8:00:00 AM,DP&L/MIDATL,1920
7/9/2026 12:47:14 PM,7/9/2026 8:47:14 AM,7/14/2026 12:00:00 PM,7/14/2026 8:00:00 AM,7/14/2026 1:00:00 PM,7/14/2026 9:00:00 AM,DP&L/MIDATL,2009
7/9/2026 12:47:14 PM,7/9/2026 8:47:14 AM,7/14/2026 1:00:00 PM,7/14/2026 9:00:00 AM,7/14/2026 2:00:00 PM,7/14/2026 10:00:00 AM,DP&L/MIDATL,2114
7/9/2026 12:47:14 PM,7/9/2026 8:47:14 AM,7/14/2026 2:00:00 PM,7/14/2026 10:00:00 AM,7/14/2026 3:00:00 PM,7/14/2026 11:00:00 AM,DP&L/MIDATL,2248
7/9/2026 12:47:14 PM,7/9/2026 8:47:14 AM,7/14/2026 3:00:00 PM,7/14/2026 11:00:00 AM,7/14/2026 4:00:00 PM,7/14/2026 12:00:00 PM,DP&L/MIDATL,2381
7/9/2026 12:47:14 PM,7/9/2026 8:47:14 AM,7/14/2026 4:00:00 PM,7/14/2026 12:00:00 PM,7/14/2026 5:00:00 PM,7/14/2026 1:00:00 PM,DP&L/MIDATL,2528
7/9/2026 12:47:14 PM,7/9/2026 8:47:14 AM,7/14/2026 5:00:00 PM,7/14/2026 1:00:00 PM,7/14/2026 6:00:00 PM,7/14/2026 2:00:00 PM,DP&L/MIDATL,2670
7/9/2026 12:47:14 PM,7/9/2026 8:47:14 AM,7/14/2026 6:00:00 PM,7/14/2026 2:00:00 PM,7/14/2026 7:00:00 PM,7/14/2026 3:00:00 PM,DP&L/MIDATL,2816
7/9/2026 12:47:14 PM,7/9/2026 8:47:14 AM,7/14/2026 7:00:00 PM,7/14/2026 3:00:00 PM,7/14/2026 8:00:00 PM,7/14/2026 4:00:00 PM,DP&L/MIDATL,2959
7/9/2026 12:47:14 PM,7/9/2026 8:47:14 AM,7/14/2026 8:00:00 PM,7/14/2026 4:00:00 PM,7/14/2026 9:00:00 PM,7/14/2026 5:00:00 PM,DP&L/MIDATL,3089
7/9/2026 12:47:14 PM,7/9/2026 8:47:14 AM,7/14/2026 9:00:00 PM,7/14/2026 5:00:00 PM,7/14/2026 10:00:00 PM,7/14/2026 6:00:00 PM,DP&L/MIDATL,3187
7/9/2026 12:47:14 PM,7/9/2026 8:47:14 AM,7/14/2026 10:00:00 PM,7/14/2026 6:00:00 PM,7/14/2026 11:00:00 PM,7/14/2026 7:00:00 PM,DP&L/MIDATL,3206
7/9/2026 12:47:14 PM,7/9/2026 8:47:14 AM,7/14/2026 11:00:00 PM,7/14/2026 7:00:00 PM,7/15/2026 12:00:00 AM,7/14/2026 8:00:00 PM,DP&L/MIDATL,3136
7/9/2026 12:47:14 PM,7/9/2026 8:47:14 AM,7/15/2026 12:00:00 AM,7/14/2026 8:00:00 PM,7/15/2026 1:00:00 AM,7/14/2026 9:00:00 PM,DP&L/MIDATL,2977
7/9/2026 12:47:14 PM,7/9/2026 8:47:14 AM,7/15/2026 1:00:00 AM,7/14/2026 9:00:00 PM,7/15/2026 2:00:00 AM,7/14/2026 10:00:00 PM,DP&L/MIDATL,2811
7/9/2026 12:47:14 PM,7/9/2026 8:47:14 AM,7/15/2026 2:00:00 AM,7/14/2026 10:00:00 PM,7/15/2026 3:00:00 AM,7/14/2026 11:00:00 PM,DP&L/MIDATL,2565
7/9/2026 12:47:14 PM,7/9/2026 8:47:14 AM,7/15/2026 3:00:00 AM,7/14/2026 11:00:00 PM,7/15/2026 4:00:00 AM,7/15/2026 12:00:00 AM,DP&L/MIDATL,2310
7/9/2026 12:47:14 PM,7/9/2026 8:47:14 AM,7/15/2026 4:00:00 AM,7/15/2026 12:00:00 AM,7/15/2026 5:00:00 AM,7/15/2026 1:00:00 AM,DP&L/MIDATL,2082
7/9/2026 12:47:14 PM,7/9/2026 8:47:14 AM,7/15/2026 5:00:00 AM,7/15/2026 1:00:00 AM,7/15/2026 6:00:00 AM,7/15/2026 2:00:00 AM,DP&L/MIDATL,1954
7/9/2026 12:47:14 PM,7/9/2026 8:47:14 AM,7/15/2026 6:00:00 AM,7/15/2026 2:00:00 AM,7/15/2026 7:00:00 AM,7/15/2026 3:00:00 AM,DP&L/MIDATL,1871
7/9/2026 12:47:14 PM,7/9/2026 8:47:14 AM,7/15/2026 7:00:00 AM,7/15/2026 3:00:00 AM,7/15/2026 8:00:00 AM,7/15/2026 4:00:00 AM,DP&L/MIDATL,1824
7/9/2026 12:47:14 PM,7/9/2026 8:47:14 AM,7/15/2026 8:00:00 AM,7/15/2026 4:00:00 AM,7/15/2026 9:00:00 AM,7/15/2026 5:00:00 AM,DP&L/MIDATL,1825
7/9/2026 12:47:14 PM,7/9/2026 8:47:14 AM,7/15/2026 9:00:00 AM,7/15/2026 5:00:00 AM,7/15/2026 10:00:00 AM,7/15/2026 6:00:00 AM,DP&L/MIDATL,1896
7/9/2026 12:47:14 PM,7/9/2026 8:47:14 AM,7/15/2026 10:00:00 AM,7/15/2026 6:00:00 AM,7/15/2026 11:00:00 AM,7/15/2026 7:00:00 AM,DP&L/MIDATL,1996
7/9/2026 12:47:14 PM,7/9/2026 8:47:14 AM,7/15/2026 11:00:00 AM,7/15/2026 7:00:00 AM,7/15/2026 12:00:00 PM,7/15/2026 8:00:00 AM,DP&L/MIDATL,2106
7/9/2026 12:47:14 PM,7/9/2026 8:47:14 AM,7/15/2026 12:00:00 PM,7/15/2026 8:00:00 AM,7/15/2026 1:00:00 PM,7/15/2026 9:00:00 AM,DP&L/MIDATL,2229
7/9/2026 12:47:14 PM,7/9/2026 8:47:14 AM,7/15/2026 1:00:00 PM,7/15/2026 9:00:00 AM,7/15/2026 2:00:00 PM,7/15/2026 10:00:00 AM,DP&L/MIDATL,2386
7/9/2026 12:47:14 PM,7/9/2026 8:47:14 AM,7/15/2026 2:00:00 PM,7/15/2026 10:00:00 AM,7/15/2026 3:00:00 PM,7/15/2026 11:00:00 AM,DP&L/MIDATL,2575
7/9/2026 12:47:14 PM,7/9/2026 8:47:14 AM,7/15/2026 3:00:00 PM,7/15/2026 11:00:00 AM,7/15/2026 4:00:00 PM,7/15/2026 12:00:00 PM,DP&L/MIDATL,2771
7/9/2026 12:47:14 PM,7/9/2026 8:47:14 AM,7/15/2026 4:00:00 PM,7/15/2026 12:00:00 PM,7/15/2026 5:00:00 PM,7/15/2026 1:00:00 PM,DP&L/MIDATL,2968
7/9/2026 12:47:14 PM,7/9/2026 8:47:14 AM,7/15/2026 5:00:00 PM,7/15/2026 1:00:00 PM,7/15/2026 6:00:00 PM,7/15/2026 2:00:00 PM,DP&L/MIDATL,3163
7/9/2026 12:47:14 PM,7/9/2026 8:47:14 AM,7/15/2026 6:00:00 PM,7/15/2026 2:00:00 PM,7/15/2026 7:00:00 PM,7/15/2026 3:00:00 PM,DP&L/MIDATL,3351
7/9/2026 12:47:14 PM,7/9/2026 8:47:14 AM,7/15/2026 7:00:00 PM,7/15/2026 3:00:00 PM,7/15/2026 8:00:00 PM,7/15/2026 4:00:00 PM,DP&L/MIDATL,3501
7/9/2026 12:47:14 PM,7/9/2026 8:47:14 AM,7/15/2026 8:00:00 PM,7/15/2026 4:00:00 PM,7/15/2026 9:00:00 PM,7/15/2026 5:00:00 PM,DP&L/MIDATL,3626
7/9/2026 12:47:14 PM,7/9/2026 8:47:14 AM,7/15/2026 9:00:00 PM,7/15/2026 5:00:00 PM,7/15/2026 10:00:00 PM,7/15/2026 6:00:00 PM,DP&L/MIDATL,3715
7/9/2026 12:47:14 PM,7/9/2026 8:47:14 AM,7/15/2026 10:00:00 PM,7/15/2026 6:00:00 PM,7/15/2026 11:00:00 PM,7/15/2026 7:00:00 PM,DP&L/MIDATL,3731
7/9/2026 12:47:14 PM,7/9/2026 8:47:14 AM,7/15/2026 11:00:00 PM,7/15/2026 7:00:00 PM,7/16/2026 12:00:00 AM,7/15/2026 8:00:00 PM,DP&L/MIDATL,3659
7/9/2026 12:47:14 PM,7/9/2026 8:47:14 AM,7/16/2026 12:00:00 AM,7/15/2026 8:00:00 PM,7/16/2026 1:00:00 AM,7/15/2026 9:00:00 PM,DP&L/MIDATL,3478
7/9/2026 12:47:14 PM,7/9/2026 8:47:14 AM,7/16/2026 1:00:00 AM,7/15/2026 9:00:00 PM,7/16/2026 2:00:00 AM,7/15/2026 10:00:00 PM,DP&L/MIDATL,3292
7/9/2026 12:47:14 PM,7/9/2026 8:47:14 AM,7/16/2026 2:00:00 AM,7/15/2026 10:00:00 PM,7/16/2026 3:00:00 AM,7/15/2026 11:00:00 PM,DP&L/MIDATL,3016
7/9/2026 12:47:14 PM,7/9/2026 8:47:14 AM,7/16/2026 3:00:00 AM,7/15/2026 11:00:00 PM,7/16/2026 4:00:00 AM,7/16/2026 12:00:00 AM,DP&L/MIDATL,2728
7/9/2026 12:47:14 PM,7/9/2026 8:47:14 AM,7/9/2026 4:00:00 AM,7/9/2026 12:00:00 AM,7/9/2026 5:00:00 AM,7/9/2026 1:00:00 AM,DUQUESNE,1696
7/9/2026 12:47:14 PM,7/9/2026 8:47:14 AM,7/9/2026 5:00:00 AM,7/9/2026 1:00:00 AM,7/9/2026 6:00:00 AM,7/9/2026 2:00:00 AM,DUQUESNE,1608
7/9/2026 12:47:14 PM,7/9/2026 8:47:14 AM,7/9/2026 6:00:00 AM,7/9/2026 2:00:00 AM,7/9/2026 7:00:00 AM,7/9/2026 3:00:00 AM,DUQUESNE,1545
7/9/2026 12:47:14 PM,7/9/2026 8:47:14 AM,7/9/2026 7:00:00 AM,7/9/2026 3:00:00 AM,7/9/2026 8:00:00 AM,7/9/2026 4:00:00 AM,DUQUESNE,1494
7/9/2026 12:47:14 PM,7/9/2026 8:47:14 AM,7/9/2026 8:00:00 AM,7/9/2026 4:00:00 AM,7/9/2026 9:00:00 AM,7/9/2026 5:00:00 AM,DUQUESNE,1498
7/9/2026 12:47:14 PM,7/9/2026 8:47:14 AM,7/9/2026 9:00:00 AM,7/9/2026 5:00:00 AM,7/9/2026 10:00:00 AM,7/9/2026 6:00:00 AM,DUQUESNE,1515
7/9/2026 12:47:14 PM,7/9/2026 8:47:14 AM,7/9/2026 10:00:00 AM,7/9/2026 6:00:00 AM,7/9/2026 11:00:00 AM,7/9/2026 7:00:00 AM,DUQUESNE,1552
7/9/2026 12:47:14 PM,7/9/2026 8:47:14 AM,7/9/2026 11:00:00 AM,7/9/2026 7:00:00 AM,7/9/2026 12:00:00 PM,7/9/2026 8:00:00 AM,DUQUESNE,1626
7/9/2026 12:47:14 PM,7/9/2026 8:47:14 AM,7/9/2026 12:00:00 PM,7/9/2026 8:00:00 AM,7/9/2026 1:00:00 PM,7/9/2026 9:00:00 AM,DUQUESNE,1723
7/9/2026 12:47:14 PM,7/9/2026 8:47:14 AM,7/9/2026 1:00:00 PM,7/9/2026 9:00:00 AM,7/9/2026 2:00:00 PM,7/9/2026 10:00:00 AM,DUQUESNE,1870
7/9/2026 12:47:14 PM,7/9/2026 8:47:14 AM,7/9/2026 2:00:00 PM,7/9/2026 10:00:00 AM,7/9/2026 3:00:00 PM,7/9/2026 11:00:00 AM,DUQUESNE,1988
7/9/2026 12:47:14 PM,7/9/2026 8:47:14 AM,7/9/2026 3:00:00 PM,7/9/2026 11:00:00 AM,7/9/2026 4:00:00 PM,7/9/2026 12:00:00 PM,DUQUESNE,2103
7/9/2026 12:47:14 PM,7/9/2026 8:47:14 AM,7/9/2026 4:00:00 PM,7/9/2026 12:00:00 PM,7/9/2026 5:00:00 PM,7/9/2026 1:00:00 PM,DUQUESNE,2229
7/9/2026 12:47:14 PM,7/9/2026 8:47:14 AM,7/9/2026 5:00:00 PM,7/9/2026 1:00:00 PM,7/9/2026 6:00:00 PM,7/9/2026 2:00:00 PM,DUQUESNE,2312
7/9/2026 12:47:14 PM,7/9/2026 8:47:14 AM,7/9/2026 6:00:00 PM,7/9/2026 2:00:00 PM,7/9/2026 7:00:00 PM,7/9/2026 3:00:00 PM,DUQUESNE,2360
7/9/2026 12:47:14 PM,7/9/2026 8:47:14 AM,7/9/2026 7:00:00 PM,7/9/2026 3:00:00 PM,7/9/2026 8:00:00 PM,7/9/2026 4:00:00 PM,DUQUESNE,2393
7/9/2026 12:47:14 PM,7/9/2026 8:47:14 AM,7/9/2026 8:00:00 PM,7/9/2026 4:00:00 PM,7/9/2026 9:00:00 PM,7/9/2026 5:00:00 PM,DUQUESNE,2416
7/9/2026 12:47:14 PM,7/9/2026 8:47:14 AM,7/9/2026 9:00:00 PM,7/9/2026 5:00:00 PM,7/9/2026 10:00:00 PM,7/9/2026 6:00:00 PM,DUQUESNE,2414
7/9/2026 12:47:14 PM,7/9/2026 8:47:14 AM,7/9/2026 10:00:00 PM,7/9/2026 6:00:00 PM,7/9/2026 11:00:00 PM,7/9/2026 7:00:00 PM,DUQUESNE,2373
7/9/2026 12:47:14 PM,7/9/2026 8:47:14 AM,7/9/2026 11:00:00 PM,7/9/2026 7:00:00 PM,7/10/2026 12:00:00 AM,7/9/2026 8:00:00 PM,DUQUESNE,2303
7/9/2026 12:47:14 PM,7/9/2026 8:47:14 AM,7/10/2026 12:00:00 AM,7/9/2026 8:00:00 PM,7/10/2026 1:00:00 AM,7/9/2026 9:00:00 PM,DUQUESNE,2204
7/9/2026 12:47:14 PM,7/9/2026 8:47:14 AM,7/10/2026 1:00:00 AM,7/9/2026 9:00:00 PM,7/10/2026 2:00:00 AM,7/9/2026 10:00:00 PM,DUQUESNE,2111
7/9/2026 12:47:14 PM,7/9/2026 8:47:14 AM,7/10/2026 2:00:00 AM,7/9/2026 10:00:00 PM,7/10/2026 3:00:00 AM,7/9/2026 11:00:00 PM,DUQUESNE,1989
7/9/2026 12:47:14 PM,7/9/2026 8:47:14 AM,7/10/2026 3:00:00 AM,7/9/2026 11:00:00 PM,7/10/2026 4:00:00 AM,7/10/2026 12:00:00 AM,DUQUESNE,1861
7/9/2026 12:47:14 PM,7/9/2026 8:47:14 AM,7/10/2026 4:00:00 AM,7/10/2026 12:00:00 AM,7/10/2026 5:00:00 AM,7/10/2026 1:00:00 AM,DUQUESNE,1713
7/9/2026 12:47:14 PM,7/9/2026 8:47:14 AM,7/10/2026 5:00:00 AM,7/10/2026 1:00:00 AM,7/10/2026 6:00:00 AM,7/10/2026 2:00:00 AM,DUQUESNE,1623
7/9/2026 12:47:14 PM,7/9/2026 8:47:14 AM,7/10/2026 6:00:00 AM,7/10/2026 2:00:00 AM,7/10/2026 7:00:00 AM,7/10/2026 3:00:00 AM,DUQUESNE,1557
7/9/2026 12:47:14 PM,7/9/2026 8:47:14 AM,7/10/2026 7:00:00 AM,7/10/2026 3:00:00 AM,7/10/2026 8:00:00 AM,7/10/2026 4:00:00 AM,DUQUESNE,1513
7/9/2026 12:47:14 PM,7/9/2026 8:47:14 AM,7/10/2026 8:00:00 AM,7/10/2026 4:00:00 AM,7/10/2026 9:00:00 AM,7/10/2026 5:00:00 AM,DUQUESNE,1502
7/9/2026 12:47:14 PM,7/9/2026 8:47:14 AM,7/10/2026 9:00:00 AM,7/10/2026 5:00:00 AM,7/10/2026 10:00:00 AM,7/10/2026 6:00:00 AM,DUQUESNE,1530
7/9/2026 12:47:14 PM,7/9/2026 8:47:14 AM,7/10/2026 10:00:00 AM,7/10/2026 6:00:00 AM,7/10/2026 11:00:00 AM,7/10/2026 7:00:00 AM,DUQUESNE,1570
7/9/2026 12:47:14 PM,7/9/2026 8:47:14 AM,7/10/2026 11:00:00 AM,7/10/2026 7:00:00 AM,7/10/2026 12:00:00 PM,7/10/2026 8:00:00 AM,DUQUESNE,1647
7/9/2026 12:47:14 PM,7/9/2026 8:47:14 AM,7/10/2026 12:00:00 PM,7/10/2026 8:00:00 AM,7/10/2026 1:00:00 PM,7/10/2026 9:00:00 AM,DUQUESNE,1730
7/9/2026 12:47:14 PM,7/9/2026 8:47:14 AM,7/10/2026 1:00:00 PM,7/10/2026 9:00:00 AM,7/10/2026 2:00:00 PM,7/10/2026 10:00:00 AM,DUQUESNE,1815
7/9/2026 12:47:14 PM,7/9/2026 8:47:14 AM,7/10/2026 2:00:00 PM,7/10/2026 10:00:00 AM,7/10/2026 3:00:00 PM,7/10/2026 11:00:00 AM,DUQUESNE,1893
7/9/2026 12:47:14 PM,7/9/2026 8:47:14 AM,7/10/2026 3:00:00 PM,7/10/2026 11:00:00 AM,7/10/2026 4:00:00 PM,7/10/2026 12:00:00 PM,DUQUESNE,1961
7/9/2026 12:47:14 PM,7/9/2026 8:47:14 AM,7/10/2026 4:00:00 PM,7/10/2026 12:00:00 PM,7/10/2026 5:00:00 PM,7/10/2026 1:00:00 PM,DUQUESNE,2025
7/9/2026 12:47:14 PM,7/9/2026 8:47:14 AM,7/10/2026 5:00:00 PM,7/10/2026 1:00:00 PM,7/10/2026 6:00:00 PM,7/10/2026 2:00:00 PM,DUQUESNE,2084
7/9/2026 12:47:14 PM,7/9/2026 8:47:14 AM,7/10/2026 6:00:00 PM,7/10/2026 2:00:00 PM,7/10/2026 7:00:00 PM,7/10/2026 3:00:00 PM,DUQUESNE,2109
7/9/2026 12:47:14 PM,7/9/2026 8:47:14 AM,7/10/2026 7:00:00 PM,7/10/2026 3:00:00 PM,7/10/2026 8:00:00 PM,7/10/2026 4:00:00 PM,DUQUESNE,2126
7/9/2026 12:47:14 PM,7/9/2026 8:47:14 AM,7/10/2026 8:00:00 PM,7/10/2026 4:00:00 PM,7/10/2026 9:00:00 PM,7/10/2026 5:00:00 PM,DUQUESNE,2130
7/9/2026 12:47:14 PM,7/9/2026 8:47:14 AM,7/10/2026 9:00:00 PM,7/10/2026 5:00:00 PM,7/10/2026 10:00:00 PM,7/10/2026 6:00:00 PM,DUQUESNE,2118
7/9/2026 12:47:14 PM,7/9/2026 8:47:14 AM,7/10/2026 10:00:00 PM,7/10/2026 6:00:00 PM,7/10/2026 11:00:00 PM,7/10/2026 7:00:00 PM,DUQUESNE,2078
7/9/2026 12:47:14 PM,7/9/2026 8:47:14 AM,7/10/2026 11:00:00 PM,7/10/2026 7:00:00 PM,7/11/2026 12:00:00 AM,7/10/2026 8:00:00 PM,DUQUESNE,2009
7/9/2026 12:47:14 PM,7/9/2026 8:47:14 AM,7/11/2026 12:00:00 AM,7/10/2026 8:00:00 PM,7/11/2026 1:00:00 AM,7/10/2026 9:00:00 PM,DUQUESNE,1935
7/9/2026 12:47:14 PM,7/9/2026 8:47:14 AM,7/11/2026 1:00:00 AM,7/10/2026 9:00:00 PM,7/11/2026 2:00:00 AM,7/10/2026 10:00:00 PM,DUQUESNE,1874
7/9/2026 12:47:14 PM,7/9/2026 8:47:14 AM,7/11/2026 2:00:00 AM,7/10/2026 10:00:00 PM,7/11/2026 3:00:00 AM,7/10/2026 11:00:00 PM,DUQUESNE,1779
7/9/2026 12:47:14 PM,7/9/2026 8:47:14 AM,7/11/2026 3:00:00 AM,7/10/2026 11:00:00 PM,7/11/2026 4:00:00 AM,7/11/2026 12:00:00 AM,DUQUESNE,1677
7/9/2026 12:47:14 PM,7/9/2026 8:47:14 AM,7/11/2026 4:00:00 AM,7/11/2026 12:00:00 AM,7/11/2026 5:00:00 AM,7/11/2026 1:00:00 AM,DUQUESNE,1596
7/9/2026 12:47:14 PM,7/9/2026 8:47:14 AM,7/11/2026 5:00:00 AM,7/11/2026 1:00:00 AM,7/11/2026 6:00:00 AM,7/11/2026 2:00:00 AM,DUQUESNE,1507
7/9/2026 12:47:14 PM,7/9/2026 8:47:14 AM,7/11/2026 6:00:00 AM,7/11/2026 2:00:00 AM,7/11/2026 7:00:00 AM,7/11/2026 3:00:00 AM,DUQUESNE,1449
7/9/2026 12:47:14 PM,7/9/2026 8:47:14 AM,7/11/2026 7:00:00 AM,7/11/2026 3:00:00 AM,7/11/2026 8:00:00 AM,7/11/2026 4:00:00 AM,DUQUESNE,1407
7/9/2026 12:47:14 PM,7/9/2026 8:47:14 AM,7/11/2026 8:00:00 AM,7/11/2026 4:00:00 AM,7/11/2026 9:00:00 AM,7/11/2026 5:00:00 AM,DUQUESNE,1388
7/9/2026 12:47:14 PM,7/9/2026 8:47:14 AM,7/11/2026 9:00:00 AM,7/11/2026 5:00:00 AM,7/11/2026 10:00:00 AM,7/11/2026 6:00:00 AM,DUQUESNE,1388
7/9/2026 12:47:14 PM,7/9/2026 8:47:14 AM,7/11/2026 10:00:00 AM,7/11/2026 6:00:00 AM,7/11/2026 11:00:00 AM,7/11/2026 7:00:00 AM,DUQUESNE,1391
7/9/2026 12:47:14 PM,7/9/2026 8:47:14 AM,7/11/2026 11:00:00 AM,7/11/2026 7:00:00 AM,7/11/2026 12:00:00 PM,7/11/2026 8:00:00 AM,DUQUESNE,1427
7/9/2026 12:47:14 PM,7/9/2026 8:47:14 AM,7/11/2026 12:00:00 PM,7/11/2026 8:00:00 AM,7/11/2026 1:00:00 PM,7/11/2026 9:00:00 AM,DUQUESNE,1506
7/9/2026 12:47:14 PM,7/9/2026 8:47:14 AM,7/11/2026 1:00:00 PM,7/11/2026 9:00:00 AM,7/11/2026 2:00:00 PM,7/11/2026 10:00:00 AM,DUQUESNE,1594
7/9/2026 12:47:14 PM,7/9/2026 8:47:14 AM,7/11/2026 2:00:00 PM,7/11/2026 10:00:00 AM,7/11/2026 3:00:00 PM,7/11/2026 11:00:00 AM,DUQUESNE,1680
7/9/2026 12:47:14 PM,7/9/2026 8:47:14 AM,7/11/2026 3:00:00 PM,7/11/2026 11:00:00 AM,7/11/2026 4:00:00 PM,7/11/2026 12:00:00 PM,DUQUESNE,1748
7/9/2026 12:47:14 PM,7/9/2026 8:47:14 AM,7/11/2026 4:00:00 PM,7/11/2026 12:00:00 PM,7/11/2026 5:00:00 PM,7/11/2026 1:00:00 PM,DUQUESNE,1826
7/9/2026 12:47:14 PM,7/9/2026 8:47:14 AM,7/11/2026 5:00:00 PM,7/11/2026 1:00:00 PM,7/11/2026 6:00:00 PM,7/11/2026 2:00:00 PM,DUQUESNE,1891
7/9/2026 12:47:14 PM,7/9/2026 8:47:14 AM,7/11/2026 6:00:00 PM,7/11/2026 2:00:00 PM,7/11/2026 7:00:00 PM,7/11/2026 3:00:00 PM,DUQUESNE,1938
7/9/2026 12:47:14 PM,7/9/2026 8:47:14 AM,7/11/2026 7:00:00 PM,7/11/2026 3:00:00 PM,7/11/2026 8:00:00 PM,7/11/2026 4:00:00 PM,DUQUESNE,1981
7/9/2026 12:47:14 PM,7/9/2026 8:47:14 AM,7/11/2026 8:00:00 PM,7/11/2026 4:00:00 PM,7/11/2026 9:00:00 PM,7/11/2026 5:00:00 PM,DUQUESNE,2018
7/9/2026 12:47:14 PM,7/9/2026 8:47:14 AM,7/11/2026 9:00:00 PM,7/11/2026 5:00:00 PM,7/11/2026 10:00:00 PM,7/11/2026 6:00:00 PM,DUQUESNE,2034
7/9/2026 12:47:14 PM,7/9/2026 8:47:14 AM,7/11/2026 10:00:00 PM,7/11/2026 6:00:00 PM,7/11/2026 11:00:00 PM,7/11/2026 7:00:00 PM,DUQUESNE,2018
7/9/2026 12:47:14 PM,7/9/2026 8:47:14 AM,7/11/2026 11:00:00 PM,7/11/2026 7:00:00 PM,7/12/2026 12:00:00 AM,7/11/2026 8:00:00 PM,DUQUESNE,1974
7/9/2026 12:47:14 PM,7/9/2026 8:47:14 AM,7/12/2026 12:00:00 AM,7/11/2026 8:00:00 PM,7/12/2026 1:00:00 AM,7/11/2026 9:00:00 PM,DUQUESNE,1914
7/9/2026 12:47:14 PM,7/9/2026 8:47:14 AM,7/12/2026 1:00:00 AM,7/11/2026 9:00:00 PM,7/12/2026 2:00:00 AM,7/11/2026 10:00:00 PM,DUQUESNE,1861
7/9/2026 12:47:14 PM,7/9/2026 8:47:14 AM,7/12/2026 2:00:00 AM,7/11/2026 10:00:00 PM,7/12/2026 3:00:00 AM,7/11/2026 11:00:00 PM,DUQUESNE,1774
7/9/2026 12:47:14 PM,7/9/2026 8:47:14 AM,7/12/2026 3:00:00 AM,7/11/2026 11:00:00 PM,7/12/2026 4:00:00 AM,7/12/2026 12:00:00 AM,DUQUESNE,1675
7/9/2026 12:47:14 PM,7/9/2026 8:47:14 AM,7/12/2026 4:00:00 AM,7/12/2026 12:00:00 AM,7/12/2026 5:00:00 AM,7/12/2026 1:00:00 AM,DUQUESNE,1519
7/9/2026 12:47:14 PM,7/9/2026 8:47:14 AM,7/12/2026 5:00:00 AM,7/12/2026 1:00:00 AM,7/12/2026 6:00:00 AM,7/12/2026 2:00:00 AM,DUQUESNE,1437
7/9/2026 12:47:14 PM,7/9/2026 8:47:14 AM,7/12/2026 6:00:00 AM,7/12/2026 2:00:00 AM,7/12/2026 7:00:00 AM,7/12/2026 3:00:00 AM,DUQUESNE,1375
7/9/2026 12:47:14 PM,7/9/2026 8:47:14 AM,7/12/2026 7:00:00 AM,7/12/2026 3:00:00 AM,7/12/2026 8:00:00 AM,7/12/2026 4:00:00 AM,DUQUESNE,1328
7/9/2026 12:47:14 PM,7/9/2026 8:47:14 AM,7/12/2026 8:00:00 AM,7/12/2026 4:00:00 AM,7/12/2026 9:00:00 AM,7/12/2026 5:00:00 AM,DUQUESNE,1303
7/9/2026 12:47:14 PM,7/9/2026 8:47:14 AM,7/12/2026 9:00:00 AM,7/12/2026 5:00:00 AM,7/12/2026 10:00:00 AM,7/12/2026 6:00:00 AM,DUQUESNE,1287
7/9/2026 12:47:14 PM,7/9/2026 8:47:14 AM,7/12/2026 10:00:00 AM,7/12/2026 6:00:00 AM,7/12/2026 11:00:00 AM,7/12/2026 7:00:00 AM,DUQUESNE,1277
7/9/2026 12:47:14 PM,7/9/2026 8:47:14 AM,7/12/2026 11:00:00 AM,7/12/2026 7:00:00 AM,7/12/2026 12:00:00 PM,7/12/2026 8:00:00 AM,DUQUESNE,1316
7/9/2026 12:47:14 PM,7/9/2026 8:47:14 AM,7/12/2026 12:00:00 PM,7/12/2026 8:00:00 AM,7/12/2026 1:00:00 PM,7/12/2026 9:00:00 AM,DUQUESNE,1405
7/9/2026 12:47:14 PM,7/9/2026 8:47:14 AM,7/12/2026 1:00:00 PM,7/12/2026 9:00:00 AM,7/12/2026 2:00:00 PM,7/12/2026 10:00:00 AM,DUQUESNE,1515
7/9/2026 12:47:14 PM,7/9/2026 8:47:14 AM,7/12/2026 2:00:00 PM,7/12/2026 10:00:00 AM,7/12/2026 3:00:00 PM,7/12/2026 11:00:00 AM,DUQUESNE,1625
7/9/2026 12:47:14 PM,7/9/2026 8:47:14 AM,7/12/2026 3:00:00 PM,7/12/2026 11:00:00 AM,7/12/2026 4:00:00 PM,7/12/2026 12:00:00 PM,DUQUESNE,1733
7/9/2026 12:47:14 PM,7/9/2026 8:47:14 AM,7/12/2026 4:00:00 PM,7/12/2026 12:00:00 PM,7/12/2026 5:00:00 PM,7/12/2026 1:00:00 PM,DUQUESNE,1833
7/9/2026 12:47:14 PM,7/9/2026 8:47:14 AM,7/12/2026 5:00:00 PM,7/12/2026 1:00:00 PM,7/12/2026 6:00:00 PM,7/12/2026 2:00:00 PM,DUQUESNE,1923
7/9/2026 12:47:14 PM,7/9/2026 8:47:14 AM,7/12/2026 6:00:00 PM,7/12/2026 2:00:00 PM,7/12/2026 7:00:00 PM,7/12/2026 3:00:00 PM,DUQUESNE,1996
7/9/2026 12:47:14 PM,7/9/2026 8:47:14 AM,7/12/2026 7:00:00 PM,7/12/2026 3:00:00 PM,7/12/2026 8:00:00 PM,7/12/2026 4:00:00 PM,DUQUESNE,2058
7/9/2026 12:47:14 PM,7/9/2026 8:47:14 AM,7/12/2026 8:00:00 PM,7/12/2026 4:00:00 PM,7/12/2026 9:00:00 PM,7/12/2026 5:00:00 PM,DUQUESNE,2111
7/9/2026 12:47:14 PM,7/9/2026 8:47:14 AM,7/12/2026 9:00:00 PM,7/12/2026 5:00:00 PM,7/12/2026 10:00:00 PM,7/12/2026 6:00:00 PM,DUQUESNE,2121
7/9/2026 12:47:14 PM,7/9/2026 8:47:14 AM,7/12/2026 10:00:00 PM,7/12/2026 6:00:00 PM,7/12/2026 11:00:00 PM,7/12/2026 7:00:00 PM,DUQUESNE,2094
7/9/2026 12:47:14 PM,7/9/2026 8:47:14 AM,7/12/2026 11:00:00 PM,7/12/2026 7:00:00 PM,7/13/2026 12:00:00 AM,7/12/2026 8:00:00 PM,DUQUESNE,2040
7/9/2026 12:47:14 PM,7/9/2026 8:47:14 AM,7/13/2026 12:00:00 AM,7/12/2026 8:00:00 PM,7/13/2026 1:00:00 AM,7/12/2026 9:00:00 PM,DUQUESNE,1969
7/9/2026 12:47:14 PM,7/9/2026 8:47:14 AM,7/13/2026 1:00:00 AM,7/12/2026 9:00:00 PM,7/13/2026 2:00:00 AM,7/12/2026 10:00:00 PM,DUQUESNE,1904
7/9/2026 12:47:14 PM,7/9/2026 8:47:14 AM,7/13/2026 2:00:00 AM,7/12/2026 10:00:00 PM,7/13/2026 3:00:00 AM,7/12/2026 11:00:00 PM,DUQUESNE,1796
7/9/2026 12:47:14 PM,7/9/2026 8:47:14 AM,7/13/2026 3:00:00 AM,7/12/2026 11:00:00 PM,7/13/2026 4:00:00 AM,7/13/2026 12:00:00 AM,DUQUESNE,1676
7/9/2026 12:47:14 PM,7/9/2026 8:47:14 AM,7/13/2026 4:00:00 AM,7/13/2026 12:00:00 AM,7/13/2026 5:00:00 AM,7/13/2026 1:00:00 AM,DUQUESNE,1543
7/9/2026 12:47:14 PM,7/9/2026 8:47:14 AM,7/13/2026 5:00:00 AM,7/13/2026 1:00:00 AM,7/13/2026 6:00:00 AM,7/13/2026 2:00:00 AM,DUQUESNE,1461
7/9/2026 12:47:14 PM,7/9/2026 8:47:14 AM,7/13/2026 6:00:00 AM,7/13/2026 2:00:00 AM,7/13/2026 7:00:00 AM,7/13/2026 3:00:00 AM,DUQUESNE,1397
7/9/2026 12:47:14 PM,7/9/2026 8:47:14 AM,7/13/2026 7:00:00 AM,7/13/2026 3:00:00 AM,7/13/2026 8:00:00 AM,7/13/2026 4:00:00 AM,DUQUESNE,1358
7/9/2026 12:47:14 PM,7/9/2026 8:47:14 AM,7/13/2026 8:00:00 AM,7/13/2026 4:00:00 AM,7/13/2026 9:00:00 AM,7/13/2026 5:00:00 AM,DUQUESNE,1349
7/9/2026 12:47:14 PM,7/9/2026 8:47:14 AM,7/13/2026 9:00:00 AM,7/13/2026 5:00:00 AM,7/13/2026 10:00:00 AM,7/13/2026 6:00:00 AM,DUQUESNE,1377
7/9/2026 12:47:14 PM,7/9/2026 8:47:14 AM,7/13/2026 10:00:00 AM,7/13/2026 6:00:00 AM,7/13/2026 11:00:00 AM,7/13/2026 7:00:00 AM,DUQUESNE,1423
7/9/2026 12:47:14 PM,7/9/2026 8:47:14 AM,7/13/2026 11:00:00 AM,7/13/2026 7:00:00 AM,7/13/2026 12:00:00 PM,7/13/2026 8:00:00 AM,DUQUESNE,1510
7/9/2026 12:47:14 PM,7/9/2026 8:47:14 AM,7/13/2026 12:00:00 PM,7/13/2026 8:00:00 AM,7/13/2026 1:00:00 PM,7/13/2026 9:00:00 AM,DUQUESNE,1620
7/9/2026 12:47:14 PM,7/9/2026 8:47:14 AM,7/13/2026 1:00:00 PM,7/13/2026 9:00:00 AM,7/13/2026 2:00:00 PM,7/13/2026 10:00:00 AM,DUQUESNE,1727
7/9/2026 12:47:14 PM,7/9/2026 8:47:14 AM,7/13/2026 2:00:00 PM,7/13/2026 10:00:00 AM,7/13/2026 3:00:00 PM,7/13/2026 11:00:00 AM,DUQUESNE,1839
7/9/2026 12:47:14 PM,7/9/2026 8:47:14 AM,7/13/2026 3:00:00 PM,7/13/2026 11:00:00 AM,7/13/2026 4:00:00 PM,7/13/2026 12:00:00 PM,DUQUESNE,1943
7/9/2026 12:47:14 PM,7/9/2026 8:47:14 AM,7/13/2026 4:00:00 PM,7/13/2026 12:00:00 PM,7/13/2026 5:00:00 PM,7/13/2026 1:00:00 PM,DUQUESNE,2038
7/9/2026 12:47:14 PM,7/9/2026 8:47:14 AM,7/13/2026 5:00:00 PM,7/13/2026 1:00:00 PM,7/13/2026 6:00:00 PM,7/13/2026 2:00:00 PM,DUQUESNE,2119
7/9/2026 12:47:14 PM,7/9/2026 8:47:14 AM,7/13/2026 6:00:00 PM,7/13/2026 2:00:00 PM,7/13/2026 7:00:00 PM,7/13/2026 3:00:00 PM,DUQUESNE,2185
7/9/2026 12:47:14 PM,7/9/2026 8:47:14 AM,7/13/2026 7:00:00 PM,7/13/2026 3:00:00 PM,7/13/2026 8:00:00 PM,7/13/2026 4:00:00 PM,DUQUESNE,2236
7/9/2026 12:47:14 PM,7/9/2026 8:47:14 AM,7/13/2026 8:00:00 PM,7/13/2026 4:00:00 PM,7/13/2026 9:00:00 PM,7/13/2026 5:00:00 PM,DUQUESNE,2277
7/9/2026 12:47:14 PM,7/9/2026 8:47:14 AM,7/13/2026 9:00:00 PM,7/13/2026 5:00:00 PM,7/13/2026 10:00:00 PM,7/13/2026 6:00:00 PM,DUQUESNE,2295
7/9/2026 12:47:14 PM,7/9/2026 8:47:14 AM,7/13/2026 10:00:00 PM,7/13/2026 6:00:00 PM,7/13/2026 11:00:00 PM,7/13/2026 7:00:00 PM,DUQUESNE,2269
7/9/2026 12:47:14 PM,7/9/2026 8:47:14 AM,7/13/2026 11:00:00 PM,7/13/2026 7:00:00 PM,7/14/2026 12:00:00 AM,7/13/2026 8:00:00 PM,DUQUESNE,2196
7/9/2026 12:47:14 PM,7/9/2026 8:47:14 AM,7/14/2026 12:00:00 AM,7/13/2026 8:00:00 PM,7/14/2026 1:00:00 AM,7/13/2026 9:00:00 PM,DUQUESNE,2105
7/9/2026 12:47:14 PM,7/9/2026 8:47:14 AM,7/14/2026 1:00:00 AM,7/13/2026 9:00:00 PM,7/14/2026 2:00:00 AM,7/13/2026 10:00:00 PM,DUQUESNE,2036
7/9/2026 12:47:14 PM,7/9/2026 8:47:14 AM,7/14/2026 2:00:00 AM,7/13/2026 10:00:00 PM,7/14/2026 3:00:00 AM,7/13/2026 11:00:00 PM,DUQUESNE,1911
7/9/2026 12:47:14 PM,7/9/2026 8:47:14 AM,7/14/2026 3:00:00 AM,7/13/2026 11:00:00 PM,7/14/2026 4:00:00 AM,7/14/2026 12:00:00 AM,DUQUESNE,1773
7/9/2026 12:47:14 PM,7/9/2026 8:47:14 AM,7/14/2026 4:00:00 AM,7/14/2026 12:00:00 AM,7/14/2026 5:00:00 AM,7/14/2026 1:00:00 AM,DUQUESNE,1635
7/9/2026 12:47:14 PM,7/9/2026 8:47:14 AM,7/14/2026 5:00:00 AM,7/14/2026 1:00:00 AM,7/14/2026 6:00:00 AM,7/14/2026 2:00:00 AM,DUQUESNE,1543
7/9/2026 12:47:14 PM,7/9/2026 8:47:14 AM,7/14/2026 6:00:00 AM,7/14/2026 2:00:00 AM,7/14/2026 7:00:00 AM,7/14/2026 3:00:00 AM,DUQUESNE,1478
7/9/2026 12:47:14 PM,7/9/2026 8:47:14 AM,7/14/2026 7:00:00 AM,7/14/2026 3:00:00 AM,7/14/2026 8:00:00 AM,7/14/2026 4:00:00 AM,DUQUESNE,1435
7/9/2026 12:47:14 PM,7/9/2026 8:47:14 AM,7/14/2026 8:00:00 AM,7/14/2026 4:00:00 AM,7/14/2026 9:00:00 AM,7/14/2026 5:00:00 AM,DUQUESNE,1420
7/9/2026 12:47:14 PM,7/9/2026 8:47:14 AM,7/14/2026 9:00:00 AM,7/14/2026 5:00:00 AM,7/14/2026 10:00:00 AM,7/14/2026 6:00:00 AM,DUQUESNE,1440
7/9/2026 12:47:14 PM,7/9/2026 8:47:14 AM,7/14/2026 10:00:00 AM,7/14/2026 6:00:00 AM,7/14/2026 11:00:00 AM,7/14/2026 7:00:00 AM,DUQUESNE,1482
7/9/2026 12:47:14 PM,7/9/2026 8:47:14 AM,7/14/2026 11:00:00 AM,7/14/2026 7:00:00 AM,7/14/2026 12:00:00 PM,7/14/2026 8:00:00 AM,DUQUESNE,1575
7/9/2026 12:47:14 PM,7/9/2026 8:47:14 AM,7/14/2026 12:00:00 PM,7/14/2026 8:00:00 AM,7/14/2026 1:00:00 PM,7/14/2026 9:00:00 AM,DUQUESNE,1682
7/9/2026 12:47:14 PM,7/9/2026 8:47:14 AM,7/14/2026 1:00:00 PM,7/14/2026 9:00:00 AM,7/14/2026 2:00:00 PM,7/14/2026 10:00:00 AM,DUQUESNE,1798
7/9/2026 12:47:14 PM,7/9/2026 8:47:14 AM,7/14/2026 2:00:00 PM,7/14/2026 10:00:00 AM,7/14/2026 3:00:00 PM,7/14/2026 11:00:00 AM,DUQUESNE,1907
7/9/2026 12:47:14 PM,7/9/2026 8:47:14 AM,7/14/2026 3:00:00 PM,7/14/2026 11:00:00 AM,7/14/2026 4:00:00 PM,7/14/2026 12:00:00 PM,DUQUESNE,2019
7/9/2026 12:47:14 PM,7/9/2026 8:47:14 AM,7/14/2026 4:00:00 PM,7/14/2026 12:00:00 PM,7/14/2026 5:00:00 PM,7/14/2026 1:00:00 PM,DUQUESNE,2123
7/9/2026 12:47:14 PM,7/9/2026 8:47:14 AM,7/14/2026 5:00:00 PM,7/14/2026 1:00:00 PM,7/14/2026 6:00:00 PM,7/14/2026 2:00:00 PM,DUQUESNE,2220
7/9/2026 12:47:14 PM,7/9/2026 8:47:14 AM,7/14/2026 6:00:00 PM,7/14/2026 2:00:00 PM,7/14/2026 7:00:00 PM,7/14/2026 3:00:00 PM,DUQUESNE,2282
7/9/2026 12:47:14 PM,7/9/2026 8:47:14 AM,7/14/2026 7:00:00 PM,7/14/2026 3:00:00 PM,7/14/2026 8:00:00 PM,7/14/2026 4:00:00 PM,DUQUESNE,2345
7/9/2026 12:47:14 PM,7/9/2026 8:47:14 AM,7/14/2026 8:00:00 PM,7/14/2026 4:00:00 PM,7/14/2026 9:00:00 PM,7/14/2026 5:00:00 PM,DUQUESNE,2388
7/9/2026 12:47:14 PM,7/9/2026 8:47:14 AM,7/14/2026 9:00:00 PM,7/14/2026 5:00:00 PM,7/14/2026 10:00:00 PM,7/14/2026 6:00:00 PM,DUQUESNE,2405
7/9/2026 12:47:14 PM,7/9/2026 8:47:14 AM,7/14/2026 10:00:00 PM,7/14/2026 6:00:00 PM,7/14/2026 11:00:00 PM,7/14/2026 7:00:00 PM,DUQUESNE,2373
7/9/2026 12:47:14 PM,7/9/2026 8:47:14 AM,7/14/2026 11:00:00 PM,7/14/2026 7:00:00 PM,7/15/2026 12:00:00 AM,7/14/2026 8:00:00 PM,DUQUESNE,2299
7/9/2026 12:47:14 PM,7/9/2026 8:47:14 AM,7/15/2026 12:00:00 AM,7/14/2026 8:00:00 PM,7/15/2026 1:00:00 AM,7/14/2026 9:00:00 PM,DUQUESNE,2197
7/9/2026 12:47:14 PM,7/9/2026 8:47:14 AM,7/15/2026 1:00:00 AM,7/14/2026 9:00:00 PM,7/15/2026 2:00:00 AM,7/14/2026 10:00:00 PM,DUQUESNE,2110
7/9/2026 12:47:14 PM,7/9/2026 8:47:14 AM,7/15/2026 2:00:00 AM,7/14/2026 10:00:00 PM,7/15/2026 3:00:00 AM,7/14/2026 11:00:00 PM,DUQUESNE,1985
7/9/2026 12:47:14 PM,7/9/2026 8:47:14 AM,7/15/2026 3:00:00 AM,7/14/2026 11:00:00 PM,7/15/2026 4:00:00 AM,7/15/2026 12:00:00 AM,DUQUESNE,1842
7/9/2026 12:47:14 PM,7/9/2026 8:47:14 AM,7/15/2026 4:00:00 AM,7/15/2026 12:00:00 AM,7/15/2026 5:00:00 AM,7/15/2026 1:00:00 AM,DUQUESNE,1748
7/9/2026 12:47:14 PM,7/9/2026 8:47:14 AM,7/15/2026 5:00:00 AM,7/15/2026 1:00:00 AM,7/15/2026 6:00:00 AM,7/15/2026 2:00:00 AM,DUQUESNE,1657
7/9/2026 12:47:14 PM,7/9/2026 8:47:14 AM,7/15/2026 6:00:00 AM,7/15/2026 2:00:00 AM,7/15/2026 7:00:00 AM,7/15/2026 3:00:00 AM,DUQUESNE,1585
7/9/2026 12:47:14 PM,7/9/2026 8:47:14 AM,7/15/2026 7:00:00 AM,7/15/2026 3:00:00 AM,7/15/2026 8:00:00 AM,7/15/2026 4:00:00 AM,DUQUESNE,1535
7/9/2026 12:47:14 PM,7/9/2026 8:47:14 AM,7/15/2026 8:00:00 AM,7/15/2026 4:00:00 AM,7/15/2026 9:00:00 AM,7/15/2026 5:00:00 AM,DUQUESNE,1519
7/9/2026 12:47:14 PM,7/9/2026 8:47:14 AM,7/15/2026 9:00:00 AM,7/15/2026 5:00:00 AM,7/15/2026 10:00:00 AM,7/15/2026 6:00:00 AM,DUQUESNE,1529
7/9/2026 12:47:14 PM,7/9/2026 8:47:14 AM,7/15/2026 10:00:00 AM,7/15/2026 6:00:00 AM,7/15/2026 11:00:00 AM,7/15/2026 7:00:00 AM,DUQUESNE,1572
7/9/2026 12:47:14 PM,7/9/2026 8:47:14 AM,7/15/2026 11:00:00 AM,7/15/2026 7:00:00 AM,7/15/2026 12:00:00 PM,7/15/2026 8:00:00 AM,DUQUESNE,1670
7/9/2026 12:47:14 PM,7/9/2026 8:47:14 AM,7/15/2026 12:00:00 PM,7/15/2026 8:00:00 AM,7/15/2026 1:00:00 PM,7/15/2026 9:00:00 AM,DUQUESNE,1797
7/9/2026 12:47:14 PM,7/9/2026 8:47:14 AM,7/15/2026 1:00:00 PM,7/15/2026 9:00:00 AM,7/15/2026 2:00:00 PM,7/15/2026 10:00:00 AM,DUQUESNE,1922
7/9/2026 12:47:14 PM,7/9/2026 8:47:14 AM,7/15/2026 2:00:00 PM,7/15/2026 10:00:00 AM,7/15/2026 3:00:00 PM,7/15/2026 11:00:00 AM,DUQUESNE,2067
7/9/2026 12:47:14 PM,7/9/2026 8:47:14 AM,7/15/2026 3:00:00 PM,7/15/2026 11:00:00 AM,7/15/2026 4:00:00 PM,7/15/2026 12:00:00 PM,DUQUESNE,2200
7/9/2026 12:47:14 PM,7/9/2026 8:47:14 AM,7/15/2026 4:00:00 PM,7/15/2026 12:00:00 PM,7/15/2026 5:00:00 PM,7/15/2026 1:00:00 PM,DUQUESNE,2316
7/9/2026 12:47:14 PM,7/9/2026 8:47:14 AM,7/15/2026 5:00:00 PM,7/15/2026 1:00:00 PM,7/15/2026 6:00:00 PM,7/15/2026 2:00:00 PM,DUQUESNE,2425
7/9/2026 12:47:14 PM,7/9/2026 8:47:14 AM,7/15/2026 6:00:00 PM,7/15/2026 2:00:00 PM,7/15/2026 7:00:00 PM,7/15/2026 3:00:00 PM,DUQUESNE,2498
7/9/2026 12:47:14 PM,7/9/2026 8:47:14 AM,7/15/2026 7:00:00 PM,7/15/2026 3:00:00 PM,7/15/2026 8:00:00 PM,7/15/2026 4:00:00 PM,DUQUESNE,2553
7/9/2026 12:47:14 PM,7/9/2026 8:47:14 AM,7/15/2026 8:00:00 PM,7/15/2026 4:00:00 PM,7/15/2026 9:00:00 PM,7/15/2026 5:00:00 PM,DUQUESNE,2584
7/9/2026 12:47:14 PM,7/9/2026 8:47:14 AM,7/15/2026 9:00:00 PM,7/15/2026 5:00:00 PM,7/15/2026 10:00:00 PM,7/15/2026 6:00:00 PM,DUQUESNE,2591
7/9/2026 12:47:14 PM,7/9/2026 8:47:14 AM,7/15/2026 10:00:00 PM,7/15/2026 6:00:00 PM,7/15/2026 11:00:00 PM,7/15/2026 7:00:00 PM,DUQUESNE,2556
7/9/2026 12:47:14 PM,7/9/2026 8:47:14 AM,7/15/2026 11:00:00 PM,7/15/2026 7:00:00 PM,7/16/2026 12:00:00 AM,7/15/2026 8:00:00 PM,DUQUESNE,2485
7/9/2026 12:47:14 PM,7/9/2026 8:47:14 AM,7/16/2026 12:00:00 AM,7/15/2026 8:00:00 PM,7/16/2026 1:00:00 AM,7/15/2026 9:00:00 PM,DUQUESNE,2390
7/9/2026 12:47:14 PM,7/9/2026 8:47:14 AM,7/16/2026 1:00:00 AM,7/15/2026 9:00:00 PM,7/16/2026 2:00:00 AM,7/15/2026 10:00:00 PM,DUQUESNE,2293
7/9/2026 12:47:14 PM,7/9/2026 8:47:14 AM,7/16/2026 2:00:00 AM,7/15/2026 10:00:00 PM,7/16/2026 3:00:00 AM,7/15/2026 11:00:00 PM,DUQUESNE,2154
7/9/2026 12:47:14 PM,7/9/2026 8:47:14 AM,7/16/2026 3:00:00 AM,7/15/2026 11:00:00 PM,7/16/2026 4:00:00 AM,7/16/2026 12:00:00 AM,DUQUESNE,2016
7/9/2026 12:47:14 PM,7/9/2026 8:47:14 AM,7/9/2026 4:00:00 AM,7/9/2026 12:00:00 AM,7/9/2026 5:00:00 AM,7/9/2026 1:00:00 AM,EKPC,1626
7/9/2026 12:47:14 PM,7/9/2026 8:47:14 AM,7/9/2026 5:00:00 AM,7/9/2026 1:00:00 AM,7/9/2026 6:00:00 AM,7/9/2026 2:00:00 AM,EKPC,1558
7/9/2026 12:47:14 PM,7/9/2026 8:47:14 AM,7/9/2026 6:00:00 AM,7/9/2026 2:00:00 AM,7/9/2026 7:00:00 AM,7/9/2026 3:00:00 AM,EKPC,1352
7/9/2026 12:47:14 PM,7/9/2026 8:47:14 AM,7/9/2026 7:00:00 AM,7/9/2026 3:00:00 AM,7/9/2026 8:00:00 AM,7/9/2026 4:00:00 AM,EKPC,1253
7/9/2026 12:47:14 PM,7/9/2026 8:47:14 AM,7/9/2026 8:00:00 AM,7/9/2026 4:00:00 AM,7/9/2026 9:00:00 AM,7/9/2026 5:00:00 AM,EKPC,1370
7/9/2026 12:47:14 PM,7/9/2026 8:47:14 AM,7/9/2026 9:00:00 AM,7/9/2026 5:00:00 AM,7/9/2026 10:00:00 AM,7/9/2026 6:00:00 AM,EKPC,1442
7/9/2026 12:47:14 PM,7/9/2026 8:47:14 AM,7/9/2026 10:00:00 AM,7/9/2026 6:00:00 AM,7/9/2026 11:00:00 AM,7/9/2026 7:00:00 AM,EKPC,1511
7/9/2026 12:47:14 PM,7/9/2026 8:47:14 AM,7/9/2026 11:00:00 AM,7/9/2026 7:00:00 AM,7/9/2026 12:00:00 PM,7/9/2026 8:00:00 AM,EKPC,1583
7/9/2026 12:47:14 PM,7/9/2026 8:47:14 AM,7/9/2026 12:00:00 PM,7/9/2026 8:00:00 AM,7/9/2026 1:00:00 PM,7/9/2026 9:00:00 AM,EKPC,1654
7/9/2026 12:47:14 PM,7/9/2026 8:47:14 AM,7/9/2026 1:00:00 PM,7/9/2026 9:00:00 AM,7/9/2026 2:00:00 PM,7/9/2026 10:00:00 AM,EKPC,1715
7/9/2026 12:47:14 PM,7/9/2026 8:47:14 AM,7/9/2026 2:00:00 PM,7/9/2026 10:00:00 AM,7/9/2026 3:00:00 PM,7/9/2026 11:00:00 AM,EKPC,1745
7/9/2026 12:47:14 PM,7/9/2026 8:47:14 AM,7/9/2026 3:00:00 PM,7/9/2026 11:00:00 AM,7/9/2026 4:00:00 PM,7/9/2026 12:00:00 PM,EKPC,1860
7/9/2026 12:47:14 PM,7/9/2026 8:47:14 AM,7/9/2026 4:00:00 PM,7/9/2026 12:00:00 PM,7/9/2026 5:00:00 PM,7/9/2026 1:00:00 PM,EKPC,1958
7/9/2026 12:47:14 PM,7/9/2026 8:47:14 AM,7/9/2026 5:00:00 PM,7/9/2026 1:00:00 PM,7/9/2026 6:00:00 PM,7/9/2026 2:00:00 PM,EKPC,2041
7/9/2026 12:47:14 PM,7/9/2026 8:47:14 AM,7/9/2026 6:00:00 PM,7/9/2026 2:00:00 PM,7/9/2026 7:00:00 PM,7/9/2026 3:00:00 PM,EKPC,2112
7/9/2026 12:47:14 PM,7/9/2026 8:47:14 AM,7/9/2026 7:00:00 PM,7/9/2026 3:00:00 PM,7/9/2026 8:00:00 PM,7/9/2026 4:00:00 PM,EKPC,2185
7/9/2026 12:47:14 PM,7/9/2026 8:47:14 AM,7/9/2026 8:00:00 PM,7/9/2026 4:00:00 PM,7/9/2026 9:00:00 PM,7/9/2026 5:00:00 PM,EKPC,2259
7/9/2026 12:47:14 PM,7/9/2026 8:47:14 AM,7/9/2026 9:00:00 PM,7/9/2026 5:00:00 PM,7/9/2026 10:00:00 PM,7/9/2026 6:00:00 PM,EKPC,2299
7/9/2026 12:47:14 PM,7/9/2026 8:47:14 AM,7/9/2026 10:00:00 PM,7/9/2026 6:00:00 PM,7/9/2026 11:00:00 PM,7/9/2026 7:00:00 PM,EKPC,2280
7/9/2026 12:47:14 PM,7/9/2026 8:47:14 AM,7/9/2026 11:00:00 PM,7/9/2026 7:00:00 PM,7/10/2026 12:00:00 AM,7/9/2026 8:00:00 PM,EKPC,2232
7/9/2026 12:47:14 PM,7/9/2026 8:47:14 AM,7/10/2026 12:00:00 AM,7/9/2026 8:00:00 PM,7/10/2026 1:00:00 AM,7/9/2026 9:00:00 PM,EKPC,2171
7/9/2026 12:47:14 PM,7/9/2026 8:47:14 AM,7/10/2026 1:00:00 AM,7/9/2026 9:00:00 PM,7/10/2026 2:00:00 AM,7/9/2026 10:00:00 PM,EKPC,2068
7/9/2026 12:47:14 PM,7/9/2026 8:47:14 AM,7/10/2026 2:00:00 AM,7/9/2026 10:00:00 PM,7/10/2026 3:00:00 AM,7/9/2026 11:00:00 PM,EKPC,1914
7/9/2026 12:47:14 PM,7/9/2026 8:47:14 AM,7/10/2026 3:00:00 AM,7/9/2026 11:00:00 PM,7/10/2026 4:00:00 AM,7/10/2026 12:00:00 AM,EKPC,1742
7/9/2026 12:47:14 PM,7/9/2026 8:47:14 AM,7/10/2026 4:00:00 AM,7/10/2026 12:00:00 AM,7/10/2026 5:00:00 AM,7/10/2026 1:00:00 AM,EKPC,1599
7/9/2026 12:47:14 PM,7/9/2026 8:47:14 AM,7/10/2026 5:00:00 AM,7/10/2026 1:00:00 AM,7/10/2026 6:00:00 AM,7/10/2026 2:00:00 AM,EKPC,1491
7/9/2026 12:47:14 PM,7/9/2026 8:47:14 AM,7/10/2026 6:00:00 AM,7/10/2026 2:00:00 AM,7/10/2026 7:00:00 AM,7/10/2026 3:00:00 AM,EKPC,1416
7/9/2026 12:47:14 PM,7/9/2026 8:47:14 AM,7/10/2026 7:00:00 AM,7/10/2026 3:00:00 AM,7/10/2026 8:00:00 AM,7/10/2026 4:00:00 AM,EKPC,1365
7/9/2026 12:47:14 PM,7/9/2026 8:47:14 AM,7/10/2026 8:00:00 AM,7/10/2026 4:00:00 AM,7/10/2026 9:00:00 AM,7/10/2026 5:00:00 AM,EKPC,1333
7/9/2026 12:47:14 PM,7/9/2026 8:47:14 AM,7/10/2026 9:00:00 AM,7/10/2026 5:00:00 AM,7/10/2026 10:00:00 AM,7/10/2026 6:00:00 AM,EKPC,1352
7/9/2026 12:47:14 PM,7/9/2026 8:47:14 AM,7/10/2026 10:00:00 AM,7/10/2026 6:00:00 AM,7/10/2026 11:00:00 AM,7/10/2026 7:00:00 AM,EKPC,1382
7/9/2026 12:47:14 PM,7/9/2026 8:47:14 AM,7/10/2026 11:00:00 AM,7/10/2026 7:00:00 AM,7/10/2026 12:00:00 PM,7/10/2026 8:00:00 AM,EKPC,1419
7/9/2026 12:47:14 PM,7/9/2026 8:47:14 AM,7/10/2026 12:00:00 PM,7/10/2026 8:00:00 AM,7/10/2026 1:00:00 PM,7/10/2026 9:00:00 AM,EKPC,1509
7/9/2026 12:47:14 PM,7/9/2026 8:47:14 AM,7/10/2026 1:00:00 PM,7/10/2026 9:00:00 AM,7/10/2026 2:00:00 PM,7/10/2026 10:00:00 AM,EKPC,1586
7/9/2026 12:47:14 PM,7/9/2026 8:47:14 AM,7/10/2026 2:00:00 PM,7/10/2026 10:00:00 AM,7/10/2026 3:00:00 PM,7/10/2026 11:00:00 AM,EKPC,1687
7/9/2026 12:47:14 PM,7/9/2026 8:47:14 AM,7/10/2026 3:00:00 PM,7/10/2026 11:00:00 AM,7/10/2026 4:00:00 PM,7/10/2026 12:00:00 PM,EKPC,1787
7/9/2026 12:47:14 PM,7/9/2026 8:47:14 AM,7/10/2026 4:00:00 PM,7/10/2026 12:00:00 PM,7/10/2026 5:00:00 PM,7/10/2026 1:00:00 PM,EKPC,1868
7/9/2026 12:47:14 PM,7/9/2026 8:47:14 AM,7/10/2026 5:00:00 PM,7/10/2026 1:00:00 PM,7/10/2026 6:00:00 PM,7/10/2026 2:00:00 PM,EKPC,1914
7/9/2026 12:47:14 PM,7/9/2026 8:47:14 AM,7/10/2026 6:00:00 PM,7/10/2026 2:00:00 PM,7/10/2026 7:00:00 PM,7/10/2026 3:00:00 PM,EKPC,1964
7/9/2026 12:47:14 PM,7/9/2026 8:47:14 AM,7/10/2026 7:00:00 PM,7/10/2026 3:00:00 PM,7/10/2026 8:00:00 PM,7/10/2026 4:00:00 PM,EKPC,2012
7/9/2026 12:47:14 PM,7/9/2026 8:47:14 AM,7/10/2026 8:00:00 PM,7/10/2026 4:00:00 PM,7/10/2026 9:00:00 PM,7/10/2026 5:00:00 PM,EKPC,2058
7/9/2026 12:47:14 PM,7/9/2026 8:47:14 AM,7/10/2026 9:00:00 PM,7/10/2026 5:00:00 PM,7/10/2026 10:00:00 PM,7/10/2026 6:00:00 PM,EKPC,2075
7/9/2026 12:47:14 PM,7/9/2026 8:47:14 AM,7/10/2026 10:00:00 PM,7/10/2026 6:00:00 PM,7/10/2026 11:00:00 PM,7/10/2026 7:00:00 PM,EKPC,2035
7/9/2026 12:47:14 PM,7/9/2026 8:47:14 AM,7/10/2026 11:00:00 PM,7/10/2026 7:00:00 PM,7/11/2026 12:00:00 AM,7/10/2026 8:00:00 PM,EKPC,1995
7/9/2026 12:47:14 PM,7/9/2026 8:47:14 AM,7/11/2026 12:00:00 AM,7/10/2026 8:00:00 PM,7/11/2026 1:00:00 AM,7/10/2026 9:00:00 PM,EKPC,1925
7/9/2026 12:47:14 PM,7/9/2026 8:47:14 AM,7/11/2026 1:00:00 AM,7/10/2026 9:00:00 PM,7/11/2026 2:00:00 AM,7/10/2026 10:00:00 PM,EKPC,1861
7/9/2026 12:47:14 PM,7/9/2026 8:47:14 AM,7/11/2026 2:00:00 AM,7/10/2026 10:00:00 PM,7/11/2026 3:00:00 AM,7/10/2026 11:00:00 PM,EKPC,1740
7/9/2026 12:47:14 PM,7/9/2026 8:47:14 AM,7/11/2026 3:00:00 AM,7/10/2026 11:00:00 PM,7/11/2026 4:00:00 AM,7/11/2026 12:00:00 AM,EKPC,1599
7/9/2026 12:47:14 PM,7/9/2026 8:47:14 AM,7/11/2026 4:00:00 AM,7/11/2026 12:00:00 AM,7/11/2026 5:00:00 AM,7/11/2026 1:00:00 AM,EKPC,1499
7/9/2026 12:47:14 PM,7/9/2026 8:47:14 AM,7/11/2026 5:00:00 AM,7/11/2026 1:00:00 AM,7/11/2026 6:00:00 AM,7/11/2026 2:00:00 AM,EKPC,1381
7/9/2026 12:47:14 PM,7/9/2026 8:47:14 AM,7/11/2026 6:00:00 AM,7/11/2026 2:00:00 AM,7/11/2026 7:00:00 AM,7/11/2026 3:00:00 AM,EKPC,1320
7/9/2026 12:47:14 PM,7/9/2026 8:47:14 AM,7/11/2026 7:00:00 AM,7/11/2026 3:00:00 AM,7/11/2026 8:00:00 AM,7/11/2026 4:00:00 AM,EKPC,1267
7/9/2026 12:47:14 PM,7/9/2026 8:47:14 AM,7/11/2026 8:00:00 AM,7/11/2026 4:00:00 AM,7/11/2026 9:00:00 AM,7/11/2026 5:00:00 AM,EKPC,1226
7/9/2026 12:47:14 PM,7/9/2026 8:47:14 AM,7/11/2026 9:00:00 AM,7/11/2026 5:00:00 AM,7/11/2026 10:00:00 AM,7/11/2026 6:00:00 AM,EKPC,1212
7/9/2026 12:47:14 PM,7/9/2026 8:47:14 AM,7/11/2026 10:00:00 AM,7/11/2026 6:00:00 AM,7/11/2026 11:00:00 AM,7/11/2026 7:00:00 AM,EKPC,1221
7/9/2026 12:47:14 PM,7/9/2026 8:47:14 AM,7/11/2026 11:00:00 AM,7/11/2026 7:00:00 AM,7/11/2026 12:00:00 PM,7/11/2026 8:00:00 AM,EKPC,1260
7/9/2026 12:47:14 PM,7/9/2026 8:47:14 AM,7/11/2026 12:00:00 PM,7/11/2026 8:00:00 AM,7/11/2026 1:00:00 PM,7/11/2026 9:00:00 AM,EKPC,1364
7/9/2026 12:47:14 PM,7/9/2026 8:47:14 AM,7/11/2026 1:00:00 PM,7/11/2026 9:00:00 AM,7/11/2026 2:00:00 PM,7/11/2026 10:00:00 AM,EKPC,1489
7/9/2026 12:47:14 PM,7/9/2026 8:47:14 AM,7/11/2026 2:00:00 PM,7/11/2026 10:00:00 AM,7/11/2026 3:00:00 PM,7/11/2026 11:00:00 AM,EKPC,1587
7/9/2026 12:47:14 PM,7/9/2026 8:47:14 AM,7/11/2026 3:00:00 PM,7/11/2026 11:00:00 AM,7/11/2026 4:00:00 PM,7/11/2026 12:00:00 PM,EKPC,1688
7/9/2026 12:47:14 PM,7/9/2026 8:47:14 AM,7/11/2026 4:00:00 PM,7/11/2026 12:00:00 PM,7/11/2026 5:00:00 PM,7/11/2026 1:00:00 PM,EKPC,1766
7/9/2026 12:47:14 PM,7/9/2026 8:47:14 AM,7/11/2026 5:00:00 PM,7/11/2026 1:00:00 PM,7/11/2026 6:00:00 PM,7/11/2026 2:00:00 PM,EKPC,1825
7/9/2026 12:47:14 PM,7/9/2026 8:47:14 AM,7/11/2026 6:00:00 PM,7/11/2026 2:00:00 PM,7/11/2026 7:00:00 PM,7/11/2026 3:00:00 PM,EKPC,1893
7/9/2026 12:47:14 PM,7/9/2026 8:47:14 AM,7/11/2026 7:00:00 PM,7/11/2026 3:00:00 PM,7/11/2026 8:00:00 PM,7/11/2026 4:00:00 PM,EKPC,1946
7/9/2026 12:47:14 PM,7/9/2026 8:47:14 AM,7/11/2026 8:00:00 PM,7/11/2026 4:00:00 PM,7/11/2026 9:00:00 PM,7/11/2026 5:00:00 PM,EKPC,2016
7/9/2026 12:47:14 PM,7/9/2026 8:47:14 AM,7/11/2026 9:00:00 PM,7/11/2026 5:00:00 PM,7/11/2026 10:00:00 PM,7/11/2026 6:00:00 PM,EKPC,2036
7/9/2026 12:47:14 PM,7/9/2026 8:47:14 AM,7/11/2026 10:00:00 PM,7/11/2026 6:00:00 PM,7/11/2026 11:00:00 PM,7/11/2026 7:00:00 PM,EKPC,1994
7/9/2026 12:47:14 PM,7/9/2026 8:47:14 AM,7/11/2026 11:00:00 PM,7/11/2026 7:00:00 PM,7/12/2026 12:00:00 AM,7/11/2026 8:00:00 PM,EKPC,1961
7/9/2026 12:47:14 PM,7/9/2026 8:47:14 AM,7/12/2026 12:00:00 AM,7/11/2026 8:00:00 PM,7/12/2026 1:00:00 AM,7/11/2026 9:00:00 PM,EKPC,1872
7/9/2026 12:47:14 PM,7/9/2026 8:47:14 AM,7/12/2026 1:00:00 AM,7/11/2026 9:00:00 PM,7/12/2026 2:00:00 AM,7/11/2026 10:00:00 PM,EKPC,1814
7/9/2026 12:47:14 PM,7/9/2026 8:47:14 AM,7/12/2026 2:00:00 AM,7/11/2026 10:00:00 PM,7/12/2026 3:00:00 AM,7/11/2026 11:00:00 PM,EKPC,1714
7/9/2026 12:47:14 PM,7/9/2026 8:47:14 AM,7/12/2026 3:00:00 AM,7/11/2026 11:00:00 PM,7/12/2026 4:00:00 AM,7/12/2026 12:00:00 AM,EKPC,1571
7/9/2026 12:47:14 PM,7/9/2026 8:47:14 AM,7/12/2026 4:00:00 AM,7/12/2026 12:00:00 AM,7/12/2026 5:00:00 AM,7/12/2026 1:00:00 AM,EKPC,1461
7/9/2026 12:47:14 PM,7/9/2026 8:47:14 AM,7/12/2026 5:00:00 AM,7/12/2026 1:00:00 AM,7/12/2026 6:00:00 AM,7/12/2026 2:00:00 AM,EKPC,1354
7/9/2026 12:47:14 PM,7/9/2026 8:47:14 AM,7/12/2026 6:00:00 AM,7/12/2026 2:00:00 AM,7/12/2026 7:00:00 AM,7/12/2026 3:00:00 AM,EKPC,1295
7/9/2026 12:47:14 PM,7/9/2026 8:47:14 AM,7/12/2026 7:00:00 AM,7/12/2026 3:00:00 AM,7/12/2026 8:00:00 AM,7/12/2026 4:00:00 AM,EKPC,1255
7/9/2026 12:47:14 PM,7/9/2026 8:47:14 AM,7/12/2026 8:00:00 AM,7/12/2026 4:00:00 AM,7/12/2026 9:00:00 AM,7/12/2026 5:00:00 AM,EKPC,1210
7/9/2026 12:47:14 PM,7/9/2026 8:47:14 AM,7/12/2026 9:00:00 AM,7/12/2026 5:00:00 AM,7/12/2026 10:00:00 AM,7/12/2026 6:00:00 AM,EKPC,1188
7/9/2026 12:47:14 PM,7/9/2026 8:47:14 AM,7/12/2026 10:00:00 AM,7/12/2026 6:00:00 AM,7/12/2026 11:00:00 AM,7/12/2026 7:00:00 AM,EKPC,1186
7/9/2026 12:47:14 PM,7/9/2026 8:47:14 AM,7/12/2026 11:00:00 AM,7/12/2026 7:00:00 AM,7/12/2026 12:00:00 PM,7/12/2026 8:00:00 AM,EKPC,1231
7/9/2026 12:47:14 PM,7/9/2026 8:47:14 AM,7/12/2026 12:00:00 PM,7/12/2026 8:00:00 AM,7/12/2026 1:00:00 PM,7/12/2026 9:00:00 AM,EKPC,1368
7/9/2026 12:47:14 PM,7/9/2026 8:47:14 AM,7/12/2026 1:00:00 PM,7/12/2026 9:00:00 AM,7/12/2026 2:00:00 PM,7/12/2026 10:00:00 AM,EKPC,1499
7/9/2026 12:47:14 PM,7/9/2026 8:47:14 AM,7/12/2026 2:00:00 PM,7/12/2026 10:00:00 AM,7/12/2026 3:00:00 PM,7/12/2026 11:00:00 AM,EKPC,1598
7/9/2026 12:47:14 PM,7/9/2026 8:47:14 AM,7/12/2026 3:00:00 PM,7/12/2026 11:00:00 AM,7/12/2026 4:00:00 PM,7/12/2026 12:00:00 PM,EKPC,1698
7/9/2026 12:47:14 PM,7/9/2026 8:47:14 AM,7/12/2026 4:00:00 PM,7/12/2026 12:00:00 PM,7/12/2026 5:00:00 PM,7/12/2026 1:00:00 PM,EKPC,1783
7/9/2026 12:47:14 PM,7/9/2026 8:47:14 AM,7/12/2026 5:00:00 PM,7/12/2026 1:00:00 PM,7/12/2026 6:00:00 PM,7/12/2026 2:00:00 PM,EKPC,1843
7/9/2026 12:47:14 PM,7/9/2026 8:47:14 AM,7/12/2026 6:00:00 PM,7/12/2026 2:00:00 PM,7/12/2026 7:00:00 PM,7/12/2026 3:00:00 PM,EKPC,1913
7/9/2026 12:47:14 PM,7/9/2026 8:47:14 AM,7/12/2026 7:00:00 PM,7/12/2026 3:00:00 PM,7/12/2026 8:00:00 PM,7/12/2026 4:00:00 PM,EKPC,1967
7/9/2026 12:47:14 PM,7/9/2026 8:47:14 AM,7/12/2026 8:00:00 PM,7/12/2026 4:00:00 PM,7/12/2026 9:00:00 PM,7/12/2026 5:00:00 PM,EKPC,2042
7/9/2026 12:47:14 PM,7/9/2026 8:47:14 AM,7/12/2026 9:00:00 PM,7/12/2026 5:00:00 PM,7/12/2026 10:00:00 PM,7/12/2026 6:00:00 PM,EKPC,2086
7/9/2026 12:47:14 PM,7/9/2026 8:47:14 AM,7/12/2026 10:00:00 PM,7/12/2026 6:00:00 PM,7/12/2026 11:00:00 PM,7/12/2026 7:00:00 PM,EKPC,2067
7/9/2026 12:47:14 PM,7/9/2026 8:47:14 AM,7/12/2026 11:00:00 PM,7/12/2026 7:00:00 PM,7/13/2026 12:00:00 AM,7/12/2026 8:00:00 PM,EKPC,2036
7/9/2026 12:47:14 PM,7/9/2026 8:47:14 AM,7/13/2026 12:00:00 AM,7/12/2026 8:00:00 PM,7/13/2026 1:00:00 AM,7/12/2026 9:00:00 PM,EKPC,1977
7/9/2026 12:47:14 PM,7/9/2026 8:47:14 AM,7/13/2026 1:00:00 AM,7/12/2026 9:00:00 PM,7/13/2026 2:00:00 AM,7/12/2026 10:00:00 PM,EKPC,1906
7/9/2026 12:47:14 PM,7/9/2026 8:47:14 AM,7/13/2026 2:00:00 AM,7/12/2026 10:00:00 PM,7/13/2026 3:00:00 AM,7/12/2026 11:00:00 PM,EKPC,1755
7/9/2026 12:47:14 PM,7/9/2026 8:47:14 AM,7/13/2026 3:00:00 AM,7/12/2026 11:00:00 PM,7/13/2026 4:00:00 AM,7/13/2026 12:00:00 AM,EKPC,1602
7/9/2026 12:47:14 PM,7/9/2026 8:47:14 AM,7/13/2026 4:00:00 AM,7/13/2026 12:00:00 AM,7/13/2026 5:00:00 AM,7/13/2026 1:00:00 AM,EKPC,1452
7/9/2026 12:47:14 PM,7/9/2026 8:47:14 AM,7/13/2026 5:00:00 AM,7/13/2026 1:00:00 AM,7/13/2026 6:00:00 AM,7/13/2026 2:00:00 AM,EKPC,1352
7/9/2026 12:47:14 PM,7/9/2026 8:47:14 AM,7/13/2026 6:00:00 AM,7/13/2026 2:00:00 AM,7/13/2026 7:00:00 AM,7/13/2026 3:00:00 AM,EKPC,1298
7/9/2026 12:47:14 PM,7/9/2026 8:47:14 AM,7/13/2026 7:00:00 AM,7/13/2026 3:00:00 AM,7/13/2026 8:00:00 AM,7/13/2026 4:00:00 AM,EKPC,1266
7/9/2026 12:47:14 PM,7/9/2026 8:47:14 AM,7/13/2026 8:00:00 AM,7/13/2026 4:00:00 AM,7/13/2026 9:00:00 AM,7/13/2026 5:00:00 AM,EKPC,1249
7/9/2026 12:47:14 PM,7/9/2026 8:47:14 AM,7/13/2026 9:00:00 AM,7/13/2026 5:00:00 AM,7/13/2026 10:00:00 AM,7/13/2026 6:00:00 AM,EKPC,1280
7/9/2026 12:47:14 PM,7/9/2026 8:47:14 AM,7/13/2026 10:00:00 AM,7/13/2026 6:00:00 AM,7/13/2026 11:00:00 AM,7/13/2026 7:00:00 AM,EKPC,1325
7/9/2026 12:47:14 PM,7/9/2026 8:47:14 AM,7/13/2026 11:00:00 AM,7/13/2026 7:00:00 AM,7/13/2026 12:00:00 PM,7/13/2026 8:00:00 AM,EKPC,1376
7/9/2026 12:47:14 PM,7/9/2026 8:47:14 AM,7/13/2026 12:00:00 PM,7/13/2026 8:00:00 AM,7/13/2026 1:00:00 PM,7/13/2026 9:00:00 AM,EKPC,1488
7/9/2026 12:47:14 PM,7/9/2026 8:47:14 AM,7/13/2026 1:00:00 PM,7/13/2026 9:00:00 AM,7/13/2026 2:00:00 PM,7/13/2026 10:00:00 AM,EKPC,1593
7/9/2026 12:47:14 PM,7/9/2026 8:47:14 AM,7/13/2026 2:00:00 PM,7/13/2026 10:00:00 AM,7/13/2026 3:00:00 PM,7/13/2026 11:00:00 AM,EKPC,1706
7/9/2026 12:47:14 PM,7/9/2026 8:47:14 AM,7/13/2026 3:00:00 PM,7/13/2026 11:00:00 AM,7/13/2026 4:00:00 PM,7/13/2026 12:00:00 PM,EKPC,1842
7/9/2026 12:47:14 PM,7/9/2026 8:47:14 AM,7/13/2026 4:00:00 PM,7/13/2026 12:00:00 PM,7/13/2026 5:00:00 PM,7/13/2026 1:00:00 PM,EKPC,1958
7/9/2026 12:47:14 PM,7/9/2026 8:47:14 AM,7/13/2026 5:00:00 PM,7/13/2026 1:00:00 PM,7/13/2026 6:00:00 PM,7/13/2026 2:00:00 PM,EKPC,2033
7/9/2026 12:47:14 PM,7/9/2026 8:47:14 AM,7/13/2026 6:00:00 PM,7/13/2026 2:00:00 PM,7/13/2026 7:00:00 PM,7/13/2026 3:00:00 PM,EKPC,2098
7/9/2026 12:47:14 PM,7/9/2026 8:47:14 AM,7/13/2026 7:00:00 PM,7/13/2026 3:00:00 PM,7/13/2026 8:00:00 PM,7/13/2026 4:00:00 PM,EKPC,2175
7/9/2026 12:47:14 PM,7/9/2026 8:47:14 AM,7/13/2026 8:00:00 PM,7/13/2026 4:00:00 PM,7/13/2026 9:00:00 PM,7/13/2026 5:00:00 PM,EKPC,2245
7/9/2026 12:47:14 PM,7/9/2026 8:47:14 AM,7/13/2026 9:00:00 PM,7/13/2026 5:00:00 PM,7/13/2026 10:00:00 PM,7/13/2026 6:00:00 PM,EKPC,2283
7/9/2026 12:47:14 PM,7/9/2026 8:47:14 AM,7/13/2026 10:00:00 PM,7/13/2026 6:00:00 PM,7/13/2026 11:00:00 PM,7/13/2026 7:00:00 PM,EKPC,2257
7/9/2026 12:47:14 PM,7/9/2026 8:47:14 AM,7/13/2026 11:00:00 PM,7/13/2026 7:00:00 PM,7/14/2026 12:00:00 AM,7/13/2026 8:00:00 PM,EKPC,2209
7/9/2026 12:47:14 PM,7/9/2026 8:47:14 AM,7/14/2026 12:00:00 AM,7/13/2026 8:00:00 PM,7/14/2026 1:00:00 AM,7/13/2026 9:00:00 PM,EKPC,2122
7/9/2026 12:47:14 PM,7/9/2026 8:47:14 AM,7/14/2026 1:00:00 AM,7/13/2026 9:00:00 PM,7/14/2026 2:00:00 AM,7/13/2026 10:00:00 PM,EKPC,2024
7/9/2026 12:47:14 PM,7/9/2026 8:47:14 AM,7/14/2026 2:00:00 AM,7/13/2026 10:00:00 PM,7/14/2026 3:00:00 AM,7/13/2026 11:00:00 PM,EKPC,1871
7/9/2026 12:47:14 PM,7/9/2026 8:47:14 AM,7/14/2026 3:00:00 AM,7/13/2026 11:00:00 PM,7/14/2026 4:00:00 AM,7/14/2026 12:00:00 AM,EKPC,1691
7/9/2026 12:47:14 PM,7/9/2026 8:47:14 AM,7/14/2026 4:00:00 AM,7/14/2026 12:00:00 AM,7/14/2026 5:00:00 AM,7/14/2026 1:00:00 AM,EKPC,1527
7/9/2026 12:47:14 PM,7/9/2026 8:47:14 AM,7/14/2026 5:00:00 AM,7/14/2026 1:00:00 AM,7/14/2026 6:00:00 AM,7/14/2026 2:00:00 AM,EKPC,1416
7/9/2026 12:47:14 PM,7/9/2026 8:47:14 AM,7/14/2026 6:00:00 AM,7/14/2026 2:00:00 AM,7/14/2026 7:00:00 AM,7/14/2026 3:00:00 AM,EKPC,1347
7/9/2026 12:47:14 PM,7/9/2026 8:47:14 AM,7/14/2026 7:00:00 AM,7/14/2026 3:00:00 AM,7/14/2026 8:00:00 AM,7/14/2026 4:00:00 AM,EKPC,1298
7/9/2026 12:47:14 PM,7/9/2026 8:47:14 AM,7/14/2026 8:00:00 AM,7/14/2026 4:00:00 AM,7/14/2026 9:00:00 AM,7/14/2026 5:00:00 AM,EKPC,1270
7/9/2026 12:47:14 PM,7/9/2026 8:47:14 AM,7/14/2026 9:00:00 AM,7/14/2026 5:00:00 AM,7/14/2026 10:00:00 AM,7/14/2026 6:00:00 AM,EKPC,1289
7/9/2026 12:47:14 PM,7/9/2026 8:47:14 AM,7/14/2026 10:00:00 AM,7/14/2026 6:00:00 AM,7/14/2026 11:00:00 AM,7/14/2026 7:00:00 AM,EKPC,1333
7/9/2026 12:47:14 PM,7/9/2026 8:47:14 AM,7/14/2026 11:00:00 AM,7/14/2026 7:00:00 AM,7/14/2026 12:00:00 PM,7/14/2026 8:00:00 AM,EKPC,1378
7/9/2026 12:47:14 PM,7/9/2026 8:47:14 AM,7/14/2026 12:00:00 PM,7/14/2026 8:00:00 AM,7/14/2026 1:00:00 PM,7/14/2026 9:00:00 AM,EKPC,1478
7/9/2026 12:47:14 PM,7/9/2026 8:47:14 AM,7/14/2026 1:00:00 PM,7/14/2026 9:00:00 AM,7/14/2026 2:00:00 PM,7/14/2026 10:00:00 AM,EKPC,1583
7/9/2026 12:47:14 PM,7/9/2026 8:47:14 AM,7/14/2026 2:00:00 PM,7/14/2026 10:00:00 AM,7/14/2026 3:00:00 PM,7/14/2026 11:00:00 AM,EKPC,1714
7/9/2026 12:47:14 PM,7/9/2026 8:47:14 AM,7/14/2026 3:00:00 PM,7/14/2026 11:00:00 AM,7/14/2026 4:00:00 PM,7/14/2026 12:00:00 PM,EKPC,1863
7/9/2026 12:47:14 PM,7/9/2026 8:47:14 AM,7/14/2026 4:00:00 PM,7/14/2026 12:00:00 PM,7/14/2026 5:00:00 PM,7/14/2026 1:00:00 PM,EKPC,1996
7/9/2026 12:47:14 PM,7/9/2026 8:47:14 AM,7/14/2026 5:00:00 PM,7/14/2026 1:00:00 PM,7/14/2026 6:00:00 PM,7/14/2026 2:00:00 PM,EKPC,2089
7/9/2026 12:47:14 PM,7/9/2026 8:47:14 AM,7/14/2026 6:00:00 PM,7/14/2026 2:00:00 PM,7/14/2026 7:00:00 PM,7/14/2026 3:00:00 PM,EKPC,2157
7/9/2026 12:47:14 PM,7/9/2026 8:47:14 AM,7/14/2026 7:00:00 PM,7/14/2026 3:00:00 PM,7/14/2026 8:00:00 PM,7/14/2026 4:00:00 PM,EKPC,2232
7/9/2026 12:47:14 PM,7/9/2026 8:47:14 AM,7/14/2026 8:00:00 PM,7/14/2026 4:00:00 PM,7/14/2026 9:00:00 PM,7/14/2026 5:00:00 PM,EKPC,2313
7/9/2026 12:47:14 PM,7/9/2026 8:47:14 AM,7/14/2026 9:00:00 PM,7/14/2026 5:00:00 PM,7/14/2026 10:00:00 PM,7/14/2026 6:00:00 PM,EKPC,2347
7/9/2026 12:47:14 PM,7/9/2026 8:47:14 AM,7/14/2026 10:00:00 PM,7/14/2026 6:00:00 PM,7/14/2026 11:00:00 PM,7/14/2026 7:00:00 PM,EKPC,2318
7/9/2026 12:47:14 PM,7/9/2026 8:47:14 AM,7/14/2026 11:00:00 PM,7/14/2026 7:00:00 PM,7/15/2026 12:00:00 AM,7/14/2026 8:00:00 PM,EKPC,2266
7/9/2026 12:47:14 PM,7/9/2026 8:47:14 AM,7/15/2026 12:00:00 AM,7/14/2026 8:00:00 PM,7/15/2026 1:00:00 AM,7/14/2026 9:00:00 PM,EKPC,2178
7/9/2026 12:47:14 PM,7/9/2026 8:47:14 AM,7/15/2026 1:00:00 AM,7/14/2026 9:00:00 PM,7/15/2026 2:00:00 AM,7/14/2026 10:00:00 PM,EKPC,2091
7/9/2026 12:47:14 PM,7/9/2026 8:47:14 AM,7/15/2026 2:00:00 AM,7/14/2026 10:00:00 PM,7/15/2026 3:00:00 AM,7/14/2026 11:00:00 PM,EKPC,1921
7/9/2026 12:47:14 PM,7/9/2026 8:47:14 AM,7/15/2026 3:00:00 AM,7/14/2026 11:00:00 PM,7/15/2026 4:00:00 AM,7/15/2026 12:00:00 AM,EKPC,1729
7/9/2026 12:47:14 PM,7/9/2026 8:47:14 AM,7/15/2026 4:00:00 AM,7/15/2026 12:00:00 AM,7/15/2026 5:00:00 AM,7/15/2026 1:00:00 AM,EKPC,1546
7/9/2026 12:47:14 PM,7/9/2026 8:47:14 AM,7/15/2026 5:00:00 AM,7/15/2026 1:00:00 AM,7/15/2026 6:00:00 AM,7/15/2026 2:00:00 AM,EKPC,1427
7/9/2026 12:47:14 PM,7/9/2026 8:47:14 AM,7/15/2026 6:00:00 AM,7/15/2026 2:00:00 AM,7/15/2026 7:00:00 AM,7/15/2026 3:00:00 AM,EKPC,1356
7/9/2026 12:47:14 PM,7/9/2026 8:47:14 AM,7/15/2026 7:00:00 AM,7/15/2026 3:00:00 AM,7/15/2026 8:00:00 AM,7/15/2026 4:00:00 AM,EKPC,1294
7/9/2026 12:47:14 PM,7/9/2026 8:47:14 AM,7/15/2026 8:00:00 AM,7/15/2026 4:00:00 AM,7/15/2026 9:00:00 AM,7/15/2026 5:00:00 AM,EKPC,1251
7/9/2026 12:47:14 PM,7/9/2026 8:47:14 AM,7/15/2026 9:00:00 AM,7/15/2026 5:00:00 AM,7/15/2026 10:00:00 AM,7/15/2026 6:00:00 AM,EKPC,1264
7/9/2026 12:47:14 PM,7/9/2026 8:47:14 AM,7/15/2026 10:00:00 AM,7/15/2026 6:00:00 AM,7/15/2026 11:00:00 AM,7/15/2026 7:00:00 AM,EKPC,1294
7/9/2026 12:47:14 PM,7/9/2026 8:47:14 AM,7/15/2026 11:00:00 AM,7/15/2026 7:00:00 AM,7/15/2026 12:00:00 PM,7/15/2026 8:00:00 AM,EKPC,1337
7/9/2026 12:47:14 PM,7/9/2026 8:47:14 AM,7/15/2026 12:00:00 PM,7/15/2026 8:00:00 AM,7/15/2026 1:00:00 PM,7/15/2026 9:00:00 AM,EKPC,1450
7/9/2026 12:47:14 PM,7/9/2026 8:47:14 AM,7/15/2026 1:00:00 PM,7/15/2026 9:00:00 AM,7/15/2026 2:00:00 PM,7/15/2026 10:00:00 AM,EKPC,1572
7/9/2026 12:47:14 PM,7/9/2026 8:47:14 AM,7/15/2026 2:00:00 PM,7/15/2026 10:00:00 AM,7/15/2026 3:00:00 PM,7/15/2026 11:00:00 AM,EKPC,1714
7/9/2026 12:47:14 PM,7/9/2026 8:47:14 AM,7/15/2026 3:00:00 PM,7/15/2026 11:00:00 AM,7/15/2026 4:00:00 PM,7/15/2026 12:00:00 PM,EKPC,1863
7/9/2026 12:47:14 PM,7/9/2026 8:47:14 AM,7/15/2026 4:00:00 PM,7/15/2026 12:00:00 PM,7/15/2026 5:00:00 PM,7/15/2026 1:00:00 PM,EKPC,2004
7/9/2026 12:47:14 PM,7/9/2026 8:47:14 AM,7/15/2026 5:00:00 PM,7/15/2026 1:00:00 PM,7/15/2026 6:00:00 PM,7/15/2026 2:00:00 PM,EKPC,2118
7/9/2026 12:47:14 PM,7/9/2026 8:47:14 AM,7/15/2026 6:00:00 PM,7/15/2026 2:00:00 PM,7/15/2026 7:00:00 PM,7/15/2026 3:00:00 PM,EKPC,2206
7/9/2026 12:47:14 PM,7/9/2026 8:47:14 AM,7/15/2026 7:00:00 PM,7/15/2026 3:00:00 PM,7/15/2026 8:00:00 PM,7/15/2026 4:00:00 PM,EKPC,2306
7/9/2026 12:47:14 PM,7/9/2026 8:47:14 AM,7/15/2026 8:00:00 PM,7/15/2026 4:00:00 PM,7/15/2026 9:00:00 PM,7/15/2026 5:00:00 PM,EKPC,2372
7/9/2026 12:47:14 PM,7/9/2026 8:47:14 AM,7/15/2026 9:00:00 PM,7/15/2026 5:00:00 PM,7/15/2026 10:00:00 PM,7/15/2026 6:00:00 PM,EKPC,2411
7/9/2026 12:47:14 PM,7/9/2026 8:47:14 AM,7/15/2026 10:00:00 PM,7/15/2026 6:00:00 PM,7/15/2026 11:00:00 PM,7/15/2026 7:00:00 PM,EKPC,2382
7/9/2026 12:47:14 PM,7/9/2026 8:47:14 AM,7/15/2026 11:00:00 PM,7/15/2026 7:00:00 PM,7/16/2026 12:00:00 AM,7/15/2026 8:00:00 PM,EKPC,2331
7/9/2026 12:47:14 PM,7/9/2026 8:47:14 AM,7/16/2026 12:00:00 AM,7/15/2026 8:00:00 PM,7/16/2026 1:00:00 AM,7/15/2026 9:00:00 PM,EKPC,2231
7/9/2026 12:47:14 PM,7/9/2026 8:47:14 AM,7/16/2026 1:00:00 AM,7/15/2026 9:00:00 PM,7/16/2026 2:00:00 AM,7/15/2026 10:00:00 PM,EKPC,2129
7/9/2026 12:47:14 PM,7/9/2026 8:47:14 AM,7/16/2026 2:00:00 AM,7/15/2026 10:00:00 PM,7/16/2026 3:00:00 AM,7/15/2026 11:00:00 PM,EKPC,1965
7/9/2026 12:47:14 PM,7/9/2026 8:47:14 AM,7/16/2026 3:00:00 AM,7/15/2026 11:00:00 PM,7/16/2026 4:00:00 AM,7/16/2026 12:00:00 AM,EKPC,1779
7/9/2026 12:47:14 PM,7/9/2026 8:47:14 AM,7/9/2026 4:00:00 AM,7/9/2026 12:00:00 AM,7/9/2026 5:00:00 AM,7/9/2026 1:00:00 AM,JCP&L/MIDATL,2808
7/9/2026 12:47:14 PM,7/9/2026 8:47:14 AM,7/9/2026 5:00:00 AM,7/9/2026 1:00:00 AM,7/9/2026 6:00:00 AM,7/9/2026 2:00:00 AM,JCP&L/MIDATL,2570
7/9/2026 12:47:14 PM,7/9/2026 8:47:14 AM,7/9/2026 6:00:00 AM,7/9/2026 2:00:00 AM,7/9/2026 7:00:00 AM,7/9/2026 3:00:00 AM,JCP&L/MIDATL,2383
7/9/2026 12:47:14 PM,7/9/2026 8:47:14 AM,7/9/2026 7:00:00 AM,7/9/2026 3:00:00 AM,7/9/2026 8:00:00 AM,7/9/2026 4:00:00 AM,JCP&L/MIDATL,2297
7/9/2026 12:47:14 PM,7/9/2026 8:47:14 AM,7/9/2026 8:00:00 AM,7/9/2026 4:00:00 AM,7/9/2026 9:00:00 AM,7/9/2026 5:00:00 AM,JCP&L/MIDATL,2296
7/9/2026 12:47:14 PM,7/9/2026 8:47:14 AM,7/9/2026 9:00:00 AM,7/9/2026 5:00:00 AM,7/9/2026 10:00:00 AM,7/9/2026 6:00:00 AM,JCP&L/MIDATL,2321
7/9/2026 12:47:14 PM,7/9/2026 8:47:14 AM,7/9/2026 10:00:00 AM,7/9/2026 6:00:00 AM,7/9/2026 11:00:00 AM,7/9/2026 7:00:00 AM,JCP&L/MIDATL,2473
7/9/2026 12:47:14 PM,7/9/2026 8:47:14 AM,7/9/2026 11:00:00 AM,7/9/2026 7:00:00 AM,7/9/2026 12:00:00 PM,7/9/2026 8:00:00 AM,JCP&L/MIDATL,2650
7/9/2026 12:47:14 PM,7/9/2026 8:47:14 AM,7/9/2026 12:00:00 PM,7/9/2026 8:00:00 AM,7/9/2026 1:00:00 PM,7/9/2026 9:00:00 AM,JCP&L/MIDATL,2695
7/9/2026 12:47:14 PM,7/9/2026 8:47:14 AM,7/9/2026 1:00:00 PM,7/9/2026 9:00:00 AM,7/9/2026 2:00:00 PM,7/9/2026 10:00:00 AM,JCP&L/MIDATL,2850
7/9/2026 12:47:14 PM,7/9/2026 8:47:14 AM,7/9/2026 2:00:00 PM,7/9/2026 10:00:00 AM,7/9/2026 3:00:00 PM,7/9/2026 11:00:00 AM,JCP&L/MIDATL,3034
7/9/2026 12:47:14 PM,7/9/2026 8:47:14 AM,7/9/2026 3:00:00 PM,7/9/2026 11:00:00 AM,7/9/2026 4:00:00 PM,7/9/2026 12:00:00 PM,JCP&L/MIDATL,3252
7/9/2026 12:47:14 PM,7/9/2026 8:47:14 AM,7/9/2026 4:00:00 PM,7/9/2026 12:00:00 PM,7/9/2026 5:00:00 PM,7/9/2026 1:00:00 PM,JCP&L/MIDATL,3463
7/9/2026 12:47:14 PM,7/9/2026 8:47:14 AM,7/9/2026 5:00:00 PM,7/9/2026 1:00:00 PM,7/9/2026 6:00:00 PM,7/9/2026 2:00:00 PM,JCP&L/MIDATL,3698
7/9/2026 12:47:14 PM,7/9/2026 8:47:14 AM,7/9/2026 6:00:00 PM,7/9/2026 2:00:00 PM,7/9/2026 7:00:00 PM,7/9/2026 3:00:00 PM,JCP&L/MIDATL,3884
7/9/2026 12:47:14 PM,7/9/2026 8:47:14 AM,7/9/2026 7:00:00 PM,7/9/2026 3:00:00 PM,7/9/2026 8:00:00 PM,7/9/2026 4:00:00 PM,JCP&L/MIDATL,4037
7/9/2026 12:47:14 PM,7/9/2026 8:47:14 AM,7/9/2026 8:00:00 PM,7/9/2026 4:00:00 PM,7/9/2026 9:00:00 PM,7/9/2026 5:00:00 PM,JCP&L/MIDATL,4182
7/9/2026 12:47:14 PM,7/9/2026 8:47:14 AM,7/9/2026 9:00:00 PM,7/9/2026 5:00:00 PM,7/9/2026 10:00:00 PM,7/9/2026 6:00:00 PM,JCP&L/MIDATL,4269
7/9/2026 12:47:14 PM,7/9/2026 8:47:14 AM,7/9/2026 10:00:00 PM,7/9/2026 6:00:00 PM,7/9/2026 11:00:00 PM,7/9/2026 7:00:00 PM,JCP&L/MIDATL,4219
7/9/2026 12:47:14 PM,7/9/2026 8:47:14 AM,7/9/2026 11:00:00 PM,7/9/2026 7:00:00 PM,7/10/2026 12:00:00 AM,7/9/2026 8:00:00 PM,JCP&L/MIDATL,4051
7/9/2026 12:47:14 PM,7/9/2026 8:47:14 AM,7/10/2026 12:00:00 AM,7/9/2026 8:00:00 PM,7/10/2026 1:00:00 AM,7/9/2026 9:00:00 PM,JCP&L/MIDATL,3850
7/9/2026 12:47:14 PM,7/9/2026 8:47:14 AM,7/10/2026 1:00:00 AM,7/9/2026 9:00:00 PM,7/10/2026 2:00:00 AM,7/9/2026 10:00:00 PM,JCP&L/MIDATL,3653
7/9/2026 12:47:14 PM,7/9/2026 8:47:14 AM,7/10/2026 2:00:00 AM,7/9/2026 10:00:00 PM,7/10/2026 3:00:00 AM,7/9/2026 11:00:00 PM,JCP&L/MIDATL,3327
7/9/2026 12:47:14 PM,7/9/2026 8:47:14 AM,7/10/2026 3:00:00 AM,7/9/2026 11:00:00 PM,7/10/2026 4:00:00 AM,7/10/2026 12:00:00 AM,JCP&L/MIDATL,3018
7/9/2026 12:47:14 PM,7/9/2026 8:47:14 AM,7/10/2026 4:00:00 AM,7/10/2026 12:00:00 AM,7/10/2026 5:00:00 AM,7/10/2026 1:00:00 AM,JCP&L/MIDATL,2864
7/9/2026 12:47:14 PM,7/9/2026 8:47:14 AM,7/10/2026 5:00:00 AM,7/10/2026 1:00:00 AM,7/10/2026 6:00:00 AM,7/10/2026 2:00:00 AM,JCP&L/MIDATL,2656
7/9/2026 12:47:14 PM,7/9/2026 8:47:14 AM,7/10/2026 6:00:00 AM,7/10/2026 2:00:00 AM,7/10/2026 7:00:00 AM,7/10/2026 3:00:00 AM,JCP&L/MIDATL,2521
7/9/2026 12:47:14 PM,7/9/2026 8:47:14 AM,7/10/2026 7:00:00 AM,7/10/2026 3:00:00 AM,7/10/2026 8:00:00 AM,7/10/2026 4:00:00 AM,JCP&L/MIDATL,2442
7/9/2026 12:47:14 PM,7/9/2026 8:47:14 AM,7/10/2026 8:00:00 AM,7/10/2026 4:00:00 AM,7/10/2026 9:00:00 AM,7/10/2026 5:00:00 AM,JCP&L/MIDATL,2424
7/9/2026 12:47:14 PM,7/9/2026 8:47:14 AM,7/10/2026 9:00:00 AM,7/10/2026 5:00:00 AM,7/10/2026 10:00:00 AM,7/10/2026 6:00:00 AM,JCP&L/MIDATL,2489
7/9/2026 12:47:14 PM,7/9/2026 8:47:14 AM,7/10/2026 10:00:00 AM,7/10/2026 6:00:00 AM,7/10/2026 11:00:00 AM,7/10/2026 7:00:00 AM,JCP&L/MIDATL,2597
7/9/2026 12:47:14 PM,7/9/2026 8:47:14 AM,7/10/2026 11:00:00 AM,7/10/2026 7:00:00 AM,7/10/2026 12:00:00 PM,7/10/2026 8:00:00 AM,JCP&L/MIDATL,2788
7/9/2026 12:47:14 PM,7/9/2026 8:47:14 AM,7/10/2026 12:00:00 PM,7/10/2026 8:00:00 AM,7/10/2026 1:00:00 PM,7/10/2026 9:00:00 AM,JCP&L/MIDATL,2975
7/9/2026 12:47:14 PM,7/9/2026 8:47:14 AM,7/10/2026 1:00:00 PM,7/10/2026 9:00:00 AM,7/10/2026 2:00:00 PM,7/10/2026 10:00:00 AM,JCP&L/MIDATL,3185
7/9/2026 12:47:14 PM,7/9/2026 8:47:14 AM,7/10/2026 2:00:00 PM,7/10/2026 10:00:00 AM,7/10/2026 3:00:00 PM,7/10/2026 11:00:00 AM,JCP&L/MIDATL,3434
7/9/2026 12:47:14 PM,7/9/2026 8:47:14 AM,7/10/2026 3:00:00 PM,7/10/2026 11:00:00 AM,7/10/2026 4:00:00 PM,7/10/2026 12:00:00 PM,JCP&L/MIDATL,3758
7/9/2026 12:47:14 PM,7/9/2026 8:47:14 AM,7/10/2026 4:00:00 PM,7/10/2026 12:00:00 PM,7/10/2026 5:00:00 PM,7/10/2026 1:00:00 PM,JCP&L/MIDATL,4083
7/9/2026 12:47:14 PM,7/9/2026 8:47:14 AM,7/10/2026 5:00:00 PM,7/10/2026 1:00:00 PM,7/10/2026 6:00:00 PM,7/10/2026 2:00:00 PM,JCP&L/MIDATL,4391
7/9/2026 12:47:14 PM,7/9/2026 8:47:14 AM,7/10/2026 6:00:00 PM,7/10/2026 2:00:00 PM,7/10/2026 7:00:00 PM,7/10/2026 3:00:00 PM,JCP&L/MIDATL,4621
7/9/2026 12:47:14 PM,7/9/2026 8:47:14 AM,7/10/2026 7:00:00 PM,7/10/2026 3:00:00 PM,7/10/2026 8:00:00 PM,7/10/2026 4:00:00 PM,JCP&L/MIDATL,4767
7/9/2026 12:47:14 PM,7/9/2026 8:47:14 AM,7/10/2026 8:00:00 PM,7/10/2026 4:00:00 PM,7/10/2026 9:00:00 PM,7/10/2026 5:00:00 PM,JCP&L/MIDATL,4883
7/9/2026 12:47:14 PM,7/9/2026 8:47:14 AM,7/10/2026 9:00:00 PM,7/10/2026 5:00:00 PM,7/10/2026 10:00:00 PM,7/10/2026 6:00:00 PM,JCP&L/MIDATL,4910
7/9/2026 12:47:14 PM,7/9/2026 8:47:14 AM,7/10/2026 10:00:00 PM,7/10/2026 6:00:00 PM,7/10/2026 11:00:00 PM,7/10/2026 7:00:00 PM,JCP&L/MIDATL,4802
7/9/2026 12:47:14 PM,7/9/2026 8:47:14 AM,7/10/2026 11:00:00 PM,7/10/2026 7:00:00 PM,7/11/2026 12:00:00 AM,7/10/2026 8:00:00 PM,JCP&L/MIDATL,4582
7/9/2026 12:47:14 PM,7/9/2026 8:47:14 AM,7/11/2026 12:00:00 AM,7/10/2026 8:00:00 PM,7/11/2026 1:00:00 AM,7/10/2026 9:00:00 PM,JCP&L/MIDATL,4319
7/9/2026 12:47:14 PM,7/9/2026 8:47:14 AM,7/11/2026 1:00:00 AM,7/10/2026 9:00:00 PM,7/11/2026 2:00:00 AM,7/10/2026 10:00:00 PM,JCP&L/MIDATL,4070
7/9/2026 12:47:14 PM,7/9/2026 8:47:14 AM,7/11/2026 2:00:00 AM,7/10/2026 10:00:00 PM,7/11/2026 3:00:00 AM,7/10/2026 11:00:00 PM,JCP&L/MIDATL,3749
7/9/2026 12:47:14 PM,7/9/2026 8:47:14 AM,7/11/2026 3:00:00 AM,7/10/2026 11:00:00 PM,7/11/2026 4:00:00 AM,7/11/2026 12:00:00 AM,JCP&L/MIDATL,3401
7/9/2026 12:47:14 PM,7/9/2026 8:47:14 AM,7/11/2026 4:00:00 AM,7/11/2026 12:00:00 AM,7/11/2026 5:00:00 AM,7/11/2026 1:00:00 AM,JCP&L/MIDATL,3137
7/9/2026 12:47:14 PM,7/9/2026 8:47:14 AM,7/11/2026 5:00:00 AM,7/11/2026 1:00:00 AM,7/11/2026 6:00:00 AM,7/11/2026 2:00:00 AM,JCP&L/MIDATL,2882
7/9/2026 12:47:14 PM,7/9/2026 8:47:14 AM,7/11/2026 6:00:00 AM,7/11/2026 2:00:00 AM,7/11/2026 7:00:00 AM,7/11/2026 3:00:00 AM,JCP&L/MIDATL,2697
7/9/2026 12:47:14 PM,7/9/2026 8:47:14 AM,7/11/2026 7:00:00 AM,7/11/2026 3:00:00 AM,7/11/2026 8:00:00 AM,7/11/2026 4:00:00 AM,JCP&L/MIDATL,2569
7/9/2026 12:47:14 PM,7/9/2026 8:47:14 AM,7/11/2026 8:00:00 AM,7/11/2026 4:00:00 AM,7/11/2026 9:00:00 AM,7/11/2026 5:00:00 AM,JCP&L/MIDATL,2481
7/9/2026 12:47:14 PM,7/9/2026 8:47:14 AM,7/11/2026 9:00:00 AM,7/11/2026 5:00:00 AM,7/11/2026 10:00:00 AM,7/11/2026 6:00:00 AM,JCP&L/MIDATL,2464
7/9/2026 12:47:14 PM,7/9/2026 8:47:14 AM,7/11/2026 10:00:00 AM,7/11/2026 6:00:00 AM,7/11/2026 11:00:00 AM,7/11/2026 7:00:00 AM,JCP&L/MIDATL,2449
7/9/2026 12:47:14 PM,7/9/2026 8:47:14 AM,7/11/2026 11:00:00 AM,7/11/2026 7:00:00 AM,7/11/2026 12:00:00 PM,7/11/2026 8:00:00 AM,JCP&L/MIDATL,2541
7/9/2026 12:47:14 PM,7/9/2026 8:47:14 AM,7/11/2026 12:00:00 PM,7/11/2026 8:00:00 AM,7/11/2026 1:00:00 PM,7/11/2026 9:00:00 AM,JCP&L/MIDATL,2710
7/9/2026 12:47:14 PM,7/9/2026 8:47:14 AM,7/11/2026 1:00:00 PM,7/11/2026 9:00:00 AM,7/11/2026 2:00:00 PM,7/11/2026 10:00:00 AM,JCP&L/MIDATL,2913
7/9/2026 12:47:14 PM,7/9/2026 8:47:14 AM,7/11/2026 2:00:00 PM,7/11/2026 10:00:00 AM,7/11/2026 3:00:00 PM,7/11/2026 11:00:00 AM,JCP&L/MIDATL,3126
7/9/2026 12:47:14 PM,7/9/2026 8:47:14 AM,7/11/2026 3:00:00 PM,7/11/2026 11:00:00 AM,7/11/2026 4:00:00 PM,7/11/2026 12:00:00 PM,JCP&L/MIDATL,3376
7/9/2026 12:47:14 PM,7/9/2026 8:47:14 AM,7/11/2026 4:00:00 PM,7/11/2026 12:00:00 PM,7/11/2026 5:00:00 PM,7/11/2026 1:00:00 PM,JCP&L/MIDATL,3630
7/9/2026 12:47:14 PM,7/9/2026 8:47:14 AM,7/11/2026 5:00:00 PM,7/11/2026 1:00:00 PM,7/11/2026 6:00:00 PM,7/11/2026 2:00:00 PM,JCP&L/MIDATL,3854
7/9/2026 12:47:14 PM,7/9/2026 8:47:14 AM,7/11/2026 6:00:00 PM,7/11/2026 2:00:00 PM,7/11/2026 7:00:00 PM,7/11/2026 3:00:00 PM,JCP&L/MIDATL,4031
7/9/2026 12:47:14 PM,7/9/2026 8:47:14 AM,7/11/2026 7:00:00 PM,7/11/2026 3:00:00 PM,7/11/2026 8:00:00 PM,7/11/2026 4:00:00 PM,JCP&L/MIDATL,4202
7/9/2026 12:47:14 PM,7/9/2026 8:47:14 AM,7/11/2026 8:00:00 PM,7/11/2026 4:00:00 PM,7/11/2026 9:00:00 PM,7/11/2026 5:00:00 PM,JCP&L/MIDATL,4319
7/9/2026 12:47:14 PM,7/9/2026 8:47:14 AM,7/11/2026 9:00:00 PM,7/11/2026 5:00:00 PM,7/11/2026 10:00:00 PM,7/11/2026 6:00:00 PM,JCP&L/MIDATL,4407
7/9/2026 12:47:14 PM,7/9/2026 8:47:14 AM,7/11/2026 10:00:00 PM,7/11/2026 6:00:00 PM,7/11/2026 11:00:00 PM,7/11/2026 7:00:00 PM,JCP&L/MIDATL,4337
7/9/2026 12:47:14 PM,7/9/2026 8:47:14 AM,7/11/2026 11:00:00 PM,7/11/2026 7:00:00 PM,7/12/2026 12:00:00 AM,7/11/2026 8:00:00 PM,JCP&L/MIDATL,4164
7/9/2026 12:47:14 PM,7/9/2026 8:47:14 AM,7/12/2026 12:00:00 AM,7/11/2026 8:00:00 PM,7/12/2026 1:00:00 AM,7/11/2026 9:00:00 PM,JCP&L/MIDATL,3937
7/9/2026 12:47:14 PM,7/9/2026 8:47:14 AM,7/12/2026 1:00:00 AM,7/11/2026 9:00:00 PM,7/12/2026 2:00:00 AM,7/11/2026 10:00:00 PM,JCP&L/MIDATL,3746
7/9/2026 12:47:14 PM,7/9/2026 8:47:14 AM,7/12/2026 2:00:00 AM,7/11/2026 10:00:00 PM,7/12/2026 3:00:00 AM,7/11/2026 11:00:00 PM,JCP&L/MIDATL,3482
7/9/2026 12:47:14 PM,7/9/2026 8:47:14 AM,7/12/2026 3:00:00 AM,7/11/2026 11:00:00 PM,7/12/2026 4:00:00 AM,7/12/2026 12:00:00 AM,JCP&L/MIDATL,3190
7/9/2026 12:47:14 PM,7/9/2026 8:47:14 AM,7/12/2026 4:00:00 AM,7/12/2026 12:00:00 AM,7/12/2026 5:00:00 AM,7/12/2026 1:00:00 AM,JCP&L/MIDATL,2765
7/9/2026 12:47:14 PM,7/9/2026 8:47:14 AM,7/12/2026 5:00:00 AM,7/12/2026 1:00:00 AM,7/12/2026 6:00:00 AM,7/12/2026 2:00:00 AM,JCP&L/MIDATL,2544
7/9/2026 12:47:14 PM,7/9/2026 8:47:14 AM,7/12/2026 6:00:00 AM,7/12/2026 2:00:00 AM,7/12/2026 7:00:00 AM,7/12/2026 3:00:00 AM,JCP&L/MIDATL,2390
7/9/2026 12:47:14 PM,7/9/2026 8:47:14 AM,7/12/2026 7:00:00 AM,7/12/2026 3:00:00 AM,7/12/2026 8:00:00 AM,7/12/2026 4:00:00 AM,JCP&L/MIDATL,2271
7/9/2026 12:47:14 PM,7/9/2026 8:47:14 AM,7/12/2026 8:00:00 AM,7/12/2026 4:00:00 AM,7/12/2026 9:00:00 AM,7/12/2026 5:00:00 AM,JCP&L/MIDATL,2210
7/9/2026 12:47:14 PM,7/9/2026 8:47:14 AM,7/12/2026 9:00:00 AM,7/12/2026 5:00:00 AM,7/12/2026 10:00:00 AM,7/12/2026 6:00:00 AM,JCP&L/MIDATL,2173
7/9/2026 12:47:14 PM,7/9/2026 8:47:14 AM,7/12/2026 10:00:00 AM,7/12/2026 6:00:00 AM,7/12/2026 11:00:00 AM,7/12/2026 7:00:00 AM,JCP&L/MIDATL,2152
7/9/2026 12:47:14 PM,7/9/2026 8:47:14 AM,7/12/2026 11:00:00 AM,7/12/2026 7:00:00 AM,7/12/2026 12:00:00 PM,7/12/2026 8:00:00 AM,JCP&L/MIDATL,2202
7/9/2026 12:47:14 PM,7/9/2026 8:47:14 AM,7/12/2026 12:00:00 PM,7/12/2026 8:00:00 AM,7/12/2026 1:00:00 PM,7/12/2026 9:00:00 AM,JCP&L/MIDATL,2340
7/9/2026 12:47:14 PM,7/9/2026 8:47:14 AM,7/12/2026 1:00:00 PM,7/12/2026 9:00:00 AM,7/12/2026 2:00:00 PM,7/12/2026 10:00:00 AM,JCP&L/MIDATL,2531
7/9/2026 12:47:14 PM,7/9/2026 8:47:14 AM,7/12/2026 2:00:00 PM,7/12/2026 10:00:00 AM,7/12/2026 3:00:00 PM,7/12/2026 11:00:00 AM,JCP&L/MIDATL,2763
7/9/2026 12:47:14 PM,7/9/2026 8:47:14 AM,7/12/2026 3:00:00 PM,7/12/2026 11:00:00 AM,7/12/2026 4:00:00 PM,7/12/2026 12:00:00 PM,JCP&L/MIDATL,3040
7/9/2026 12:47:14 PM,7/9/2026 8:47:14 AM,7/12/2026 4:00:00 PM,7/12/2026 12:00:00 PM,7/12/2026 5:00:00 PM,7/12/2026 1:00:00 PM,JCP&L/MIDATL,3296
7/9/2026 12:47:14 PM,7/9/2026 8:47:14 AM,7/12/2026 5:00:00 PM,7/12/2026 1:00:00 PM,7/12/2026 6:00:00 PM,7/12/2026 2:00:00 PM,JCP&L/MIDATL,3504
7/9/2026 12:47:14 PM,7/9/2026 8:47:14 AM,7/12/2026 6:00:00 PM,7/12/2026 2:00:00 PM,7/12/2026 7:00:00 PM,7/12/2026 3:00:00 PM,JCP&L/MIDATL,3672
7/9/2026 12:47:14 PM,7/9/2026 8:47:14 AM,7/12/2026 7:00:00 PM,7/12/2026 3:00:00 PM,7/12/2026 8:00:00 PM,7/12/2026 4:00:00 PM,JCP&L/MIDATL,3846
7/9/2026 12:47:14 PM,7/9/2026 8:47:14 AM,7/12/2026 8:00:00 PM,7/12/2026 4:00:00 PM,7/12/2026 9:00:00 PM,7/12/2026 5:00:00 PM,JCP&L/MIDATL,4018
7/9/2026 12:47:14 PM,7/9/2026 8:47:14 AM,7/12/2026 9:00:00 PM,7/12/2026 5:00:00 PM,7/12/2026 10:00:00 PM,7/12/2026 6:00:00 PM,JCP&L/MIDATL,4142
7/9/2026 12:47:14 PM,7/9/2026 8:47:14 AM,7/12/2026 10:00:00 PM,7/12/2026 6:00:00 PM,7/12/2026 11:00:00 PM,7/12/2026 7:00:00 PM,JCP&L/MIDATL,4085
7/9/2026 12:47:14 PM,7/9/2026 8:47:14 AM,7/12/2026 11:00:00 PM,7/12/2026 7:00:00 PM,7/13/2026 12:00:00 AM,7/12/2026 8:00:00 PM,JCP&L/MIDATL,3932
7/9/2026 12:47:14 PM,7/9/2026 8:47:14 AM,7/13/2026 12:00:00 AM,7/12/2026 8:00:00 PM,7/13/2026 1:00:00 AM,7/12/2026 9:00:00 PM,JCP&L/MIDATL,3737
7/9/2026 12:47:14 PM,7/9/2026 8:47:14 AM,7/13/2026 1:00:00 AM,7/12/2026 9:00:00 PM,7/13/2026 2:00:00 AM,7/12/2026 10:00:00 PM,JCP&L/MIDATL,3533
7/9/2026 12:47:14 PM,7/9/2026 8:47:14 AM,7/13/2026 2:00:00 AM,7/12/2026 10:00:00 PM,7/13/2026 3:00:00 AM,7/12/2026 11:00:00 PM,JCP&L/MIDATL,3249
7/9/2026 12:47:14 PM,7/9/2026 8:47:14 AM,7/13/2026 3:00:00 AM,7/12/2026 11:00:00 PM,7/13/2026 4:00:00 AM,7/13/2026 12:00:00 AM,JCP&L/MIDATL,2928
7/9/2026 12:47:14 PM,7/9/2026 8:47:14 AM,7/13/2026 4:00:00 AM,7/13/2026 12:00:00 AM,7/13/2026 5:00:00 AM,7/13/2026 1:00:00 AM,JCP&L/MIDATL,2619
7/9/2026 12:47:14 PM,7/9/2026 8:47:14 AM,7/13/2026 5:00:00 AM,7/13/2026 1:00:00 AM,7/13/2026 6:00:00 AM,7/13/2026 2:00:00 AM,JCP&L/MIDATL,2417
7/9/2026 12:47:14 PM,7/9/2026 8:47:14 AM,7/13/2026 6:00:00 AM,7/13/2026 2:00:00 AM,7/13/2026 7:00:00 AM,7/13/2026 3:00:00 AM,JCP&L/MIDATL,2289
7/9/2026 12:47:14 PM,7/9/2026 8:47:14 AM,7/13/2026 7:00:00 AM,7/13/2026 3:00:00 AM,7/13/2026 8:00:00 AM,7/13/2026 4:00:00 AM,JCP&L/MIDATL,2206
7/9/2026 12:47:14 PM,7/9/2026 8:47:14 AM,7/13/2026 8:00:00 AM,7/13/2026 4:00:00 AM,7/13/2026 9:00:00 AM,7/13/2026 5:00:00 AM,JCP&L/MIDATL,2197
7/9/2026 12:47:14 PM,7/9/2026 8:47:14 AM,7/13/2026 9:00:00 AM,7/13/2026 5:00:00 AM,7/13/2026 10:00:00 AM,7/13/2026 6:00:00 AM,JCP&L/MIDATL,2256
7/9/2026 12:47:14 PM,7/9/2026 8:47:14 AM,7/13/2026 10:00:00 AM,7/13/2026 6:00:00 AM,7/13/2026 11:00:00 AM,7/13/2026 7:00:00 AM,JCP&L/MIDATL,2365
7/9/2026 12:47:14 PM,7/9/2026 8:47:14 AM,7/13/2026 11:00:00 AM,7/13/2026 7:00:00 AM,7/13/2026 12:00:00 PM,7/13/2026 8:00:00 AM,JCP&L/MIDATL,2501
7/9/2026 12:47:14 PM,7/9/2026 8:47:14 AM,7/13/2026 12:00:00 PM,7/13/2026 8:00:00 AM,7/13/2026 1:00:00 PM,7/13/2026 9:00:00 AM,JCP&L/MIDATL,2647
7/9/2026 12:47:14 PM,7/9/2026 8:47:14 AM,7/13/2026 1:00:00 PM,7/13/2026 9:00:00 AM,7/13/2026 2:00:00 PM,7/13/2026 10:00:00 AM,JCP&L/MIDATL,2772
7/9/2026 12:47:14 PM,7/9/2026 8:47:14 AM,7/13/2026 2:00:00 PM,7/13/2026 10:00:00 AM,7/13/2026 3:00:00 PM,7/13/2026 11:00:00 AM,JCP&L/MIDATL,2941
7/9/2026 12:47:14 PM,7/9/2026 8:47:14 AM,7/13/2026 3:00:00 PM,7/13/2026 11:00:00 AM,7/13/2026 4:00:00 PM,7/13/2026 12:00:00 PM,JCP&L/MIDATL,3165
7/9/2026 12:47:14 PM,7/9/2026 8:47:14 AM,7/13/2026 4:00:00 PM,7/13/2026 12:00:00 PM,7/13/2026 5:00:00 PM,7/13/2026 1:00:00 PM,JCP&L/MIDATL,3436
7/9/2026 12:47:14 PM,7/9/2026 8:47:14 AM,7/13/2026 5:00:00 PM,7/13/2026 1:00:00 PM,7/13/2026 6:00:00 PM,7/13/2026 2:00:00 PM,JCP&L/MIDATL,3727
7/9/2026 12:47:14 PM,7/9/2026 8:47:14 AM,7/13/2026 6:00:00 PM,7/13/2026 2:00:00 PM,7/13/2026 7:00:00 PM,7/13/2026 3:00:00 PM,JCP&L/MIDATL,3955
7/9/2026 12:47:14 PM,7/9/2026 8:47:14 AM,7/13/2026 7:00:00 PM,7/13/2026 3:00:00 PM,7/13/2026 8:00:00 PM,7/13/2026 4:00:00 PM,JCP&L/MIDATL,4161
7/9/2026 12:47:14 PM,7/9/2026 8:47:14 AM,7/13/2026 8:00:00 PM,7/13/2026 4:00:00 PM,7/13/2026 9:00:00 PM,7/13/2026 5:00:00 PM,JCP&L/MIDATL,4307
7/9/2026 12:47:14 PM,7/9/2026 8:47:14 AM,7/13/2026 9:00:00 PM,7/13/2026 5:00:00 PM,7/13/2026 10:00:00 PM,7/13/2026 6:00:00 PM,JCP&L/MIDATL,4399
7/9/2026 12:47:14 PM,7/9/2026 8:47:14 AM,7/13/2026 10:00:00 PM,7/13/2026 6:00:00 PM,7/13/2026 11:00:00 PM,7/13/2026 7:00:00 PM,JCP&L/MIDATL,4347
7/9/2026 12:47:14 PM,7/9/2026 8:47:14 AM,7/13/2026 11:00:00 PM,7/13/2026 7:00:00 PM,7/14/2026 12:00:00 AM,7/13/2026 8:00:00 PM,JCP&L/MIDATL,4143
7/9/2026 12:47:14 PM,7/9/2026 8:47:14 AM,7/14/2026 12:00:00 AM,7/13/2026 8:00:00 PM,7/14/2026 1:00:00 AM,7/13/2026 9:00:00 PM,JCP&L/MIDATL,3897
7/9/2026 12:47:14 PM,7/9/2026 8:47:14 AM,7/14/2026 1:00:00 AM,7/13/2026 9:00:00 PM,7/14/2026 2:00:00 AM,7/13/2026 10:00:00 PM,JCP&L/MIDATL,3645
7/9/2026 12:47:14 PM,7/9/2026 8:47:14 AM,7/14/2026 2:00:00 AM,7/13/2026 10:00:00 PM,7/14/2026 3:00:00 AM,7/13/2026 11:00:00 PM,JCP&L/MIDATL,3307
7/9/2026 12:47:14 PM,7/9/2026 8:47:14 AM,7/14/2026 3:00:00 AM,7/13/2026 11:00:00 PM,7/14/2026 4:00:00 AM,7/14/2026 12:00:00 AM,JCP&L/MIDATL,2967
7/9/2026 12:47:14 PM,7/9/2026 8:47:14 AM,7/14/2026 4:00:00 AM,7/14/2026 12:00:00 AM,7/14/2026 5:00:00 AM,7/14/2026 1:00:00 AM,JCP&L/MIDATL,2721
7/9/2026 12:47:14 PM,7/9/2026 8:47:14 AM,7/14/2026 5:00:00 AM,7/14/2026 1:00:00 AM,7/14/2026 6:00:00 AM,7/14/2026 2:00:00 AM,JCP&L/MIDATL,2496
7/9/2026 12:47:14 PM,7/9/2026 8:47:14 AM,7/14/2026 6:00:00 AM,7/14/2026 2:00:00 AM,7/14/2026 7:00:00 AM,7/14/2026 3:00:00 AM,JCP&L/MIDATL,2363
7/9/2026 12:47:14 PM,7/9/2026 8:47:14 AM,7/14/2026 7:00:00 AM,7/14/2026 3:00:00 AM,7/14/2026 8:00:00 AM,7/14/2026 4:00:00 AM,JCP&L/MIDATL,2273
7/9/2026 12:47:14 PM,7/9/2026 8:47:14 AM,7/14/2026 8:00:00 AM,7/14/2026 4:00:00 AM,7/14/2026 9:00:00 AM,7/14/2026 5:00:00 AM,JCP&L/MIDATL,2258
7/9/2026 12:47:14 PM,7/9/2026 8:47:14 AM,7/14/2026 9:00:00 AM,7/14/2026 5:00:00 AM,7/14/2026 10:00:00 AM,7/14/2026 6:00:00 AM,JCP&L/MIDATL,2309
7/9/2026 12:47:14 PM,7/9/2026 8:47:14 AM,7/14/2026 10:00:00 AM,7/14/2026 6:00:00 AM,7/14/2026 11:00:00 AM,7/14/2026 7:00:00 AM,JCP&L/MIDATL,2425
7/9/2026 12:47:14 PM,7/9/2026 8:47:14 AM,7/14/2026 11:00:00 AM,7/14/2026 7:00:00 AM,7/14/2026 12:00:00 PM,7/14/2026 8:00:00 AM,JCP&L/MIDATL,2581
7/9/2026 12:47:14 PM,7/9/2026 8:47:14 AM,7/14/2026 12:00:00 PM,7/14/2026 8:00:00 AM,7/14/2026 1:00:00 PM,7/14/2026 9:00:00 AM,JCP&L/MIDATL,2718
7/9/2026 12:47:14 PM,7/9/2026 8:47:14 AM,7/14/2026 1:00:00 PM,7/14/2026 9:00:00 AM,7/14/2026 2:00:00 PM,7/14/2026 10:00:00 AM,JCP&L/MIDATL,2872
7/9/2026 12:47:14 PM,7/9/2026 8:47:14 AM,7/14/2026 2:00:00 PM,7/14/2026 10:00:00 AM,7/14/2026 3:00:00 PM,7/14/2026 11:00:00 AM,JCP&L/MIDATL,3088
7/9/2026 12:47:14 PM,7/9/2026 8:47:14 AM,7/14/2026 3:00:00 PM,7/14/2026 11:00:00 AM,7/14/2026 4:00:00 PM,7/14/2026 12:00:00 PM,JCP&L/MIDATL,3355
7/9/2026 12:47:14 PM,7/9/2026 8:47:14 AM,7/14/2026 4:00:00 PM,7/14/2026 12:00:00 PM,7/14/2026 5:00:00 PM,7/14/2026 1:00:00 PM,JCP&L/MIDATL,3686
7/9/2026 12:47:14 PM,7/9/2026 8:47:14 AM,7/14/2026 5:00:00 PM,7/14/2026 1:00:00 PM,7/14/2026 6:00:00 PM,7/14/2026 2:00:00 PM,JCP&L/MIDATL,4007
7/9/2026 12:47:14 PM,7/9/2026 8:47:14 AM,7/14/2026 6:00:00 PM,7/14/2026 2:00:00 PM,7/14/2026 7:00:00 PM,7/14/2026 3:00:00 PM,JCP&L/MIDATL,4326
7/9/2026 12:47:14 PM,7/9/2026 8:47:14 AM,7/14/2026 7:00:00 PM,7/14/2026 3:00:00 PM,7/14/2026 8:00:00 PM,7/14/2026 4:00:00 PM,JCP&L/MIDATL,4613
7/9/2026 12:47:14 PM,7/9/2026 8:47:14 AM,7/14/2026 8:00:00 PM,7/14/2026 4:00:00 PM,7/14/2026 9:00:00 PM,7/14/2026 5:00:00 PM,JCP&L/MIDATL,4874
7/9/2026 12:47:14 PM,7/9/2026 8:47:14 AM,7/14/2026 9:00:00 PM,7/14/2026 5:00:00 PM,7/14/2026 10:00:00 PM,7/14/2026 6:00:00 PM,JCP&L/MIDATL,5058
7/9/2026 12:47:14 PM,7/9/2026 8:47:14 AM,7/14/2026 10:00:00 PM,7/14/2026 6:00:00 PM,7/14/2026 11:00:00 PM,7/14/2026 7:00:00 PM,JCP&L/MIDATL,5033
7/9/2026 12:47:14 PM,7/9/2026 8:47:14 AM,7/14/2026 11:00:00 PM,7/14/2026 7:00:00 PM,7/15/2026 12:00:00 AM,7/14/2026 8:00:00 PM,JCP&L/MIDATL,4820
7/9/2026 12:47:14 PM,7/9/2026 8:47:14 AM,7/15/2026 12:00:00 AM,7/14/2026 8:00:00 PM,7/15/2026 1:00:00 AM,7/14/2026 9:00:00 PM,JCP&L/MIDATL,4522
7/9/2026 12:47:14 PM,7/9/2026 8:47:14 AM,7/15/2026 1:00:00 AM,7/14/2026 9:00:00 PM,7/15/2026 2:00:00 AM,7/14/2026 10:00:00 PM,JCP&L/MIDATL,4224
7/9/2026 12:47:14 PM,7/9/2026 8:47:14 AM,7/15/2026 2:00:00 AM,7/14/2026 10:00:00 PM,7/15/2026 3:00:00 AM,7/14/2026 11:00:00 PM,JCP&L/MIDATL,3824
7/9/2026 12:47:14 PM,7/9/2026 8:47:14 AM,7/15/2026 3:00:00 AM,7/14/2026 11:00:00 PM,7/15/2026 4:00:00 AM,7/15/2026 12:00:00 AM,JCP&L/MIDATL,3434
7/9/2026 12:47:14 PM,7/9/2026 8:47:14 AM,7/15/2026 4:00:00 AM,7/15/2026 12:00:00 AM,7/15/2026 5:00:00 AM,7/15/2026 1:00:00 AM,JCP&L/MIDATL,3087
7/9/2026 12:47:14 PM,7/9/2026 8:47:14 AM,7/15/2026 5:00:00 AM,7/15/2026 1:00:00 AM,7/15/2026 6:00:00 AM,7/15/2026 2:00:00 AM,JCP&L/MIDATL,2826
7/9/2026 12:47:14 PM,7/9/2026 8:47:14 AM,7/15/2026 6:00:00 AM,7/15/2026 2:00:00 AM,7/15/2026 7:00:00 AM,7/15/2026 3:00:00 AM,JCP&L/MIDATL,2672
7/9/2026 12:47:14 PM,7/9/2026 8:47:14 AM,7/15/2026 7:00:00 AM,7/15/2026 3:00:00 AM,7/15/2026 8:00:00 AM,7/15/2026 4:00:00 AM,JCP&L/MIDATL,2561
7/9/2026 12:47:14 PM,7/9/2026 8:47:14 AM,7/15/2026 8:00:00 AM,7/15/2026 4:00:00 AM,7/15/2026 9:00:00 AM,7/15/2026 5:00:00 AM,JCP&L/MIDATL,2531
7/9/2026 12:47:14 PM,7/9/2026 8:47:14 AM,7/15/2026 9:00:00 AM,7/15/2026 5:00:00 AM,7/15/2026 10:00:00 AM,7/15/2026 6:00:00 AM,JCP&L/MIDATL,2598
7/9/2026 12:47:14 PM,7/9/2026 8:47:14 AM,7/15/2026 10:00:00 AM,7/15/2026 6:00:00 AM,7/15/2026 11:00:00 AM,7/15/2026 7:00:00 AM,JCP&L/MIDATL,2713
7/9/2026 12:47:14 PM,7/9/2026 8:47:14 AM,7/15/2026 11:00:00 AM,7/15/2026 7:00:00 AM,7/15/2026 12:00:00 PM,7/15/2026 8:00:00 AM,JCP&L/MIDATL,2929
7/9/2026 12:47:14 PM,7/9/2026 8:47:14 AM,7/15/2026 12:00:00 PM,7/15/2026 8:00:00 AM,7/15/2026 1:00:00 PM,7/15/2026 9:00:00 AM,JCP&L/MIDATL,3172
7/9/2026 12:47:14 PM,7/9/2026 8:47:14 AM,7/15/2026 1:00:00 PM,7/15/2026 9:00:00 AM,7/15/2026 2:00:00 PM,7/15/2026 10:00:00 AM,JCP&L/MIDATL,3448
7/9/2026 12:47:14 PM,7/9/2026 8:47:14 AM,7/15/2026 2:00:00 PM,7/15/2026 10:00:00 AM,7/15/2026 3:00:00 PM,7/15/2026 11:00:00 AM,JCP&L/MIDATL,3776
7/9/2026 12:47:14 PM,7/9/2026 8:47:14 AM,7/15/2026 3:00:00 PM,7/15/2026 11:00:00 AM,7/15/2026 4:00:00 PM,7/15/2026 12:00:00 PM,JCP&L/MIDATL,4146
7/9/2026 12:47:14 PM,7/9/2026 8:47:14 AM,7/15/2026 4:00:00 PM,7/15/2026 12:00:00 PM,7/15/2026 5:00:00 PM,7/15/2026 1:00:00 PM,JCP&L/MIDATL,4522
7/9/2026 12:47:14 PM,7/9/2026 8:47:14 AM,7/15/2026 5:00:00 PM,7/15/2026 1:00:00 PM,7/15/2026 6:00:00 PM,7/15/2026 2:00:00 PM,JCP&L/MIDATL,4888
7/9/2026 12:47:14 PM,7/9/2026 8:47:14 AM,7/15/2026 6:00:00 PM,7/15/2026 2:00:00 PM,7/15/2026 7:00:00 PM,7/15/2026 3:00:00 PM,JCP&L/MIDATL,5169
7/9/2026 12:47:14 PM,7/9/2026 8:47:14 AM,7/15/2026 7:00:00 PM,7/15/2026 3:00:00 PM,7/15/2026 8:00:00 PM,7/15/2026 4:00:00 PM,JCP&L/MIDATL,5399
7/9/2026 12:47:14 PM,7/9/2026 8:47:14 AM,7/15/2026 8:00:00 PM,7/15/2026 4:00:00 PM,7/15/2026 9:00:00 PM,7/15/2026 5:00:00 PM,JCP&L/MIDATL,5612
7/9/2026 12:47:14 PM,7/9/2026 8:47:14 AM,7/15/2026 9:00:00 PM,7/15/2026 5:00:00 PM,7/15/2026 10:00:00 PM,7/15/2026 6:00:00 PM,JCP&L/MIDATL,5749
7/9/2026 12:47:14 PM,7/9/2026 8:47:14 AM,7/15/2026 10:00:00 PM,7/15/2026 6:00:00 PM,7/15/2026 11:00:00 PM,7/15/2026 7:00:00 PM,JCP&L/MIDATL,5709
7/9/2026 12:47:14 PM,7/9/2026 8:47:14 AM,7/15/2026 11:00:00 PM,7/15/2026 7:00:00 PM,7/16/2026 12:00:00 AM,7/15/2026 8:00:00 PM,JCP&L/MIDATL,5518
7/9/2026 12:47:14 PM,7/9/2026 8:47:14 AM,7/16/2026 12:00:00 AM,7/15/2026 8:00:00 PM,7/16/2026 1:00:00 AM,7/15/2026 9:00:00 PM,JCP&L/MIDATL,5249
7/9/2026 12:47:14 PM,7/9/2026 8:47:14 AM,7/16/2026 1:00:00 AM,7/15/2026 9:00:00 PM,7/16/2026 2:00:00 AM,7/15/2026 10:00:00 PM,JCP&L/MIDATL,4919
7/9/2026 12:47:14 PM,7/9/2026 8:47:14 AM,7/16/2026 2:00:00 AM,7/15/2026 10:00:00 PM,7/16/2026 3:00:00 AM,7/15/2026 11:00:00 PM,JCP&L/MIDATL,4479
7/9/2026 12:47:14 PM,7/9/2026 8:47:14 AM,7/16/2026 3:00:00 AM,7/15/2026 11:00:00 PM,7/16/2026 4:00:00 AM,7/16/2026 12:00:00 AM,JCP&L/MIDATL,4036
7/9/2026 12:47:14 PM,7/9/2026 8:47:14 AM,7/9/2026 4:00:00 AM,7/9/2026 12:00:00 AM,7/9/2026 5:00:00 AM,7/9/2026 1:00:00 AM,METED/MIDATL,1813
7/9/2026 12:47:14 PM,7/9/2026 8:47:14 AM,7/9/2026 5:00:00 AM,7/9/2026 1:00:00 AM,7/9/2026 6:00:00 AM,7/9/2026 2:00:00 AM,METED/MIDATL,1727
7/9/2026 12:47:14 PM,7/9/2026 8:47:14 AM,7/9/2026 6:00:00 AM,7/9/2026 2:00:00 AM,7/9/2026 7:00:00 AM,7/9/2026 3:00:00 AM,METED/MIDATL,1664
7/9/2026 12:47:14 PM,7/9/2026 8:47:14 AM,7/9/2026 7:00:00 AM,7/9/2026 3:00:00 AM,7/9/2026 8:00:00 AM,7/9/2026 4:00:00 AM,METED/MIDATL,1634
7/9/2026 12:47:14 PM,7/9/2026 8:47:14 AM,7/9/2026 8:00:00 AM,7/9/2026 4:00:00 AM,7/9/2026 9:00:00 AM,7/9/2026 5:00:00 AM,METED/MIDATL,1649
7/9/2026 12:47:14 PM,7/9/2026 8:47:14 AM,7/9/2026 9:00:00 AM,7/9/2026 5:00:00 AM,7/9/2026 10:00:00 AM,7/9/2026 6:00:00 AM,METED/MIDATL,1716
7/9/2026 12:47:14 PM,7/9/2026 8:47:14 AM,7/9/2026 10:00:00 AM,7/9/2026 6:00:00 AM,7/9/2026 11:00:00 AM,7/9/2026 7:00:00 AM,METED/MIDATL,1823
7/9/2026 12:47:14 PM,7/9/2026 8:47:14 AM,7/9/2026 11:00:00 AM,7/9/2026 7:00:00 AM,7/9/2026 12:00:00 PM,7/9/2026 8:00:00 AM,METED/MIDATL,1935
7/9/2026 12:47:14 PM,7/9/2026 8:47:14 AM,7/9/2026 12:00:00 PM,7/9/2026 8:00:00 AM,7/9/2026 1:00:00 PM,7/9/2026 9:00:00 AM,METED/MIDATL,2001
7/9/2026 12:47:14 PM,7/9/2026 8:47:14 AM,7/9/2026 1:00:00 PM,7/9/2026 9:00:00 AM,7/9/2026 2:00:00 PM,7/9/2026 10:00:00 AM,METED/MIDATL,2075
7/9/2026 12:47:14 PM,7/9/2026 8:47:14 AM,7/9/2026 2:00:00 PM,7/9/2026 10:00:00 AM,7/9/2026 3:00:00 PM,7/9/2026 11:00:00 AM,METED/MIDATL,2164
7/9/2026 12:47:14 PM,7/9/2026 8:47:14 AM,7/9/2026 3:00:00 PM,7/9/2026 11:00:00 AM,7/9/2026 4:00:00 PM,7/9/2026 12:00:00 PM,METED/MIDATL,2255
7/9/2026 12:47:14 PM,7/9/2026 8:47:14 AM,7/9/2026 4:00:00 PM,7/9/2026 12:00:00 PM,7/9/2026 5:00:00 PM,7/9/2026 1:00:00 PM,METED/MIDATL,2336
7/9/2026 12:47:14 PM,7/9/2026 8:47:14 AM,7/9/2026 5:00:00 PM,7/9/2026 1:00:00 PM,7/9/2026 6:00:00 PM,7/9/2026 2:00:00 PM,METED/MIDATL,2399
7/9/2026 12:47:14 PM,7/9/2026 8:47:14 AM,7/9/2026 6:00:00 PM,7/9/2026 2:00:00 PM,7/9/2026 7:00:00 PM,7/9/2026 3:00:00 PM,METED/MIDATL,2455
7/9/2026 12:47:14 PM,7/9/2026 8:47:14 AM,7/9/2026 7:00:00 PM,7/9/2026 3:00:00 PM,7/9/2026 8:00:00 PM,7/9/2026 4:00:00 PM,METED/MIDATL,2485
7/9/2026 12:47:14 PM,7/9/2026 8:47:14 AM,7/9/2026 8:00:00 PM,7/9/2026 4:00:00 PM,7/9/2026 9:00:00 PM,7/9/2026 5:00:00 PM,METED/MIDATL,2511
7/9/2026 12:47:14 PM,7/9/2026 8:47:14 AM,7/9/2026 9:00:00 PM,7/9/2026 5:00:00 PM,7/9/2026 10:00:00 PM,7/9/2026 6:00:00 PM,METED/MIDATL,2533
7/9/2026 12:47:14 PM,7/9/2026 8:47:14 AM,7/9/2026 10:00:00 PM,7/9/2026 6:00:00 PM,7/9/2026 11:00:00 PM,7/9/2026 7:00:00 PM,METED/MIDATL,2510
7/9/2026 12:47:14 PM,7/9/2026 8:47:14 AM,7/9/2026 11:00:00 PM,7/9/2026 7:00:00 PM,7/10/2026 12:00:00 AM,7/9/2026 8:00:00 PM,METED/MIDATL,2442
7/9/2026 12:47:14 PM,7/9/2026 8:47:14 AM,7/10/2026 12:00:00 AM,7/9/2026 8:00:00 PM,7/10/2026 1:00:00 AM,7/9/2026 9:00:00 PM,METED/MIDATL,2365
7/9/2026 12:47:14 PM,7/9/2026 8:47:14 AM,7/10/2026 1:00:00 AM,7/9/2026 9:00:00 PM,7/10/2026 2:00:00 AM,7/9/2026 10:00:00 PM,METED/MIDATL,2264
7/9/2026 12:47:14 PM,7/9/2026 8:47:14 AM,7/10/2026 2:00:00 AM,7/9/2026 10:00:00 PM,7/10/2026 3:00:00 AM,7/9/2026 11:00:00 PM,METED/MIDATL,2099
7/9/2026 12:47:14 PM,7/9/2026 8:47:14 AM,7/10/2026 3:00:00 AM,7/9/2026 11:00:00 PM,7/10/2026 4:00:00 AM,7/10/2026 12:00:00 AM,METED/MIDATL,1943
7/9/2026 12:47:14 PM,7/9/2026 8:47:14 AM,7/10/2026 4:00:00 AM,7/10/2026 12:00:00 AM,7/10/2026 5:00:00 AM,7/10/2026 1:00:00 AM,METED/MIDATL,1821
7/9/2026 12:47:14 PM,7/9/2026 8:47:14 AM,7/10/2026 5:00:00 AM,7/10/2026 1:00:00 AM,7/10/2026 6:00:00 AM,7/10/2026 2:00:00 AM,METED/MIDATL,1723
7/9/2026 12:47:14 PM,7/9/2026 8:47:14 AM,7/10/2026 6:00:00 AM,7/10/2026 2:00:00 AM,7/10/2026 7:00:00 AM,7/10/2026 3:00:00 AM,METED/MIDATL,1660
7/9/2026 12:47:14 PM,7/9/2026 8:47:14 AM,7/10/2026 7:00:00 AM,7/10/2026 3:00:00 AM,7/10/2026 8:00:00 AM,7/10/2026 4:00:00 AM,METED/MIDATL,1622
7/9/2026 12:47:14 PM,7/9/2026 8:47:14 AM,7/10/2026 8:00:00 AM,7/10/2026 4:00:00 AM,7/10/2026 9:00:00 AM,7/10/2026 5:00:00 AM,METED/MIDATL,1623
7/9/2026 12:47:14 PM,7/9/2026 8:47:14 AM,7/10/2026 9:00:00 AM,7/10/2026 5:00:00 AM,7/10/2026 10:00:00 AM,7/10/2026 6:00:00 AM,METED/MIDATL,1670
7/9/2026 12:47:14 PM,7/9/2026 8:47:14 AM,7/10/2026 10:00:00 AM,7/10/2026 6:00:00 AM,7/10/2026 11:00:00 AM,7/10/2026 7:00:00 AM,METED/MIDATL,1766
7/9/2026 12:47:14 PM,7/9/2026 8:47:14 AM,7/10/2026 11:00:00 AM,7/10/2026 7:00:00 AM,7/10/2026 12:00:00 PM,7/10/2026 8:00:00 AM,METED/MIDATL,1885
7/9/2026 12:47:14 PM,7/9/2026 8:47:14 AM,7/10/2026 12:00:00 PM,7/10/2026 8:00:00 AM,7/10/2026 1:00:00 PM,7/10/2026 9:00:00 AM,METED/MIDATL,1993
7/9/2026 12:47:14 PM,7/9/2026 8:47:14 AM,7/10/2026 1:00:00 PM,7/10/2026 9:00:00 AM,7/10/2026 2:00:00 PM,7/10/2026 10:00:00 AM,METED/MIDATL,2081
7/9/2026 12:47:14 PM,7/9/2026 8:47:14 AM,7/10/2026 2:00:00 PM,7/10/2026 10:00:00 AM,7/10/2026 3:00:00 PM,7/10/2026 11:00:00 AM,METED/MIDATL,2184
7/9/2026 12:47:14 PM,7/9/2026 8:47:14 AM,7/10/2026 3:00:00 PM,7/10/2026 11:00:00 AM,7/10/2026 4:00:00 PM,7/10/2026 12:00:00 PM,METED/MIDATL,2280
7/9/2026 12:47:14 PM,7/9/2026 8:47:14 AM,7/10/2026 4:00:00 PM,7/10/2026 12:00:00 PM,7/10/2026 5:00:00 PM,7/10/2026 1:00:00 PM,METED/MIDATL,2363
7/9/2026 12:47:14 PM,7/9/2026 8:47:14 AM,7/10/2026 5:00:00 PM,7/10/2026 1:00:00 PM,7/10/2026 6:00:00 PM,7/10/2026 2:00:00 PM,METED/MIDATL,2440
7/9/2026 12:47:14 PM,7/9/2026 8:47:14 AM,7/10/2026 6:00:00 PM,7/10/2026 2:00:00 PM,7/10/2026 7:00:00 PM,7/10/2026 3:00:00 PM,METED/MIDATL,2491
7/9/2026 12:47:14 PM,7/9/2026 8:47:14 AM,7/10/2026 7:00:00 PM,7/10/2026 3:00:00 PM,7/10/2026 8:00:00 PM,7/10/2026 4:00:00 PM,METED/MIDATL,2512
7/9/2026 12:47:14 PM,7/9/2026 8:47:14 AM,7/10/2026 8:00:00 PM,7/10/2026 4:00:00 PM,7/10/2026 9:00:00 PM,7/10/2026 5:00:00 PM,METED/MIDATL,2534
7/9/2026 12:47:14 PM,7/9/2026 8:47:14 AM,7/10/2026 9:00:00 PM,7/10/2026 5:00:00 PM,7/10/2026 10:00:00 PM,7/10/2026 6:00:00 PM,METED/MIDATL,2539
7/9/2026 12:47:14 PM,7/9/2026 8:47:14 AM,7/10/2026 10:00:00 PM,7/10/2026 6:00:00 PM,7/10/2026 11:00:00 PM,7/10/2026 7:00:00 PM,METED/MIDATL,2488
7/9/2026 12:47:14 PM,7/9/2026 8:47:14 AM,7/10/2026 11:00:00 PM,7/10/2026 7:00:00 PM,7/11/2026 12:00:00 AM,7/10/2026 8:00:00 PM,METED/MIDATL,2405
7/9/2026 12:47:14 PM,7/9/2026 8:47:14 AM,7/11/2026 12:00:00 AM,7/10/2026 8:00:00 PM,7/11/2026 1:00:00 AM,7/10/2026 9:00:00 PM,METED/MIDATL,2298
7/9/2026 12:47:14 PM,7/9/2026 8:47:14 AM,7/11/2026 1:00:00 AM,7/10/2026 9:00:00 PM,7/11/2026 2:00:00 AM,7/10/2026 10:00:00 PM,METED/MIDATL,2198
7/9/2026 12:47:14 PM,7/9/2026 8:47:14 AM,7/11/2026 2:00:00 AM,7/10/2026 10:00:00 PM,7/11/2026 3:00:00 AM,7/10/2026 11:00:00 PM,METED/MIDATL,2044
7/9/2026 12:47:14 PM,7/9/2026 8:47:14 AM,7/11/2026 3:00:00 AM,7/10/2026 11:00:00 PM,7/11/2026 4:00:00 AM,7/11/2026 12:00:00 AM,METED/MIDATL,1886
7/9/2026 12:47:14 PM,7/9/2026 8:47:14 AM,7/11/2026 4:00:00 AM,7/11/2026 12:00:00 AM,7/11/2026 5:00:00 AM,7/11/2026 1:00:00 AM,METED/MIDATL,1769
7/9/2026 12:47:14 PM,7/9/2026 8:47:14 AM,7/11/2026 5:00:00 AM,7/11/2026 1:00:00 AM,7/11/2026 6:00:00 AM,7/11/2026 2:00:00 AM,METED/MIDATL,1666
7/9/2026 12:47:14 PM,7/9/2026 8:47:14 AM,7/11/2026 6:00:00 AM,7/11/2026 2:00:00 AM,7/11/2026 7:00:00 AM,7/11/2026 3:00:00 AM,METED/MIDATL,1593
7/9/2026 12:47:14 PM,7/9/2026 8:47:14 AM,7/11/2026 7:00:00 AM,7/11/2026 3:00:00 AM,7/11/2026 8:00:00 AM,7/11/2026 4:00:00 AM,METED/MIDATL,1545
7/9/2026 12:47:14 PM,7/9/2026 8:47:14 AM,7/11/2026 8:00:00 AM,7/11/2026 4:00:00 AM,7/11/2026 9:00:00 AM,7/11/2026 5:00:00 AM,METED/MIDATL,1519
7/9/2026 12:47:14 PM,7/9/2026 8:47:14 AM,7/11/2026 9:00:00 AM,7/11/2026 5:00:00 AM,7/11/2026 10:00:00 AM,7/11/2026 6:00:00 AM,METED/MIDATL,1514
7/9/2026 12:47:14 PM,7/9/2026 8:47:14 AM,7/11/2026 10:00:00 AM,7/11/2026 6:00:00 AM,7/11/2026 11:00:00 AM,7/11/2026 7:00:00 AM,METED/MIDATL,1533
7/9/2026 12:47:14 PM,7/9/2026 8:47:14 AM,7/11/2026 11:00:00 AM,7/11/2026 7:00:00 AM,7/11/2026 12:00:00 PM,7/11/2026 8:00:00 AM,METED/MIDATL,1618
7/9/2026 12:47:14 PM,7/9/2026 8:47:14 AM,7/11/2026 12:00:00 PM,7/11/2026 8:00:00 AM,7/11/2026 1:00:00 PM,7/11/2026 9:00:00 AM,METED/MIDATL,1735
7/9/2026 12:47:14 PM,7/9/2026 8:47:14 AM,7/11/2026 1:00:00 PM,7/11/2026 9:00:00 AM,7/11/2026 2:00:00 PM,7/11/2026 10:00:00 AM,METED/MIDATL,1849
7/9/2026 12:47:14 PM,7/9/2026 8:47:14 AM,7/11/2026 2:00:00 PM,7/11/2026 10:00:00 AM,7/11/2026 3:00:00 PM,7/11/2026 11:00:00 AM,METED/MIDATL,1944
7/9/2026 12:47:14 PM,7/9/2026 8:47:14 AM,7/11/2026 3:00:00 PM,7/11/2026 11:00:00 AM,7/11/2026 4:00:00 PM,7/11/2026 12:00:00 PM,METED/MIDATL,2031
7/9/2026 12:47:14 PM,7/9/2026 8:47:14 AM,7/11/2026 4:00:00 PM,7/11/2026 12:00:00 PM,7/11/2026 5:00:00 PM,7/11/2026 1:00:00 PM,METED/MIDATL,2097
7/9/2026 12:47:14 PM,7/9/2026 8:47:14 AM,7/11/2026 5:00:00 PM,7/11/2026 1:00:00 PM,7/11/2026 6:00:00 PM,7/11/2026 2:00:00 PM,METED/MIDATL,2154
7/9/2026 12:47:14 PM,7/9/2026 8:47:14 AM,7/11/2026 6:00:00 PM,7/11/2026 2:00:00 PM,7/11/2026 7:00:00 PM,7/11/2026 3:00:00 PM,METED/MIDATL,2195
7/9/2026 12:47:14 PM,7/9/2026 8:47:14 AM,7/11/2026 7:00:00 PM,7/11/2026 3:00:00 PM,7/11/2026 8:00:00 PM,7/11/2026 4:00:00 PM,METED/MIDATL,2221
7/9/2026 12:47:14 PM,7/9/2026 8:47:14 AM,7/11/2026 8:00:00 PM,7/11/2026 4:00:00 PM,7/11/2026 9:00:00 PM,7/11/2026 5:00:00 PM,METED/MIDATL,2246
7/9/2026 12:47:14 PM,7/9/2026 8:47:14 AM,7/11/2026 9:00:00 PM,7/11/2026 5:00:00 PM,7/11/2026 10:00:00 PM,7/11/2026 6:00:00 PM,METED/MIDATL,2262
7/9/2026 12:47:14 PM,7/9/2026 8:47:14 AM,7/11/2026 10:00:00 PM,7/11/2026 6:00:00 PM,7/11/2026 11:00:00 PM,7/11/2026 7:00:00 PM,METED/MIDATL,2221
7/9/2026 12:47:14 PM,7/9/2026 8:47:14 AM,7/11/2026 11:00:00 PM,7/11/2026 7:00:00 PM,7/12/2026 12:00:00 AM,7/11/2026 8:00:00 PM,METED/MIDATL,2151
7/9/2026 12:47:14 PM,7/9/2026 8:47:14 AM,7/12/2026 12:00:00 AM,7/11/2026 8:00:00 PM,7/12/2026 1:00:00 AM,7/11/2026 9:00:00 PM,METED/MIDATL,2079
7/9/2026 12:47:14 PM,7/9/2026 8:47:14 AM,7/12/2026 1:00:00 AM,7/11/2026 9:00:00 PM,7/12/2026 2:00:00 AM,7/11/2026 10:00:00 PM,METED/MIDATL,2000
7/9/2026 12:47:14 PM,7/9/2026 8:47:14 AM,7/12/2026 2:00:00 AM,7/11/2026 10:00:00 PM,7/12/2026 3:00:00 AM,7/11/2026 11:00:00 PM,METED/MIDATL,1885
7/9/2026 12:47:14 PM,7/9/2026 8:47:14 AM,7/12/2026 3:00:00 AM,7/11/2026 11:00:00 PM,7/12/2026 4:00:00 AM,7/12/2026 12:00:00 AM,METED/MIDATL,1750
7/9/2026 12:47:14 PM,7/9/2026 8:47:14 AM,7/12/2026 4:00:00 AM,7/12/2026 12:00:00 AM,7/12/2026 5:00:00 AM,7/12/2026 1:00:00 AM,METED/MIDATL,1586
7/9/2026 12:47:14 PM,7/9/2026 8:47:14 AM,7/12/2026 5:00:00 AM,7/12/2026 1:00:00 AM,7/12/2026 6:00:00 AM,7/12/2026 2:00:00 AM,METED/MIDATL,1501
7/9/2026 12:47:14 PM,7/9/2026 8:47:14 AM,7/12/2026 6:00:00 AM,7/12/2026 2:00:00 AM,7/12/2026 7:00:00 AM,7/12/2026 3:00:00 AM,METED/MIDATL,1437
7/9/2026 12:47:14 PM,7/9/2026 8:47:14 AM,7/12/2026 7:00:00 AM,7/12/2026 3:00:00 AM,7/12/2026 8:00:00 AM,7/12/2026 4:00:00 AM,METED/MIDATL,1390
7/9/2026 12:47:14 PM,7/9/2026 8:47:14 AM,7/12/2026 8:00:00 AM,7/12/2026 4:00:00 AM,7/12/2026 9:00:00 AM,7/12/2026 5:00:00 AM,METED/MIDATL,1369
7/9/2026 12:47:14 PM,7/9/2026 8:47:14 AM,7/12/2026 9:00:00 AM,7/12/2026 5:00:00 AM,7/12/2026 10:00:00 AM,7/12/2026 6:00:00 AM,METED/MIDATL,1358
7/9/2026 12:47:14 PM,7/9/2026 8:47:14 AM,7/12/2026 10:00:00 AM,7/12/2026 6:00:00 AM,7/12/2026 11:00:00 AM,7/12/2026 7:00:00 AM,METED/MIDATL,1375
7/9/2026 12:47:14 PM,7/9/2026 8:47:14 AM,7/12/2026 11:00:00 AM,7/12/2026 7:00:00 AM,7/12/2026 12:00:00 PM,7/12/2026 8:00:00 AM,METED/MIDATL,1454
7/9/2026 12:47:14 PM,7/9/2026 8:47:14 AM,7/12/2026 12:00:00 PM,7/12/2026 8:00:00 AM,7/12/2026 1:00:00 PM,7/12/2026 9:00:00 AM,METED/MIDATL,1571
7/9/2026 12:47:14 PM,7/9/2026 8:47:14 AM,7/12/2026 1:00:00 PM,7/12/2026 9:00:00 AM,7/12/2026 2:00:00 PM,7/12/2026 10:00:00 AM,METED/MIDATL,1681
7/9/2026 12:47:14 PM,7/9/2026 8:47:14 AM,7/12/2026 2:00:00 PM,7/12/2026 10:00:00 AM,7/12/2026 3:00:00 PM,7/12/2026 11:00:00 AM,METED/MIDATL,1790
7/9/2026 12:47:14 PM,7/9/2026 8:47:14 AM,7/12/2026 3:00:00 PM,7/12/2026 11:00:00 AM,7/12/2026 4:00:00 PM,7/12/2026 12:00:00 PM,METED/MIDATL,1892
7/9/2026 12:47:14 PM,7/9/2026 8:47:14 AM,7/12/2026 4:00:00 PM,7/12/2026 12:00:00 PM,7/12/2026 5:00:00 PM,7/12/2026 1:00:00 PM,METED/MIDATL,1987
7/9/2026 12:47:14 PM,7/9/2026 8:47:14 AM,7/12/2026 5:00:00 PM,7/12/2026 1:00:00 PM,7/12/2026 6:00:00 PM,7/12/2026 2:00:00 PM,METED/MIDATL,2062
7/9/2026 12:47:14 PM,7/9/2026 8:47:14 AM,7/12/2026 6:00:00 PM,7/12/2026 2:00:00 PM,7/12/2026 7:00:00 PM,7/12/2026 3:00:00 PM,METED/MIDATL,2131
7/9/2026 12:47:14 PM,7/9/2026 8:47:14 AM,7/12/2026 7:00:00 PM,7/12/2026 3:00:00 PM,7/12/2026 8:00:00 PM,7/12/2026 4:00:00 PM,METED/MIDATL,2191
7/9/2026 12:47:14 PM,7/9/2026 8:47:14 AM,7/12/2026 8:00:00 PM,7/12/2026 4:00:00 PM,7/12/2026 9:00:00 PM,7/12/2026 5:00:00 PM,METED/MIDATL,2243
7/9/2026 12:47:14 PM,7/9/2026 8:47:14 AM,7/12/2026 9:00:00 PM,7/12/2026 5:00:00 PM,7/12/2026 10:00:00 PM,7/12/2026 6:00:00 PM,METED/MIDATL,2283
7/9/2026 12:47:14 PM,7/9/2026 8:47:14 AM,7/12/2026 10:00:00 PM,7/12/2026 6:00:00 PM,7/12/2026 11:00:00 PM,7/12/2026 7:00:00 PM,METED/MIDATL,2262
7/9/2026 12:47:14 PM,7/9/2026 8:47:14 AM,7/12/2026 11:00:00 PM,7/12/2026 7:00:00 PM,7/13/2026 12:00:00 AM,7/12/2026 8:00:00 PM,METED/MIDATL,2204
7/9/2026 12:47:14 PM,7/9/2026 8:47:14 AM,7/13/2026 12:00:00 AM,7/12/2026 8:00:00 PM,7/13/2026 1:00:00 AM,7/12/2026 9:00:00 PM,METED/MIDATL,2132
7/9/2026 12:47:14 PM,7/9/2026 8:47:14 AM,7/13/2026 1:00:00 AM,7/12/2026 9:00:00 PM,7/13/2026 2:00:00 AM,7/12/2026 10:00:00 PM,METED/MIDATL,2046
7/9/2026 12:47:14 PM,7/9/2026 8:47:14 AM,7/13/2026 2:00:00 AM,7/12/2026 10:00:00 PM,7/13/2026 3:00:00 AM,7/12/2026 11:00:00 PM,METED/MIDATL,1908
7/9/2026 12:47:14 PM,7/9/2026 8:47:14 AM,7/13/2026 3:00:00 AM,7/12/2026 11:00:00 PM,7/13/2026 4:00:00 AM,7/13/2026 12:00:00 AM,METED/MIDATL,1778
7/9/2026 12:47:14 PM,7/9/2026 8:47:14 AM,7/13/2026 4:00:00 AM,7/13/2026 12:00:00 AM,7/13/2026 5:00:00 AM,7/13/2026 1:00:00 AM,METED/MIDATL,1658
7/9/2026 12:47:14 PM,7/9/2026 8:47:14 AM,7/13/2026 5:00:00 AM,7/13/2026 1:00:00 AM,7/13/2026 6:00:00 AM,7/13/2026 2:00:00 AM,METED/MIDATL,1583
7/9/2026 12:47:14 PM,7/9/2026 8:47:14 AM,7/13/2026 6:00:00 AM,7/13/2026 2:00:00 AM,7/13/2026 7:00:00 AM,7/13/2026 3:00:00 AM,METED/MIDATL,1531
7/9/2026 12:47:14 PM,7/9/2026 8:47:14 AM,7/13/2026 7:00:00 AM,7/13/2026 3:00:00 AM,7/13/2026 8:00:00 AM,7/13/2026 4:00:00 AM,METED/MIDATL,1507
7/9/2026 12:47:14 PM,7/9/2026 8:47:14 AM,7/13/2026 8:00:00 AM,7/13/2026 4:00:00 AM,7/13/2026 9:00:00 AM,7/13/2026 5:00:00 AM,METED/MIDATL,1526
7/9/2026 12:47:14 PM,7/9/2026 8:47:14 AM,7/13/2026 9:00:00 AM,7/13/2026 5:00:00 AM,7/13/2026 10:00:00 AM,7/13/2026 6:00:00 AM,METED/MIDATL,1593
7/9/2026 12:47:14 PM,7/9/2026 8:47:14 AM,7/13/2026 10:00:00 AM,7/13/2026 6:00:00 AM,7/13/2026 11:00:00 AM,7/13/2026 7:00:00 AM,METED/MIDATL,1712
7/9/2026 12:47:14 PM,7/9/2026 8:47:14 AM,7/13/2026 11:00:00 AM,7/13/2026 7:00:00 AM,7/13/2026 12:00:00 PM,7/13/2026 8:00:00 AM,METED/MIDATL,1822
7/9/2026 12:47:14 PM,7/9/2026 8:47:14 AM,7/13/2026 12:00:00 PM,7/13/2026 8:00:00 AM,7/13/2026 1:00:00 PM,7/13/2026 9:00:00 AM,METED/MIDATL,1912
7/9/2026 12:47:14 PM,7/9/2026 8:47:14 AM,7/13/2026 1:00:00 PM,7/13/2026 9:00:00 AM,7/13/2026 2:00:00 PM,7/13/2026 10:00:00 AM,METED/MIDATL,1983
7/9/2026 12:47:14 PM,7/9/2026 8:47:14 AM,7/13/2026 2:00:00 PM,7/13/2026 10:00:00 AM,7/13/2026 3:00:00 PM,7/13/2026 11:00:00 AM,METED/MIDATL,2076
7/9/2026 12:47:14 PM,7/9/2026 8:47:14 AM,7/13/2026 3:00:00 PM,7/13/2026 11:00:00 AM,7/13/2026 4:00:00 PM,7/13/2026 12:00:00 PM,METED/MIDATL,2171
7/9/2026 12:47:14 PM,7/9/2026 8:47:14 AM,7/13/2026 4:00:00 PM,7/13/2026 12:00:00 PM,7/13/2026 5:00:00 PM,7/13/2026 1:00:00 PM,METED/MIDATL,2266
7/9/2026 12:47:14 PM,7/9/2026 8:47:14 AM,7/13/2026 5:00:00 PM,7/13/2026 1:00:00 PM,7/13/2026 6:00:00 PM,7/13/2026 2:00:00 PM,METED/MIDATL,2351
7/9/2026 12:47:14 PM,7/9/2026 8:47:14 AM,7/13/2026 6:00:00 PM,7/13/2026 2:00:00 PM,7/13/2026 7:00:00 PM,7/13/2026 3:00:00 PM,METED/MIDATL,2407
7/9/2026 12:47:14 PM,7/9/2026 8:47:14 AM,7/13/2026 7:00:00 PM,7/13/2026 3:00:00 PM,7/13/2026 8:00:00 PM,7/13/2026 4:00:00 PM,METED/MIDATL,2440
7/9/2026 12:47:14 PM,7/9/2026 8:47:14 AM,7/13/2026 8:00:00 PM,7/13/2026 4:00:00 PM,7/13/2026 9:00:00 PM,7/13/2026 5:00:00 PM,METED/MIDATL,2468
7/9/2026 12:47:14 PM,7/9/2026 8:47:14 AM,7/13/2026 9:00:00 PM,7/13/2026 5:00:00 PM,7/13/2026 10:00:00 PM,7/13/2026 6:00:00 PM,METED/MIDATL,2479
7/9/2026 12:47:14 PM,7/9/2026 8:47:14 AM,7/13/2026 10:00:00 PM,7/13/2026 6:00:00 PM,7/13/2026 11:00:00 PM,7/13/2026 7:00:00 PM,METED/MIDATL,2441
7/9/2026 12:47:14 PM,7/9/2026 8:47:14 AM,7/13/2026 11:00:00 PM,7/13/2026 7:00:00 PM,7/14/2026 12:00:00 AM,7/13/2026 8:00:00 PM,METED/MIDATL,2372
7/9/2026 12:47:14 PM,7/9/2026 8:47:14 AM,7/14/2026 12:00:00 AM,7/13/2026 8:00:00 PM,7/14/2026 1:00:00 AM,7/13/2026 9:00:00 PM,METED/MIDATL,2285
7/9/2026 12:47:14 PM,7/9/2026 8:47:14 AM,7/14/2026 1:00:00 AM,7/13/2026 9:00:00 PM,7/14/2026 2:00:00 AM,7/13/2026 10:00:00 PM,METED/MIDATL,2174
7/9/2026 12:47:14 PM,7/9/2026 8:47:14 AM,7/14/2026 2:00:00 AM,7/13/2026 10:00:00 PM,7/14/2026 3:00:00 AM,7/13/2026 11:00:00 PM,METED/MIDATL,2013
7/9/2026 12:47:14 PM,7/9/2026 8:47:14 AM,7/14/2026 3:00:00 AM,7/13/2026 11:00:00 PM,7/14/2026 4:00:00 AM,7/14/2026 12:00:00 AM,METED/MIDATL,1868
7/9/2026 12:47:14 PM,7/9/2026 8:47:14 AM,7/14/2026 4:00:00 AM,7/14/2026 12:00:00 AM,7/14/2026 5:00:00 AM,7/14/2026 1:00:00 AM,METED/MIDATL,1751
7/9/2026 12:47:14 PM,7/9/2026 8:47:14 AM,7/14/2026 5:00:00 AM,7/14/2026 1:00:00 AM,7/14/2026 6:00:00 AM,7/14/2026 2:00:00 AM,METED/MIDATL,1658
7/9/2026 12:47:14 PM,7/9/2026 8:47:14 AM,7/14/2026 6:00:00 AM,7/14/2026 2:00:00 AM,7/14/2026 7:00:00 AM,7/14/2026 3:00:00 AM,METED/MIDATL,1594
7/9/2026 12:47:14 PM,7/9/2026 8:47:14 AM,7/14/2026 7:00:00 AM,7/14/2026 3:00:00 AM,7/14/2026 8:00:00 AM,7/14/2026 4:00:00 AM,METED/MIDATL,1561
7/9/2026 12:47:14 PM,7/9/2026 8:47:14 AM,7/14/2026 8:00:00 AM,7/14/2026 4:00:00 AM,7/14/2026 9:00:00 AM,7/14/2026 5:00:00 AM,METED/MIDATL,1567
7/9/2026 12:47:14 PM,7/9/2026 8:47:14 AM,7/14/2026 9:00:00 AM,7/14/2026 5:00:00 AM,7/14/2026 10:00:00 AM,7/14/2026 6:00:00 AM,METED/MIDATL,1627
7/9/2026 12:47:14 PM,7/9/2026 8:47:14 AM,7/14/2026 10:00:00 AM,7/14/2026 6:00:00 AM,7/14/2026 11:00:00 AM,7/14/2026 7:00:00 AM,METED/MIDATL,1732
7/9/2026 12:47:14 PM,7/9/2026 8:47:14 AM,7/14/2026 11:00:00 AM,7/14/2026 7:00:00 AM,7/14/2026 12:00:00 PM,7/14/2026 8:00:00 AM,METED/MIDATL,1851
7/9/2026 12:47:14 PM,7/9/2026 8:47:14 AM,7/14/2026 12:00:00 PM,7/14/2026 8:00:00 AM,7/14/2026 1:00:00 PM,7/14/2026 9:00:00 AM,METED/MIDATL,1953
7/9/2026 12:47:14 PM,7/9/2026 8:47:14 AM,7/14/2026 1:00:00 PM,7/14/2026 9:00:00 AM,7/14/2026 2:00:00 PM,7/14/2026 10:00:00 AM,METED/MIDATL,2052
7/9/2026 12:47:14 PM,7/9/2026 8:47:14 AM,7/14/2026 2:00:00 PM,7/14/2026 10:00:00 AM,7/14/2026 3:00:00 PM,7/14/2026 11:00:00 AM,METED/MIDATL,2161
7/9/2026 12:47:14 PM,7/9/2026 8:47:14 AM,7/14/2026 3:00:00 PM,7/14/2026 11:00:00 AM,7/14/2026 4:00:00 PM,7/14/2026 12:00:00 PM,METED/MIDATL,2292
7/9/2026 12:47:14 PM,7/9/2026 8:47:14 AM,7/14/2026 4:00:00 PM,7/14/2026 12:00:00 PM,7/14/2026 5:00:00 PM,7/14/2026 1:00:00 PM,METED/MIDATL,2404
7/9/2026 12:47:14 PM,7/9/2026 8:47:14 AM,7/14/2026 5:00:00 PM,7/14/2026 1:00:00 PM,7/14/2026 6:00:00 PM,7/14/2026 2:00:00 PM,METED/MIDATL,2495
7/9/2026 12:47:14 PM,7/9/2026 8:47:14 AM,7/14/2026 6:00:00 PM,7/14/2026 2:00:00 PM,7/14/2026 7:00:00 PM,7/14/2026 3:00:00 PM,METED/MIDATL,2566
7/9/2026 12:47:14 PM,7/9/2026 8:47:14 AM,7/14/2026 7:00:00 PM,7/14/2026 3:00:00 PM,7/14/2026 8:00:00 PM,7/14/2026 4:00:00 PM,METED/MIDATL,2628
7/9/2026 12:47:14 PM,7/9/2026 8:47:14 AM,7/14/2026 8:00:00 PM,7/14/2026 4:00:00 PM,7/14/2026 9:00:00 PM,7/14/2026 5:00:00 PM,METED/MIDATL,2676
7/9/2026 12:47:14 PM,7/9/2026 8:47:14 AM,7/14/2026 9:00:00 PM,7/14/2026 5:00:00 PM,7/14/2026 10:00:00 PM,7/14/2026 6:00:00 PM,METED/MIDATL,2706
7/9/2026 12:47:14 PM,7/9/2026 8:47:14 AM,7/14/2026 10:00:00 PM,7/14/2026 6:00:00 PM,7/14/2026 11:00:00 PM,7/14/2026 7:00:00 PM,METED/MIDATL,2677
7/9/2026 12:47:14 PM,7/9/2026 8:47:14 AM,7/14/2026 11:00:00 PM,7/14/2026 7:00:00 PM,7/15/2026 12:00:00 AM,7/14/2026 8:00:00 PM,METED/MIDATL,2601
7/9/2026 12:47:14 PM,7/9/2026 8:47:14 AM,7/15/2026 12:00:00 AM,7/14/2026 8:00:00 PM,7/15/2026 1:00:00 AM,7/14/2026 9:00:00 PM,METED/MIDATL,2504
7/9/2026 12:47:14 PM,7/9/2026 8:47:14 AM,7/15/2026 1:00:00 AM,7/14/2026 9:00:00 PM,7/15/2026 2:00:00 AM,7/14/2026 10:00:00 PM,METED/MIDATL,2383
7/9/2026 12:47:14 PM,7/9/2026 8:47:14 AM,7/15/2026 2:00:00 AM,7/14/2026 10:00:00 PM,7/15/2026 3:00:00 AM,7/14/2026 11:00:00 PM,METED/MIDATL,2203
7/9/2026 12:47:14 PM,7/9/2026 8:47:14 AM,7/15/2026 3:00:00 AM,7/14/2026 11:00:00 PM,7/15/2026 4:00:00 AM,7/15/2026 12:00:00 AM,METED/MIDATL,2033
7/9/2026 12:47:14 PM,7/9/2026 8:47:14 AM,7/15/2026 4:00:00 AM,7/15/2026 12:00:00 AM,7/15/2026 5:00:00 AM,7/15/2026 1:00:00 AM,METED/MIDATL,1910
7/9/2026 12:47:14 PM,7/9/2026 8:47:14 AM,7/15/2026 5:00:00 AM,7/15/2026 1:00:00 AM,7/15/2026 6:00:00 AM,7/15/2026 2:00:00 AM,METED/MIDATL,1807
7/9/2026 12:47:14 PM,7/9/2026 8:47:14 AM,7/15/2026 6:00:00 AM,7/15/2026 2:00:00 AM,7/15/2026 7:00:00 AM,7/15/2026 3:00:00 AM,METED/MIDATL,1730
7/9/2026 12:47:14 PM,7/9/2026 8:47:14 AM,7/15/2026 7:00:00 AM,7/15/2026 3:00:00 AM,7/15/2026 8:00:00 AM,7/15/2026 4:00:00 AM,METED/MIDATL,1683
7/9/2026 12:47:14 PM,7/9/2026 8:47:14 AM,7/15/2026 8:00:00 AM,7/15/2026 4:00:00 AM,7/15/2026 9:00:00 AM,7/15/2026 5:00:00 AM,METED/MIDATL,1682
7/9/2026 12:47:14 PM,7/9/2026 8:47:14 AM,7/15/2026 9:00:00 AM,7/15/2026 5:00:00 AM,7/15/2026 10:00:00 AM,7/15/2026 6:00:00 AM,METED/MIDATL,1734
7/9/2026 12:47:14 PM,7/9/2026 8:47:14 AM,7/15/2026 10:00:00 AM,7/15/2026 6:00:00 AM,7/15/2026 11:00:00 AM,7/15/2026 7:00:00 AM,METED/MIDATL,1829
7/9/2026 12:47:14 PM,7/9/2026 8:47:14 AM,7/15/2026 11:00:00 AM,7/15/2026 7:00:00 AM,7/15/2026 12:00:00 PM,7/15/2026 8:00:00 AM,METED/MIDATL,1962
7/9/2026 12:47:14 PM,7/9/2026 8:47:14 AM,7/15/2026 12:00:00 PM,7/15/2026 8:00:00 AM,7/15/2026 1:00:00 PM,7/15/2026 9:00:00 AM,METED/MIDATL,2085
7/9/2026 12:47:14 PM,7/9/2026 8:47:14 AM,7/15/2026 1:00:00 PM,7/15/2026 9:00:00 AM,7/15/2026 2:00:00 PM,7/15/2026 10:00:00 AM,METED/MIDATL,2217
7/9/2026 12:47:14 PM,7/9/2026 8:47:14 AM,7/15/2026 2:00:00 PM,7/15/2026 10:00:00 AM,7/15/2026 3:00:00 PM,7/15/2026 11:00:00 AM,METED/MIDATL,2359
7/9/2026 12:47:14 PM,7/9/2026 8:47:14 AM,7/15/2026 3:00:00 PM,7/15/2026 11:00:00 AM,7/15/2026 4:00:00 PM,7/15/2026 12:00:00 PM,METED/MIDATL,2504
7/9/2026 12:47:14 PM,7/9/2026 8:47:14 AM,7/15/2026 4:00:00 PM,7/15/2026 12:00:00 PM,7/15/2026 5:00:00 PM,7/15/2026 1:00:00 PM,METED/MIDATL,2636
7/9/2026 12:47:14 PM,7/9/2026 8:47:14 AM,7/15/2026 5:00:00 PM,7/15/2026 1:00:00 PM,7/15/2026 6:00:00 PM,7/15/2026 2:00:00 PM,METED/MIDATL,2745
7/9/2026 12:47:14 PM,7/9/2026 8:47:14 AM,7/15/2026 6:00:00 PM,7/15/2026 2:00:00 PM,7/15/2026 7:00:00 PM,7/15/2026 3:00:00 PM,METED/MIDATL,2810
7/9/2026 12:47:14 PM,7/9/2026 8:47:14 AM,7/15/2026 7:00:00 PM,7/15/2026 3:00:00 PM,7/15/2026 8:00:00 PM,7/15/2026 4:00:00 PM,METED/MIDATL,2853
7/9/2026 12:47:14 PM,7/9/2026 8:47:14 AM,7/15/2026 8:00:00 PM,7/15/2026 4:00:00 PM,7/15/2026 9:00:00 PM,7/15/2026 5:00:00 PM,METED/MIDATL,2876
7/9/2026 12:47:14 PM,7/9/2026 8:47:14 AM,7/15/2026 9:00:00 PM,7/15/2026 5:00:00 PM,7/15/2026 10:00:00 PM,7/15/2026 6:00:00 PM,METED/MIDATL,2877
7/9/2026 12:47:14 PM,7/9/2026 8:47:14 AM,7/15/2026 10:00:00 PM,7/15/2026 6:00:00 PM,7/15/2026 11:00:00 PM,7/15/2026 7:00:00 PM,METED/MIDATL,2839
7/9/2026 12:47:14 PM,7/9/2026 8:47:14 AM,7/15/2026 11:00:00 PM,7/15/2026 7:00:00 PM,7/16/2026 12:00:00 AM,7/15/2026 8:00:00 PM,METED/MIDATL,2753
7/9/2026 12:47:14 PM,7/9/2026 8:47:14 AM,7/16/2026 12:00:00 AM,7/15/2026 8:00:00 PM,7/16/2026 1:00:00 AM,7/15/2026 9:00:00 PM,METED/MIDATL,2650
7/9/2026 12:47:14 PM,7/9/2026 8:47:14 AM,7/16/2026 1:00:00 AM,7/15/2026 9:00:00 PM,7/16/2026 2:00:00 AM,7/15/2026 10:00:00 PM,METED/MIDATL,2527
7/9/2026 12:47:14 PM,7/9/2026 8:47:14 AM,7/16/2026 2:00:00 AM,7/15/2026 10:00:00 PM,7/16/2026 3:00:00 AM,7/15/2026 11:00:00 PM,METED/MIDATL,2340
7/9/2026 12:47:14 PM,7/9/2026 8:47:14 AM,7/16/2026 3:00:00 AM,7/15/2026 11:00:00 PM,7/16/2026 4:00:00 AM,7/16/2026 12:00:00 AM,METED/MIDATL,2168
7/9/2026 12:47:14 PM,7/9/2026 8:47:14 AM,7/9/2026 4:00:00 AM,7/9/2026 12:00:00 AM,7/9/2026 5:00:00 AM,7/9/2026 1:00:00 AM,MID_ATLANTIC_REGION,32145
7/9/2026 12:47:14 PM,7/9/2026 8:47:14 AM,7/9/2026 5:00:00 AM,7/9/2026 1:00:00 AM,7/9/2026 6:00:00 AM,7/9/2026 2:00:00 AM,MID_ATLANTIC_REGION,30213
7/9/2026 12:47:14 PM,7/9/2026 8:47:14 AM,7/9/2026 6:00:00 AM,7/9/2026 2:00:00 AM,7/9/2026 7:00:00 AM,7/9/2026 3:00:00 AM,MID_ATLANTIC_REGION,28897
7/9/2026 12:47:14 PM,7/9/2026 8:47:14 AM,7/9/2026 7:00:00 AM,7/9/2026 3:00:00 AM,7/9/2026 8:00:00 AM,7/9/2026 4:00:00 AM,MID_ATLANTIC_REGION,28240
7/9/2026 12:47:14 PM,7/9/2026 8:47:14 AM,7/9/2026 8:00:00 AM,7/9/2026 4:00:00 AM,7/9/2026 9:00:00 AM,7/9/2026 5:00:00 AM,MID_ATLANTIC_REGION,28268
7/9/2026 12:47:14 PM,7/9/2026 8:47:14 AM,7/9/2026 9:00:00 AM,7/9/2026 5:00:00 AM,7/9/2026 10:00:00 AM,7/9/2026 6:00:00 AM,MID_ATLANTIC_REGION,29274
7/9/2026 12:47:14 PM,7/9/2026 8:47:14 AM,7/9/2026 10:00:00 AM,7/9/2026 6:00:00 AM,7/9/2026 11:00:00 AM,7/9/2026 7:00:00 AM,MID_ATLANTIC_REGION,31077
7/9/2026 12:47:14 PM,7/9/2026 8:47:14 AM,7/9/2026 11:00:00 AM,7/9/2026 7:00:00 AM,7/9/2026 12:00:00 PM,7/9/2026 8:00:00 AM,MID_ATLANTIC_REGION,33162
7/9/2026 12:47:14 PM,7/9/2026 8:47:14 AM,7/9/2026 12:00:00 PM,7/9/2026 8:00:00 AM,7/9/2026 1:00:00 PM,7/9/2026 9:00:00 AM,MID_ATLANTIC_REGION,34475
7/9/2026 12:47:14 PM,7/9/2026 8:47:14 AM,7/9/2026 1:00:00 PM,7/9/2026 9:00:00 AM,7/9/2026 2:00:00 PM,7/9/2026 10:00:00 AM,MID_ATLANTIC_REGION,35711
7/9/2026 12:47:14 PM,7/9/2026 8:47:14 AM,7/9/2026 2:00:00 PM,7/9/2026 10:00:00 AM,7/9/2026 3:00:00 PM,7/9/2026 11:00:00 AM,MID_ATLANTIC_REGION,36473
7/9/2026 12:47:14 PM,7/9/2026 8:47:14 AM,7/9/2026 3:00:00 PM,7/9/2026 11:00:00 AM,7/9/2026 4:00:00 PM,7/9/2026 12:00:00 PM,MID_ATLANTIC_REGION,37598
7/9/2026 12:47:14 PM,7/9/2026 8:47:14 AM,7/9/2026 4:00:00 PM,7/9/2026 12:00:00 PM,7/9/2026 5:00:00 PM,7/9/2026 1:00:00 PM,MID_ATLANTIC_REGION,38883
7/9/2026 12:47:14 PM,7/9/2026 8:47:14 AM,7/9/2026 5:00:00 PM,7/9/2026 1:00:00 PM,7/9/2026 6:00:00 PM,7/9/2026 2:00:00 PM,MID_ATLANTIC_REGION,40000
7/9/2026 12:47:14 PM,7/9/2026 8:47:14 AM,7/9/2026 6:00:00 PM,7/9/2026 2:00:00 PM,7/9/2026 7:00:00 PM,7/9/2026 3:00:00 PM,MID_ATLANTIC_REGION,41017
7/9/2026 12:47:14 PM,7/9/2026 8:47:14 AM,7/9/2026 7:00:00 PM,7/9/2026 3:00:00 PM,7/9/2026 8:00:00 PM,7/9/2026 4:00:00 PM,MID_ATLANTIC_REGION,41937
7/9/2026 12:47:14 PM,7/9/2026 8:47:14 AM,7/9/2026 8:00:00 PM,7/9/2026 4:00:00 PM,7/9/2026 9:00:00 PM,7/9/2026 5:00:00 PM,MID_ATLANTIC_REGION,42737
7/9/2026 12:47:14 PM,7/9/2026 8:47:14 AM,7/9/2026 9:00:00 PM,7/9/2026 5:00:00 PM,7/9/2026 10:00:00 PM,7/9/2026 6:00:00 PM,MID_ATLANTIC_REGION,43269
7/9/2026 12:47:14 PM,7/9/2026 8:47:14 AM,7/9/2026 10:00:00 PM,7/9/2026 6:00:00 PM,7/9/2026 11:00:00 PM,7/9/2026 7:00:00 PM,MID_ATLANTIC_REGION,42679
7/9/2026 12:47:14 PM,7/9/2026 8:47:14 AM,7/9/2026 11:00:00 PM,7/9/2026 7:00:00 PM,7/10/2026 12:00:00 AM,7/9/2026 8:00:00 PM,MID_ATLANTIC_REGION,41526
7/9/2026 12:47:14 PM,7/9/2026 8:47:14 AM,7/10/2026 12:00:00 AM,7/9/2026 8:00:00 PM,7/10/2026 1:00:00 AM,7/9/2026 9:00:00 PM,MID_ATLANTIC_REGION,40284
7/9/2026 12:47:14 PM,7/9/2026 8:47:14 AM,7/10/2026 1:00:00 AM,7/9/2026 9:00:00 PM,7/10/2026 2:00:00 AM,7/9/2026 10:00:00 PM,MID_ATLANTIC_REGION,38771
7/9/2026 12:47:14 PM,7/9/2026 8:47:14 AM,7/10/2026 2:00:00 AM,7/9/2026 10:00:00 PM,7/10/2026 3:00:00 AM,7/9/2026 11:00:00 PM,MID_ATLANTIC_REGION,36438
7/9/2026 12:47:14 PM,7/9/2026 8:47:14 AM,7/10/2026 3:00:00 AM,7/9/2026 11:00:00 PM,7/10/2026 4:00:00 AM,7/10/2026 12:00:00 AM,MID_ATLANTIC_REGION,33641
7/9/2026 12:47:14 PM,7/9/2026 8:47:14 AM,7/10/2026 4:00:00 AM,7/10/2026 12:00:00 AM,7/10/2026 5:00:00 AM,7/10/2026 1:00:00 AM,MID_ATLANTIC_REGION,32401
7/9/2026 12:47:14 PM,7/9/2026 8:47:14 AM,7/10/2026 5:00:00 AM,7/10/2026 1:00:00 AM,7/10/2026 6:00:00 AM,7/10/2026 2:00:00 AM,MID_ATLANTIC_REGION,30661
7/9/2026 12:47:14 PM,7/9/2026 8:47:14 AM,7/10/2026 6:00:00 AM,7/10/2026 2:00:00 AM,7/10/2026 7:00:00 AM,7/10/2026 3:00:00 AM,MID_ATLANTIC_REGION,29427
7/9/2026 12:47:14 PM,7/9/2026 8:47:14 AM,7/10/2026 7:00:00 AM,7/10/2026 3:00:00 AM,7/10/2026 8:00:00 AM,7/10/2026 4:00:00 AM,MID_ATLANTIC_REGION,28695
7/9/2026 12:47:14 PM,7/9/2026 8:47:14 AM,7/10/2026 8:00:00 AM,7/10/2026 4:00:00 AM,7/10/2026 9:00:00 AM,7/10/2026 5:00:00 AM,MID_ATLANTIC_REGION,28716
7/9/2026 12:47:14 PM,7/9/2026 8:47:14 AM,7/10/2026 9:00:00 AM,7/10/2026 5:00:00 AM,7/10/2026 10:00:00 AM,7/10/2026 6:00:00 AM,MID_ATLANTIC_REGION,29502
7/9/2026 12:47:14 PM,7/9/2026 8:47:14 AM,7/10/2026 10:00:00 AM,7/10/2026 6:00:00 AM,7/10/2026 11:00:00 AM,7/10/2026 7:00:00 AM,MID_ATLANTIC_REGION,31076
7/9/2026 12:47:14 PM,7/9/2026 8:47:14 AM,7/10/2026 11:00:00 AM,7/10/2026 7:00:00 AM,7/10/2026 12:00:00 PM,7/10/2026 8:00:00 AM,MID_ATLANTIC_REGION,33084
7/9/2026 12:47:14 PM,7/9/2026 8:47:14 AM,7/10/2026 12:00:00 PM,7/10/2026 8:00:00 AM,7/10/2026 1:00:00 PM,7/10/2026 9:00:00 AM,MID_ATLANTIC_REGION,34986
7/9/2026 12:47:14 PM,7/9/2026 8:47:14 AM,7/10/2026 1:00:00 PM,7/10/2026 9:00:00 AM,7/10/2026 2:00:00 PM,7/10/2026 10:00:00 AM,MID_ATLANTIC_REGION,36761
7/9/2026 12:47:14 PM,7/9/2026 8:47:14 AM,7/10/2026 2:00:00 PM,7/10/2026 10:00:00 AM,7/10/2026 3:00:00 PM,7/10/2026 11:00:00 AM,MID_ATLANTIC_REGION,38821
7/9/2026 12:47:14 PM,7/9/2026 8:47:14 AM,7/10/2026 3:00:00 PM,7/10/2026 11:00:00 AM,7/10/2026 4:00:00 PM,7/10/2026 12:00:00 PM,MID_ATLANTIC_REGION,40877
7/9/2026 12:47:14 PM,7/9/2026 8:47:14 AM,7/10/2026 4:00:00 PM,7/10/2026 12:00:00 PM,7/10/2026 5:00:00 PM,7/10/2026 1:00:00 PM,MID_ATLANTIC_REGION,42766
7/9/2026 12:47:14 PM,7/9/2026 8:47:14 AM,7/10/2026 5:00:00 PM,7/10/2026 1:00:00 PM,7/10/2026 6:00:00 PM,7/10/2026 2:00:00 PM,MID_ATLANTIC_REGION,44471
7/9/2026 12:47:14 PM,7/9/2026 8:47:14 AM,7/10/2026 6:00:00 PM,7/10/2026 2:00:00 PM,7/10/2026 7:00:00 PM,7/10/2026 3:00:00 PM,MID_ATLANTIC_REGION,45630
7/9/2026 12:47:14 PM,7/9/2026 8:47:14 AM,7/10/2026 7:00:00 PM,7/10/2026 3:00:00 PM,7/10/2026 8:00:00 PM,7/10/2026 4:00:00 PM,MID_ATLANTIC_REGION,46420
7/9/2026 12:47:14 PM,7/9/2026 8:47:14 AM,7/10/2026 8:00:00 PM,7/10/2026 4:00:00 PM,7/10/2026 9:00:00 PM,7/10/2026 5:00:00 PM,MID_ATLANTIC_REGION,46944
7/9/2026 12:47:14 PM,7/9/2026 8:47:14 AM,7/10/2026 9:00:00 PM,7/10/2026 5:00:00 PM,7/10/2026 10:00:00 PM,7/10/2026 6:00:00 PM,MID_ATLANTIC_REGION,47004
7/9/2026 12:47:14 PM,7/9/2026 8:47:14 AM,7/10/2026 10:00:00 PM,7/10/2026 6:00:00 PM,7/10/2026 11:00:00 PM,7/10/2026 7:00:00 PM,MID_ATLANTIC_REGION,45908
7/9/2026 12:47:14 PM,7/9/2026 8:47:14 AM,7/10/2026 11:00:00 PM,7/10/2026 7:00:00 PM,7/11/2026 12:00:00 AM,7/10/2026 8:00:00 PM,MID_ATLANTIC_REGION,44250
7/9/2026 12:47:14 PM,7/9/2026 8:47:14 AM,7/11/2026 12:00:00 AM,7/10/2026 8:00:00 PM,7/11/2026 1:00:00 AM,7/10/2026 9:00:00 PM,MID_ATLANTIC_REGION,42326
7/9/2026 12:47:14 PM,7/9/2026 8:47:14 AM,7/11/2026 1:00:00 AM,7/10/2026 9:00:00 PM,7/11/2026 2:00:00 AM,7/10/2026 10:00:00 PM,MID_ATLANTIC_REGION,40621
7/9/2026 12:47:14 PM,7/9/2026 8:47:14 AM,7/11/2026 2:00:00 AM,7/10/2026 10:00:00 PM,7/11/2026 3:00:00 AM,7/10/2026 11:00:00 PM,MID_ATLANTIC_REGION,38045
7/9/2026 12:47:14 PM,7/9/2026 8:47:14 AM,7/11/2026 3:00:00 AM,7/10/2026 11:00:00 PM,7/11/2026 4:00:00 AM,7/11/2026 12:00:00 AM,MID_ATLANTIC_REGION,35307
7/9/2026 12:47:14 PM,7/9/2026 8:47:14 AM,7/11/2026 4:00:00 AM,7/11/2026 12:00:00 AM,7/11/2026 5:00:00 AM,7/11/2026 1:00:00 AM,MID_ATLANTIC_REGION,33350
7/9/2026 12:47:14 PM,7/9/2026 8:47:14 AM,7/11/2026 5:00:00 AM,7/11/2026 1:00:00 AM,7/11/2026 6:00:00 AM,7/11/2026 2:00:00 AM,MID_ATLANTIC_REGION,31390
7/9/2026 12:47:14 PM,7/9/2026 8:47:14 AM,7/11/2026 6:00:00 AM,7/11/2026 2:00:00 AM,7/11/2026 7:00:00 AM,7/11/2026 3:00:00 AM,MID_ATLANTIC_REGION,29923
7/9/2026 12:47:14 PM,7/9/2026 8:47:14 AM,7/11/2026 7:00:00 AM,7/11/2026 3:00:00 AM,7/11/2026 8:00:00 AM,7/11/2026 4:00:00 AM,MID_ATLANTIC_REGION,28914
7/9/2026 12:47:14 PM,7/9/2026 8:47:14 AM,7/11/2026 8:00:00 AM,7/11/2026 4:00:00 AM,7/11/2026 9:00:00 AM,7/11/2026 5:00:00 AM,MID_ATLANTIC_REGION,28308
7/9/2026 12:47:14 PM,7/9/2026 8:47:14 AM,7/11/2026 9:00:00 AM,7/11/2026 5:00:00 AM,7/11/2026 10:00:00 AM,7/11/2026 6:00:00 AM,MID_ATLANTIC_REGION,28231
7/9/2026 12:47:14 PM,7/9/2026 8:47:14 AM,7/11/2026 10:00:00 AM,7/11/2026 6:00:00 AM,7/11/2026 11:00:00 AM,7/11/2026 7:00:00 AM,MID_ATLANTIC_REGION,28402
7/9/2026 12:47:14 PM,7/9/2026 8:47:14 AM,7/11/2026 11:00:00 AM,7/11/2026 7:00:00 AM,7/11/2026 12:00:00 PM,7/11/2026 8:00:00 AM,MID_ATLANTIC_REGION,29591
7/9/2026 12:47:14 PM,7/9/2026 8:47:14 AM,7/11/2026 12:00:00 PM,7/11/2026 8:00:00 AM,7/11/2026 1:00:00 PM,7/11/2026 9:00:00 AM,MID_ATLANTIC_REGION,31583
7/9/2026 12:47:14 PM,7/9/2026 8:47:14 AM,7/11/2026 1:00:00 PM,7/11/2026 9:00:00 AM,7/11/2026 2:00:00 PM,7/11/2026 10:00:00 AM,MID_ATLANTIC_REGION,33535
7/9/2026 12:47:14 PM,7/9/2026 8:47:14 AM,7/11/2026 2:00:00 PM,7/11/2026 10:00:00 AM,7/11/2026 3:00:00 PM,7/11/2026 11:00:00 AM,MID_ATLANTIC_REGION,35539
7/9/2026 12:47:14 PM,7/9/2026 8:47:14 AM,7/11/2026 3:00:00 PM,7/11/2026 11:00:00 AM,7/11/2026 4:00:00 PM,7/11/2026 12:00:00 PM,MID_ATLANTIC_REGION,37292
7/9/2026 12:47:14 PM,7/9/2026 8:47:14 AM,7/11/2026 4:00:00 PM,7/11/2026 12:00:00 PM,7/11/2026 5:00:00 PM,7/11/2026 1:00:00 PM,MID_ATLANTIC_REGION,38860
7/9/2026 12:47:14 PM,7/9/2026 8:47:14 AM,7/11/2026 5:00:00 PM,7/11/2026 1:00:00 PM,7/11/2026 6:00:00 PM,7/11/2026 2:00:00 PM,MID_ATLANTIC_REGION,39975
7/9/2026 12:47:14 PM,7/9/2026 8:47:14 AM,7/11/2026 6:00:00 PM,7/11/2026 2:00:00 PM,7/11/2026 7:00:00 PM,7/11/2026 3:00:00 PM,MID_ATLANTIC_REGION,40712
7/9/2026 12:47:14 PM,7/9/2026 8:47:14 AM,7/11/2026 7:00:00 PM,7/11/2026 3:00:00 PM,7/11/2026 8:00:00 PM,7/11/2026 4:00:00 PM,MID_ATLANTIC_REGION,41292
7/9/2026 12:47:14 PM,7/9/2026 8:47:14 AM,7/11/2026 8:00:00 PM,7/11/2026 4:00:00 PM,7/11/2026 9:00:00 PM,7/11/2026 5:00:00 PM,MID_ATLANTIC_REGION,41806
7/9/2026 12:47:14 PM,7/9/2026 8:47:14 AM,7/11/2026 9:00:00 PM,7/11/2026 5:00:00 PM,7/11/2026 10:00:00 PM,7/11/2026 6:00:00 PM,MID_ATLANTIC_REGION,41942
7/9/2026 12:47:14 PM,7/9/2026 8:47:14 AM,7/11/2026 10:00:00 PM,7/11/2026 6:00:00 PM,7/11/2026 11:00:00 PM,7/11/2026 7:00:00 PM,MID_ATLANTIC_REGION,41311
7/9/2026 12:47:14 PM,7/9/2026 8:47:14 AM,7/11/2026 11:00:00 PM,7/11/2026 7:00:00 PM,7/12/2026 12:00:00 AM,7/11/2026 8:00:00 PM,MID_ATLANTIC_REGION,40181
7/9/2026 12:47:14 PM,7/9/2026 8:47:14 AM,7/12/2026 12:00:00 AM,7/11/2026 8:00:00 PM,7/12/2026 1:00:00 AM,7/11/2026 9:00:00 PM,MID_ATLANTIC_REGION,38914
7/9/2026 12:47:14 PM,7/9/2026 8:47:14 AM,7/12/2026 1:00:00 AM,7/11/2026 9:00:00 PM,7/12/2026 2:00:00 AM,7/11/2026 10:00:00 PM,MID_ATLANTIC_REGION,37652
7/9/2026 12:47:14 PM,7/9/2026 8:47:14 AM,7/12/2026 2:00:00 AM,7/11/2026 10:00:00 PM,7/12/2026 3:00:00 AM,7/11/2026 11:00:00 PM,MID_ATLANTIC_REGION,35591
7/9/2026 12:47:14 PM,7/9/2026 8:47:14 AM,7/12/2026 3:00:00 AM,7/11/2026 11:00:00 PM,7/12/2026 4:00:00 AM,7/12/2026 12:00:00 AM,MID_ATLANTIC_REGION,33193
7/9/2026 12:47:14 PM,7/9/2026 8:47:14 AM,7/12/2026 4:00:00 AM,7/12/2026 12:00:00 AM,7/12/2026 5:00:00 AM,7/12/2026 1:00:00 AM,MID_ATLANTIC_REGION,30370
7/9/2026 12:47:14 PM,7/9/2026 8:47:14 AM,7/12/2026 5:00:00 AM,7/12/2026 1:00:00 AM,7/12/2026 6:00:00 AM,7/12/2026 2:00:00 AM,MID_ATLANTIC_REGION,28658
7/9/2026 12:47:14 PM,7/9/2026 8:47:14 AM,7/12/2026 6:00:00 AM,7/12/2026 2:00:00 AM,7/12/2026 7:00:00 AM,7/12/2026 3:00:00 AM,MID_ATLANTIC_REGION,27348
7/9/2026 12:47:14 PM,7/9/2026 8:47:14 AM,7/12/2026 7:00:00 AM,7/12/2026 3:00:00 AM,7/12/2026 8:00:00 AM,7/12/2026 4:00:00 AM,MID_ATLANTIC_REGION,26369
7/9/2026 12:47:14 PM,7/9/2026 8:47:14 AM,7/12/2026 8:00:00 AM,7/12/2026 4:00:00 AM,7/12/2026 9:00:00 AM,7/12/2026 5:00:00 AM,MID_ATLANTIC_REGION,25883
7/9/2026 12:47:14 PM,7/9/2026 8:47:14 AM,7/12/2026 9:00:00 AM,7/12/2026 5:00:00 AM,7/12/2026 10:00:00 AM,7/12/2026 6:00:00 AM,MID_ATLANTIC_REGION,25643
7/9/2026 12:47:14 PM,7/9/2026 8:47:14 AM,7/12/2026 10:00:00 AM,7/12/2026 6:00:00 AM,7/12/2026 11:00:00 AM,7/12/2026 7:00:00 AM,MID_ATLANTIC_REGION,25697
7/9/2026 12:47:14 PM,7/9/2026 8:47:14 AM,7/12/2026 11:00:00 AM,7/12/2026 7:00:00 AM,7/12/2026 12:00:00 PM,7/12/2026 8:00:00 AM,MID_ATLANTIC_REGION,26597
7/9/2026 12:47:14 PM,7/9/2026 8:47:14 AM,7/12/2026 12:00:00 PM,7/12/2026 8:00:00 AM,7/12/2026 1:00:00 PM,7/12/2026 9:00:00 AM,MID_ATLANTIC_REGION,28242
7/9/2026 12:47:14 PM,7/9/2026 8:47:14 AM,7/12/2026 1:00:00 PM,7/12/2026 9:00:00 AM,7/12/2026 2:00:00 PM,7/12/2026 10:00:00 AM,MID_ATLANTIC_REGION,30058
7/9/2026 12:47:14 PM,7/9/2026 8:47:14 AM,7/12/2026 2:00:00 PM,7/12/2026 10:00:00 AM,7/12/2026 3:00:00 PM,7/12/2026 11:00:00 AM,MID_ATLANTIC_REGION,31952
7/9/2026 12:47:14 PM,7/9/2026 8:47:14 AM,7/12/2026 3:00:00 PM,7/12/2026 11:00:00 AM,7/12/2026 4:00:00 PM,7/12/2026 12:00:00 PM,MID_ATLANTIC_REGION,33837
7/9/2026 12:47:14 PM,7/9/2026 8:47:14 AM,7/12/2026 4:00:00 PM,7/12/2026 12:00:00 PM,7/12/2026 5:00:00 PM,7/12/2026 1:00:00 PM,MID_ATLANTIC_REGION,35578
7/9/2026 12:47:14 PM,7/9/2026 8:47:14 AM,7/12/2026 5:00:00 PM,7/12/2026 1:00:00 PM,7/12/2026 6:00:00 PM,7/12/2026 2:00:00 PM,MID_ATLANTIC_REGION,37097
7/9/2026 12:47:14 PM,7/9/2026 8:47:14 AM,7/12/2026 6:00:00 PM,7/12/2026 2:00:00 PM,7/12/2026 7:00:00 PM,7/12/2026 3:00:00 PM,MID_ATLANTIC_REGION,38362
7/9/2026 12:47:14 PM,7/9/2026 8:47:14 AM,7/12/2026 7:00:00 PM,7/12/2026 3:00:00 PM,7/12/2026 8:00:00 PM,7/12/2026 4:00:00 PM,MID_ATLANTIC_REGION,39664
7/9/2026 12:47:14 PM,7/9/2026 8:47:14 AM,7/12/2026 8:00:00 PM,7/12/2026 4:00:00 PM,7/12/2026 9:00:00 PM,7/12/2026 5:00:00 PM,MID_ATLANTIC_REGION,40822
7/9/2026 12:47:14 PM,7/9/2026 8:47:14 AM,7/12/2026 9:00:00 PM,7/12/2026 5:00:00 PM,7/12/2026 10:00:00 PM,7/12/2026 6:00:00 PM,MID_ATLANTIC_REGION,41622
7/9/2026 12:47:14 PM,7/9/2026 8:47:14 AM,7/12/2026 10:00:00 PM,7/12/2026 6:00:00 PM,7/12/2026 11:00:00 PM,7/12/2026 7:00:00 PM,MID_ATLANTIC_REGION,41322
7/9/2026 12:47:14 PM,7/9/2026 8:47:14 AM,7/12/2026 11:00:00 PM,7/12/2026 7:00:00 PM,7/13/2026 12:00:00 AM,7/12/2026 8:00:00 PM,MID_ATLANTIC_REGION,40325
7/9/2026 12:47:14 PM,7/9/2026 8:47:14 AM,7/13/2026 12:00:00 AM,7/12/2026 8:00:00 PM,7/13/2026 1:00:00 AM,7/12/2026 9:00:00 PM,MID_ATLANTIC_REGION,39109
7/9/2026 12:47:14 PM,7/9/2026 8:47:14 AM,7/13/2026 1:00:00 AM,7/12/2026 9:00:00 PM,7/13/2026 2:00:00 AM,7/12/2026 10:00:00 PM,MID_ATLANTIC_REGION,37700
7/9/2026 12:47:14 PM,7/9/2026 8:47:14 AM,7/13/2026 2:00:00 AM,7/12/2026 10:00:00 PM,7/13/2026 3:00:00 AM,7/12/2026 11:00:00 PM,MID_ATLANTIC_REGION,35257
7/9/2026 12:47:14 PM,7/9/2026 8:47:14 AM,7/13/2026 3:00:00 AM,7/12/2026 11:00:00 PM,7/13/2026 4:00:00 AM,7/13/2026 12:00:00 AM,MID_ATLANTIC_REGION,32677
7/9/2026 12:47:14 PM,7/9/2026 8:47:14 AM,7/13/2026 4:00:00 AM,7/13/2026 12:00:00 AM,7/13/2026 5:00:00 AM,7/13/2026 1:00:00 AM,MID_ATLANTIC_REGION,29854
7/9/2026 12:47:14 PM,7/9/2026 8:47:14 AM,7/13/2026 5:00:00 AM,7/13/2026 1:00:00 AM,7/13/2026 6:00:00 AM,7/13/2026 2:00:00 AM,MID_ATLANTIC_REGION,28157
7/9/2026 12:47:14 PM,7/9/2026 8:47:14 AM,7/13/2026 6:00:00 AM,7/13/2026 2:00:00 AM,7/13/2026 7:00:00 AM,7/13/2026 3:00:00 AM,MID_ATLANTIC_REGION,27070
7/9/2026 12:47:14 PM,7/9/2026 8:47:14 AM,7/13/2026 7:00:00 AM,7/13/2026 3:00:00 AM,7/13/2026 8:00:00 AM,7/13/2026 4:00:00 AM,MID_ATLANTIC_REGION,26461
7/9/2026 12:47:14 PM,7/9/2026 8:47:14 AM,7/13/2026 8:00:00 AM,7/13/2026 4:00:00 AM,7/13/2026 9:00:00 AM,7/13/2026 5:00:00 AM,MID_ATLANTIC_REGION,26514
7/9/2026 12:47:14 PM,7/9/2026 8:47:14 AM,7/13/2026 9:00:00 AM,7/13/2026 5:00:00 AM,7/13/2026 10:00:00 AM,7/13/2026 6:00:00 AM,MID_ATLANTIC_REGION,27468
7/9/2026 12:47:14 PM,7/9/2026 8:47:14 AM,7/13/2026 10:00:00 AM,7/13/2026 6:00:00 AM,7/13/2026 11:00:00 AM,7/13/2026 7:00:00 AM,MID_ATLANTIC_REGION,29026
7/9/2026 12:47:14 PM,7/9/2026 8:47:14 AM,7/13/2026 11:00:00 AM,7/13/2026 7:00:00 AM,7/13/2026 12:00:00 PM,7/13/2026 8:00:00 AM,MID_ATLANTIC_REGION,30748
7/9/2026 12:47:14 PM,7/9/2026 8:47:14 AM,7/13/2026 12:00:00 PM,7/13/2026 8:00:00 AM,7/13/2026 1:00:00 PM,7/13/2026 9:00:00 AM,MID_ATLANTIC_REGION,32269
7/9/2026 12:47:14 PM,7/9/2026 8:47:14 AM,7/13/2026 1:00:00 PM,7/13/2026 9:00:00 AM,7/13/2026 2:00:00 PM,7/13/2026 10:00:00 AM,MID_ATLANTIC_REGION,33549
7/9/2026 12:47:14 PM,7/9/2026 8:47:14 AM,7/13/2026 2:00:00 PM,7/13/2026 10:00:00 AM,7/13/2026 3:00:00 PM,7/13/2026 11:00:00 AM,MID_ATLANTIC_REGION,35058
7/9/2026 12:47:14 PM,7/9/2026 8:47:14 AM,7/13/2026 3:00:00 PM,7/13/2026 11:00:00 AM,7/13/2026 4:00:00 PM,7/13/2026 12:00:00 PM,MID_ATLANTIC_REGION,36701
7/9/2026 12:47:14 PM,7/9/2026 8:47:14 AM,7/13/2026 4:00:00 PM,7/13/2026 12:00:00 PM,7/13/2026 5:00:00 PM,7/13/2026 1:00:00 PM,MID_ATLANTIC_REGION,38293
7/9/2026 12:47:14 PM,7/9/2026 8:47:14 AM,7/13/2026 5:00:00 PM,7/13/2026 1:00:00 PM,7/13/2026 6:00:00 PM,7/13/2026 2:00:00 PM,MID_ATLANTIC_REGION,40006
7/9/2026 12:47:14 PM,7/9/2026 8:47:14 AM,7/13/2026 6:00:00 PM,7/13/2026 2:00:00 PM,7/13/2026 7:00:00 PM,7/13/2026 3:00:00 PM,MID_ATLANTIC_REGION,41371
7/9/2026 12:47:14 PM,7/9/2026 8:47:14 AM,7/13/2026 7:00:00 PM,7/13/2026 3:00:00 PM,7/13/2026 8:00:00 PM,7/13/2026 4:00:00 PM,MID_ATLANTIC_REGION,42587
7/9/2026 12:47:14 PM,7/9/2026 8:47:14 AM,7/13/2026 8:00:00 PM,7/13/2026 4:00:00 PM,7/13/2026 9:00:00 PM,7/13/2026 5:00:00 PM,MID_ATLANTIC_REGION,43645
7/9/2026 12:47:14 PM,7/9/2026 8:47:14 AM,7/13/2026 9:00:00 PM,7/13/2026 5:00:00 PM,7/13/2026 10:00:00 PM,7/13/2026 6:00:00 PM,MID_ATLANTIC_REGION,44070
7/9/2026 12:47:14 PM,7/9/2026 8:47:14 AM,7/13/2026 10:00:00 PM,7/13/2026 6:00:00 PM,7/13/2026 11:00:00 PM,7/13/2026 7:00:00 PM,MID_ATLANTIC_REGION,43214
7/9/2026 12:47:14 PM,7/9/2026 8:47:14 AM,7/13/2026 11:00:00 PM,7/13/2026 7:00:00 PM,7/14/2026 12:00:00 AM,7/13/2026 8:00:00 PM,MID_ATLANTIC_REGION,41792
7/9/2026 12:47:14 PM,7/9/2026 8:47:14 AM,7/14/2026 12:00:00 AM,7/13/2026 8:00:00 PM,7/14/2026 1:00:00 AM,7/13/2026 9:00:00 PM,MID_ATLANTIC_REGION,40154
7/9/2026 12:47:14 PM,7/9/2026 8:47:14 AM,7/14/2026 1:00:00 AM,7/13/2026 9:00:00 PM,7/14/2026 2:00:00 AM,7/13/2026 10:00:00 PM,MID_ATLANTIC_REGION,38313
7/9/2026 12:47:14 PM,7/9/2026 8:47:14 AM,7/14/2026 2:00:00 AM,7/13/2026 10:00:00 PM,7/14/2026 3:00:00 AM,7/13/2026 11:00:00 PM,MID_ATLANTIC_REGION,35498
7/9/2026 12:47:14 PM,7/9/2026 8:47:14 AM,7/14/2026 3:00:00 AM,7/13/2026 11:00:00 PM,7/14/2026 4:00:00 AM,7/14/2026 12:00:00 AM,MID_ATLANTIC_REGION,32630
7/9/2026 12:47:14 PM,7/9/2026 8:47:14 AM,7/14/2026 4:00:00 AM,7/14/2026 12:00:00 AM,7/14/2026 5:00:00 AM,7/14/2026 1:00:00 AM,MID_ATLANTIC_REGION,30119
7/9/2026 12:47:14 PM,7/9/2026 8:47:14 AM,7/14/2026 5:00:00 AM,7/14/2026 1:00:00 AM,7/14/2026 6:00:00 AM,7/14/2026 2:00:00 AM,MID_ATLANTIC_REGION,28320
7/9/2026 12:47:14 PM,7/9/2026 8:47:14 AM,7/14/2026 6:00:00 AM,7/14/2026 2:00:00 AM,7/14/2026 7:00:00 AM,7/14/2026 3:00:00 AM,MID_ATLANTIC_REGION,27131
7/9/2026 12:47:14 PM,7/9/2026 8:47:14 AM,7/14/2026 7:00:00 AM,7/14/2026 3:00:00 AM,7/14/2026 8:00:00 AM,7/14/2026 4:00:00 AM,MID_ATLANTIC_REGION,26379
7/9/2026 12:47:14 PM,7/9/2026 8:47:14 AM,7/14/2026 8:00:00 AM,7/14/2026 4:00:00 AM,7/14/2026 9:00:00 AM,7/14/2026 5:00:00 AM,MID_ATLANTIC_REGION,26314
7/9/2026 12:47:14 PM,7/9/2026 8:47:14 AM,7/14/2026 9:00:00 AM,7/14/2026 5:00:00 AM,7/14/2026 10:00:00 AM,7/14/2026 6:00:00 AM,MID_ATLANTIC_REGION,27187
7/9/2026 12:47:14 PM,7/9/2026 8:47:14 AM,7/14/2026 10:00:00 AM,7/14/2026 6:00:00 AM,7/14/2026 11:00:00 AM,7/14/2026 7:00:00 AM,MID_ATLANTIC_REGION,28779
7/9/2026 12:47:14 PM,7/9/2026 8:47:14 AM,7/14/2026 11:00:00 AM,7/14/2026 7:00:00 AM,7/14/2026 12:00:00 PM,7/14/2026 8:00:00 AM,MID_ATLANTIC_REGION,30643
7/9/2026 12:47:14 PM,7/9/2026 8:47:14 AM,7/14/2026 12:00:00 PM,7/14/2026 8:00:00 AM,7/14/2026 1:00:00 PM,7/14/2026 9:00:00 AM,MID_ATLANTIC_REGION,32375
7/9/2026 12:47:14 PM,7/9/2026 8:47:14 AM,7/14/2026 1:00:00 PM,7/14/2026 9:00:00 AM,7/14/2026 2:00:00 PM,7/14/2026 10:00:00 AM,MID_ATLANTIC_REGION,33945
7/9/2026 12:47:14 PM,7/9/2026 8:47:14 AM,7/14/2026 2:00:00 PM,7/14/2026 10:00:00 AM,7/14/2026 3:00:00 PM,7/14/2026 11:00:00 AM,MID_ATLANTIC_REGION,35804
7/9/2026 12:47:14 PM,7/9/2026 8:47:14 AM,7/14/2026 3:00:00 PM,7/14/2026 11:00:00 AM,7/14/2026 4:00:00 PM,7/14/2026 12:00:00 PM,MID_ATLANTIC_REGION,37796
7/9/2026 12:47:14 PM,7/9/2026 8:47:14 AM,7/14/2026 4:00:00 PM,7/14/2026 12:00:00 PM,7/14/2026 5:00:00 PM,7/14/2026 1:00:00 PM,MID_ATLANTIC_REGION,39842
7/9/2026 12:47:14 PM,7/9/2026 8:47:14 AM,7/14/2026 5:00:00 PM,7/14/2026 1:00:00 PM,7/14/2026 6:00:00 PM,7/14/2026 2:00:00 PM,MID_ATLANTIC_REGION,41878
7/9/2026 12:47:14 PM,7/9/2026 8:47:14 AM,7/14/2026 6:00:00 PM,7/14/2026 2:00:00 PM,7/14/2026 7:00:00 PM,7/14/2026 3:00:00 PM,MID_ATLANTIC_REGION,43616
7/9/2026 12:47:14 PM,7/9/2026 8:47:14 AM,7/14/2026 7:00:00 PM,7/14/2026 3:00:00 PM,7/14/2026 8:00:00 PM,7/14/2026 4:00:00 PM,MID_ATLANTIC_REGION,45339
7/9/2026 12:47:14 PM,7/9/2026 8:47:14 AM,7/14/2026 8:00:00 PM,7/14/2026 4:00:00 PM,7/14/2026 9:00:00 PM,7/14/2026 5:00:00 PM,MID_ATLANTIC_REGION,46916
7/9/2026 12:47:14 PM,7/9/2026 8:47:14 AM,7/14/2026 9:00:00 PM,7/14/2026 5:00:00 PM,7/14/2026 10:00:00 PM,7/14/2026 6:00:00 PM,MID_ATLANTIC_REGION,47887
7/9/2026 12:47:14 PM,7/9/2026 8:47:14 AM,7/14/2026 10:00:00 PM,7/14/2026 6:00:00 PM,7/14/2026 11:00:00 PM,7/14/2026 7:00:00 PM,MID_ATLANTIC_REGION,47447
7/9/2026 12:47:14 PM,7/9/2026 8:47:14 AM,7/14/2026 11:00:00 PM,7/14/2026 7:00:00 PM,7/15/2026 12:00:00 AM,7/14/2026 8:00:00 PM,MID_ATLANTIC_REGION,45899
7/9/2026 12:47:14 PM,7/9/2026 8:47:14 AM,7/15/2026 12:00:00 AM,7/14/2026 8:00:00 PM,7/15/2026 1:00:00 AM,7/14/2026 9:00:00 PM,MID_ATLANTIC_REGION,44021
7/9/2026 12:47:14 PM,7/9/2026 8:47:14 AM,7/15/2026 1:00:00 AM,7/14/2026 9:00:00 PM,7/15/2026 2:00:00 AM,7/14/2026 10:00:00 PM,MID_ATLANTIC_REGION,41884
7/9/2026 12:47:14 PM,7/9/2026 8:47:14 AM,7/15/2026 2:00:00 AM,7/14/2026 10:00:00 PM,7/15/2026 3:00:00 AM,7/14/2026 11:00:00 PM,MID_ATLANTIC_REGION,38732
7/9/2026 12:47:14 PM,7/9/2026 8:47:14 AM,7/15/2026 3:00:00 AM,7/14/2026 11:00:00 PM,7/15/2026 4:00:00 AM,7/15/2026 12:00:00 AM,MID_ATLANTIC_REGION,35537
7/9/2026 12:47:14 PM,7/9/2026 8:47:14 AM,7/15/2026 4:00:00 AM,7/15/2026 12:00:00 AM,7/15/2026 5:00:00 AM,7/15/2026 1:00:00 AM,MID_ATLANTIC_REGION,33283
7/9/2026 12:47:14 PM,7/9/2026 8:47:14 AM,7/15/2026 5:00:00 AM,7/15/2026 1:00:00 AM,7/15/2026 6:00:00 AM,7/15/2026 2:00:00 AM,MID_ATLANTIC_REGION,31379
7/9/2026 12:47:14 PM,7/9/2026 8:47:14 AM,7/15/2026 6:00:00 AM,7/15/2026 2:00:00 AM,7/15/2026 7:00:00 AM,7/15/2026 3:00:00 AM,MID_ATLANTIC_REGION,29975
7/9/2026 12:47:14 PM,7/9/2026 8:47:14 AM,7/15/2026 7:00:00 AM,7/15/2026 3:00:00 AM,7/15/2026 8:00:00 AM,7/15/2026 4:00:00 AM,MID_ATLANTIC_REGION,29226
7/9/2026 12:47:14 PM,7/9/2026 8:47:14 AM,7/15/2026 8:00:00 AM,7/15/2026 4:00:00 AM,7/15/2026 9:00:00 AM,7/15/2026 5:00:00 AM,MID_ATLANTIC_REGION,29118
7/9/2026 12:47:14 PM,7/9/2026 8:47:14 AM,7/15/2026 9:00:00 AM,7/15/2026 5:00:00 AM,7/15/2026 10:00:00 AM,7/15/2026 6:00:00 AM,MID_ATLANTIC_REGION,30067
7/9/2026 12:47:14 PM,7/9/2026 8:47:14 AM,7/15/2026 10:00:00 AM,7/15/2026 6:00:00 AM,7/15/2026 11:00:00 AM,7/15/2026 7:00:00 AM,MID_ATLANTIC_REGION,31693
7/9/2026 12:47:14 PM,7/9/2026 8:47:14 AM,7/15/2026 11:00:00 AM,7/15/2026 7:00:00 AM,7/15/2026 12:00:00 PM,7/15/2026 8:00:00 AM,MID_ATLANTIC_REGION,33952
7/9/2026 12:47:14 PM,7/9/2026 8:47:14 AM,7/15/2026 12:00:00 PM,7/15/2026 8:00:00 AM,7/15/2026 1:00:00 PM,7/15/2026 9:00:00 AM,MID_ATLANTIC_REGION,36155
7/9/2026 12:47:14 PM,7/9/2026 8:47:14 AM,7/15/2026 1:00:00 PM,7/15/2026 9:00:00 AM,7/15/2026 2:00:00 PM,7/15/2026 10:00:00 AM,MID_ATLANTIC_REGION,38431
7/9/2026 12:47:14 PM,7/9/2026 8:47:14 AM,7/15/2026 2:00:00 PM,7/15/2026 10:00:00 AM,7/15/2026 3:00:00 PM,7/15/2026 11:00:00 AM,MID_ATLANTIC_REGION,40872
7/9/2026 12:47:14 PM,7/9/2026 8:47:14 AM,7/15/2026 3:00:00 PM,7/15/2026 11:00:00 AM,7/15/2026 4:00:00 PM,7/15/2026 12:00:00 PM,MID_ATLANTIC_REGION,43623
7/9/2026 12:47:14 PM,7/9/2026 8:47:14 AM,7/15/2026 4:00:00 PM,7/15/2026 12:00:00 PM,7/15/2026 5:00:00 PM,7/15/2026 1:00:00 PM,MID_ATLANTIC_REGION,46143
7/9/2026 12:47:14 PM,7/9/2026 8:47:14 AM,7/15/2026 5:00:00 PM,7/15/2026 1:00:00 PM,7/15/2026 6:00:00 PM,7/15/2026 2:00:00 PM,MID_ATLANTIC_REGION,48463
7/9/2026 12:47:14 PM,7/9/2026 8:47:14 AM,7/15/2026 6:00:00 PM,7/15/2026 2:00:00 PM,7/15/2026 7:00:00 PM,7/15/2026 3:00:00 PM,MID_ATLANTIC_REGION,50407
7/9/2026 12:47:14 PM,7/9/2026 8:47:14 AM,7/15/2026 7:00:00 PM,7/15/2026 3:00:00 PM,7/15/2026 8:00:00 PM,7/15/2026 4:00:00 PM,MID_ATLANTIC_REGION,52152
7/9/2026 12:47:14 PM,7/9/2026 8:47:14 AM,7/15/2026 8:00:00 PM,7/15/2026 4:00:00 PM,7/15/2026 9:00:00 PM,7/15/2026 5:00:00 PM,MID_ATLANTIC_REGION,53615
7/9/2026 12:47:14 PM,7/9/2026 8:47:14 AM,7/15/2026 9:00:00 PM,7/15/2026 5:00:00 PM,7/15/2026 10:00:00 PM,7/15/2026 6:00:00 PM,MID_ATLANTIC_REGION,54365
7/9/2026 12:47:14 PM,7/9/2026 8:47:14 AM,7/15/2026 10:00:00 PM,7/15/2026 6:00:00 PM,7/15/2026 11:00:00 PM,7/15/2026 7:00:00 PM,MID_ATLANTIC_REGION,53976
7/9/2026 12:47:14 PM,7/9/2026 8:47:14 AM,7/15/2026 11:00:00 PM,7/15/2026 7:00:00 PM,7/16/2026 12:00:00 AM,7/15/2026 8:00:00 PM,MID_ATLANTIC_REGION,52397
7/9/2026 12:47:14 PM,7/9/2026 8:47:14 AM,7/16/2026 12:00:00 AM,7/15/2026 8:00:00 PM,7/16/2026 1:00:00 AM,7/15/2026 9:00:00 PM,MID_ATLANTIC_REGION,50248
7/9/2026 12:47:14 PM,7/9/2026 8:47:14 AM,7/16/2026 1:00:00 AM,7/15/2026 9:00:00 PM,7/16/2026 2:00:00 AM,7/15/2026 10:00:00 PM,MID_ATLANTIC_REGION,48073
7/9/2026 12:47:14 PM,7/9/2026 8:47:14 AM,7/16/2026 2:00:00 AM,7/15/2026 10:00:00 PM,7/16/2026 3:00:00 AM,7/15/2026 11:00:00 PM,MID_ATLANTIC_REGION,44566
7/9/2026 12:47:14 PM,7/9/2026 8:47:14 AM,7/16/2026 3:00:00 AM,7/15/2026 11:00:00 PM,7/16/2026 4:00:00 AM,7/16/2026 12:00:00 AM,MID_ATLANTIC_REGION,41008
7/9/2026 12:47:14 PM,7/9/2026 8:47:14 AM,7/9/2026 4:00:00 AM,7/9/2026 12:00:00 AM,7/9/2026 5:00:00 AM,7/9/2026 1:00:00 AM,PECO/MIDATL,4636
7/9/2026 12:47:14 PM,7/9/2026 8:47:14 AM,7/9/2026 5:00:00 AM,7/9/2026 1:00:00 AM,7/9/2026 6:00:00 AM,7/9/2026 2:00:00 AM,PECO/MIDATL,4338
7/9/2026 12:47:14 PM,7/9/2026 8:47:14 AM,7/9/2026 6:00:00 AM,7/9/2026 2:00:00 AM,7/9/2026 7:00:00 AM,7/9/2026 3:00:00 AM,PECO/MIDATL,4172
7/9/2026 12:47:14 PM,7/9/2026 8:47:14 AM,7/9/2026 7:00:00 AM,7/9/2026 3:00:00 AM,7/9/2026 8:00:00 AM,7/9/2026 4:00:00 AM,PECO/MIDATL,4077
7/9/2026 12:47:14 PM,7/9/2026 8:47:14 AM,7/9/2026 8:00:00 AM,7/9/2026 4:00:00 AM,7/9/2026 9:00:00 AM,7/9/2026 5:00:00 AM,PECO/MIDATL,4047
7/9/2026 12:47:14 PM,7/9/2026 8:47:14 AM,7/9/2026 9:00:00 AM,7/9/2026 5:00:00 AM,7/9/2026 10:00:00 AM,7/9/2026 6:00:00 AM,PECO/MIDATL,4209
7/9/2026 12:47:14 PM,7/9/2026 8:47:14 AM,7/9/2026 10:00:00 AM,7/9/2026 6:00:00 AM,7/9/2026 11:00:00 AM,7/9/2026 7:00:00 AM,PECO/MIDATL,4465
7/9/2026 12:47:14 PM,7/9/2026 8:47:14 AM,7/9/2026 11:00:00 AM,7/9/2026 7:00:00 AM,7/9/2026 12:00:00 PM,7/9/2026 8:00:00 AM,PECO/MIDATL,4780
7/9/2026 12:47:14 PM,7/9/2026 8:47:14 AM,7/9/2026 12:00:00 PM,7/9/2026 8:00:00 AM,7/9/2026 1:00:00 PM,7/9/2026 9:00:00 AM,PECO/MIDATL,4978
7/9/2026 12:47:14 PM,7/9/2026 8:47:14 AM,7/9/2026 1:00:00 PM,7/9/2026 9:00:00 AM,7/9/2026 2:00:00 PM,7/9/2026 10:00:00 AM,PECO/MIDATL,5181
7/9/2026 12:47:14 PM,7/9/2026 8:47:14 AM,7/9/2026 2:00:00 PM,7/9/2026 10:00:00 AM,7/9/2026 3:00:00 PM,7/9/2026 11:00:00 AM,PECO/MIDATL,5391
7/9/2026 12:47:14 PM,7/9/2026 8:47:14 AM,7/9/2026 3:00:00 PM,7/9/2026 11:00:00 AM,7/9/2026 4:00:00 PM,7/9/2026 12:00:00 PM,PECO/MIDATL,5591
7/9/2026 12:47:14 PM,7/9/2026 8:47:14 AM,7/9/2026 4:00:00 PM,7/9/2026 12:00:00 PM,7/9/2026 5:00:00 PM,7/9/2026 1:00:00 PM,PECO/MIDATL,5764
7/9/2026 12:47:14 PM,7/9/2026 8:47:14 AM,7/9/2026 5:00:00 PM,7/9/2026 1:00:00 PM,7/9/2026 6:00:00 PM,7/9/2026 2:00:00 PM,PECO/MIDATL,5894
7/9/2026 12:47:14 PM,7/9/2026 8:47:14 AM,7/9/2026 6:00:00 PM,7/9/2026 2:00:00 PM,7/9/2026 7:00:00 PM,7/9/2026 3:00:00 PM,PECO/MIDATL,5993
7/9/2026 12:47:14 PM,7/9/2026 8:47:14 AM,7/9/2026 7:00:00 PM,7/9/2026 3:00:00 PM,7/9/2026 8:00:00 PM,7/9/2026 4:00:00 PM,PECO/MIDATL,6071
7/9/2026 12:47:14 PM,7/9/2026 8:47:14 AM,7/9/2026 8:00:00 PM,7/9/2026 4:00:00 PM,7/9/2026 9:00:00 PM,7/9/2026 5:00:00 PM,PECO/MIDATL,6126
7/9/2026 12:47:14 PM,7/9/2026 8:47:14 AM,7/9/2026 9:00:00 PM,7/9/2026 5:00:00 PM,7/9/2026 10:00:00 PM,7/9/2026 6:00:00 PM,PECO/MIDATL,6123
7/9/2026 12:47:14 PM,7/9/2026 8:47:14 AM,7/9/2026 10:00:00 PM,7/9/2026 6:00:00 PM,7/9/2026 11:00:00 PM,7/9/2026 7:00:00 PM,PECO/MIDATL,5996
7/9/2026 12:47:14 PM,7/9/2026 8:47:14 AM,7/9/2026 11:00:00 PM,7/9/2026 7:00:00 PM,7/10/2026 12:00:00 AM,7/9/2026 8:00:00 PM,PECO/MIDATL,5770
7/9/2026 12:47:14 PM,7/9/2026 8:47:14 AM,7/10/2026 12:00:00 AM,7/9/2026 8:00:00 PM,7/10/2026 1:00:00 AM,7/9/2026 9:00:00 PM,PECO/MIDATL,5570
7/9/2026 12:47:14 PM,7/9/2026 8:47:14 AM,7/10/2026 1:00:00 AM,7/9/2026 9:00:00 PM,7/10/2026 2:00:00 AM,7/9/2026 10:00:00 PM,PECO/MIDATL,5409
7/9/2026 12:47:14 PM,7/9/2026 8:47:14 AM,7/10/2026 2:00:00 AM,7/9/2026 10:00:00 PM,7/10/2026 3:00:00 AM,7/9/2026 11:00:00 PM,PECO/MIDATL,5067
7/9/2026 12:47:14 PM,7/9/2026 8:47:14 AM,7/10/2026 3:00:00 AM,7/9/2026 11:00:00 PM,7/10/2026 4:00:00 AM,7/10/2026 12:00:00 AM,PECO/MIDATL,4679
7/9/2026 12:47:14 PM,7/9/2026 8:47:14 AM,7/10/2026 4:00:00 AM,7/10/2026 12:00:00 AM,7/10/2026 5:00:00 AM,7/10/2026 1:00:00 AM,PECO/MIDATL,4633
7/9/2026 12:47:14 PM,7/9/2026 8:47:14 AM,7/10/2026 5:00:00 AM,7/10/2026 1:00:00 AM,7/10/2026 6:00:00 AM,7/10/2026 2:00:00 AM,PECO/MIDATL,4396
7/9/2026 12:47:14 PM,7/9/2026 8:47:14 AM,7/10/2026 6:00:00 AM,7/10/2026 2:00:00 AM,7/10/2026 7:00:00 AM,7/10/2026 3:00:00 AM,PECO/MIDATL,4234
7/9/2026 12:47:14 PM,7/9/2026 8:47:14 AM,7/10/2026 7:00:00 AM,7/10/2026 3:00:00 AM,7/10/2026 8:00:00 AM,7/10/2026 4:00:00 AM,PECO/MIDATL,4147
7/9/2026 12:47:14 PM,7/9/2026 8:47:14 AM,7/10/2026 8:00:00 AM,7/10/2026 4:00:00 AM,7/10/2026 9:00:00 AM,7/10/2026 5:00:00 AM,PECO/MIDATL,4150
7/9/2026 12:47:14 PM,7/9/2026 8:47:14 AM,7/10/2026 9:00:00 AM,7/10/2026 5:00:00 AM,7/10/2026 10:00:00 AM,7/10/2026 6:00:00 AM,PECO/MIDATL,4294
7/9/2026 12:47:14 PM,7/9/2026 8:47:14 AM,7/10/2026 10:00:00 AM,7/10/2026 6:00:00 AM,7/10/2026 11:00:00 AM,7/10/2026 7:00:00 AM,PECO/MIDATL,4526
7/9/2026 12:47:14 PM,7/9/2026 8:47:14 AM,7/10/2026 11:00:00 AM,7/10/2026 7:00:00 AM,7/10/2026 12:00:00 PM,7/10/2026 8:00:00 AM,PECO/MIDATL,4872
7/9/2026 12:47:14 PM,7/9/2026 8:47:14 AM,7/10/2026 12:00:00 PM,7/10/2026 8:00:00 AM,7/10/2026 1:00:00 PM,7/10/2026 9:00:00 AM,PECO/MIDATL,5227
7/9/2026 12:47:14 PM,7/9/2026 8:47:14 AM,7/10/2026 1:00:00 PM,7/10/2026 9:00:00 AM,7/10/2026 2:00:00 PM,7/10/2026 10:00:00 AM,PECO/MIDATL,5551
7/9/2026 12:47:14 PM,7/9/2026 8:47:14 AM,7/10/2026 2:00:00 PM,7/10/2026 10:00:00 AM,7/10/2026 3:00:00 PM,7/10/2026 11:00:00 AM,PECO/MIDATL,5895
7/9/2026 12:47:14 PM,7/9/2026 8:47:14 AM,7/10/2026 3:00:00 PM,7/10/2026 11:00:00 AM,7/10/2026 4:00:00 PM,7/10/2026 12:00:00 PM,PECO/MIDATL,6218
7/9/2026 12:47:14 PM,7/9/2026 8:47:14 AM,7/10/2026 4:00:00 PM,7/10/2026 12:00:00 PM,7/10/2026 5:00:00 PM,7/10/2026 1:00:00 PM,PECO/MIDATL,6493
7/9/2026 12:47:14 PM,7/9/2026 8:47:14 AM,7/10/2026 5:00:00 PM,7/10/2026 1:00:00 PM,7/10/2026 6:00:00 PM,7/10/2026 2:00:00 PM,PECO/MIDATL,6717
7/9/2026 12:47:14 PM,7/9/2026 8:47:14 AM,7/10/2026 6:00:00 PM,7/10/2026 2:00:00 PM,7/10/2026 7:00:00 PM,7/10/2026 3:00:00 PM,PECO/MIDATL,6827
7/9/2026 12:47:14 PM,7/9/2026 8:47:14 AM,7/10/2026 7:00:00 PM,7/10/2026 3:00:00 PM,7/10/2026 8:00:00 PM,7/10/2026 4:00:00 PM,PECO/MIDATL,6902
7/9/2026 12:47:14 PM,7/9/2026 8:47:14 AM,7/10/2026 8:00:00 PM,7/10/2026 4:00:00 PM,7/10/2026 9:00:00 PM,7/10/2026 5:00:00 PM,PECO/MIDATL,6907
7/9/2026 12:47:14 PM,7/9/2026 8:47:14 AM,7/10/2026 9:00:00 PM,7/10/2026 5:00:00 PM,7/10/2026 10:00:00 PM,7/10/2026 6:00:00 PM,PECO/MIDATL,6856
7/9/2026 12:47:14 PM,7/9/2026 8:47:14 AM,7/10/2026 10:00:00 PM,7/10/2026 6:00:00 PM,7/10/2026 11:00:00 PM,7/10/2026 7:00:00 PM,PECO/MIDATL,6643
7/9/2026 12:47:14 PM,7/9/2026 8:47:14 AM,7/10/2026 11:00:00 PM,7/10/2026 7:00:00 PM,7/11/2026 12:00:00 AM,7/10/2026 8:00:00 PM,PECO/MIDATL,6364
7/9/2026 12:47:14 PM,7/9/2026 8:47:14 AM,7/11/2026 12:00:00 AM,7/10/2026 8:00:00 PM,7/11/2026 1:00:00 AM,7/10/2026 9:00:00 PM,PECO/MIDATL,6105
7/9/2026 12:47:14 PM,7/9/2026 8:47:14 AM,7/11/2026 1:00:00 AM,7/10/2026 9:00:00 PM,7/11/2026 2:00:00 AM,7/10/2026 10:00:00 PM,PECO/MIDATL,5888
7/9/2026 12:47:14 PM,7/9/2026 8:47:14 AM,7/11/2026 2:00:00 AM,7/10/2026 10:00:00 PM,7/11/2026 3:00:00 AM,7/10/2026 11:00:00 PM,PECO/MIDATL,5550
7/9/2026 12:47:14 PM,7/9/2026 8:47:14 AM,7/11/2026 3:00:00 AM,7/10/2026 11:00:00 PM,7/11/2026 4:00:00 AM,7/11/2026 12:00:00 AM,PECO/MIDATL,5177
7/9/2026 12:47:14 PM,7/9/2026 8:47:14 AM,7/11/2026 4:00:00 AM,7/11/2026 12:00:00 AM,7/11/2026 5:00:00 AM,7/11/2026 1:00:00 AM,PECO/MIDATL,4869
7/9/2026 12:47:14 PM,7/9/2026 8:47:14 AM,7/11/2026 5:00:00 AM,7/11/2026 1:00:00 AM,7/11/2026 6:00:00 AM,7/11/2026 2:00:00 AM,PECO/MIDATL,4608
7/9/2026 12:47:14 PM,7/9/2026 8:47:14 AM,7/11/2026 6:00:00 AM,7/11/2026 2:00:00 AM,7/11/2026 7:00:00 AM,7/11/2026 3:00:00 AM,PECO/MIDATL,4419
7/9/2026 12:47:14 PM,7/9/2026 8:47:14 AM,7/11/2026 7:00:00 AM,7/11/2026 3:00:00 AM,7/11/2026 8:00:00 AM,7/11/2026 4:00:00 AM,PECO/MIDATL,4270
7/9/2026 12:47:14 PM,7/9/2026 8:47:14 AM,7/11/2026 8:00:00 AM,7/11/2026 4:00:00 AM,7/11/2026 9:00:00 AM,7/11/2026 5:00:00 AM,PECO/MIDATL,4201
7/9/2026 12:47:14 PM,7/9/2026 8:47:14 AM,7/11/2026 9:00:00 AM,7/11/2026 5:00:00 AM,7/11/2026 10:00:00 AM,7/11/2026 6:00:00 AM,PECO/MIDATL,4193
7/9/2026 12:47:14 PM,7/9/2026 8:47:14 AM,7/11/2026 10:00:00 AM,7/11/2026 6:00:00 AM,7/11/2026 11:00:00 AM,7/11/2026 7:00:00 AM,PECO/MIDATL,4253
7/9/2026 12:47:14 PM,7/9/2026 8:47:14 AM,7/11/2026 11:00:00 AM,7/11/2026 7:00:00 AM,7/11/2026 12:00:00 PM,7/11/2026 8:00:00 AM,PECO/MIDATL,4484
7/9/2026 12:47:14 PM,7/9/2026 8:47:14 AM,7/11/2026 12:00:00 PM,7/11/2026 8:00:00 AM,7/11/2026 1:00:00 PM,7/11/2026 9:00:00 AM,PECO/MIDATL,4839
7/9/2026 12:47:14 PM,7/9/2026 8:47:14 AM,7/11/2026 1:00:00 PM,7/11/2026 9:00:00 AM,7/11/2026 2:00:00 PM,7/11/2026 10:00:00 AM,PECO/MIDATL,5199
7/9/2026 12:47:14 PM,7/9/2026 8:47:14 AM,7/11/2026 2:00:00 PM,7/11/2026 10:00:00 AM,7/11/2026 3:00:00 PM,7/11/2026 11:00:00 AM,PECO/MIDATL,5554
7/9/2026 12:47:14 PM,7/9/2026 8:47:14 AM,7/11/2026 3:00:00 PM,7/11/2026 11:00:00 AM,7/11/2026 4:00:00 PM,7/11/2026 12:00:00 PM,PECO/MIDATL,5866
7/9/2026 12:47:14 PM,7/9/2026 8:47:14 AM,7/11/2026 4:00:00 PM,7/11/2026 12:00:00 PM,7/11/2026 5:00:00 PM,7/11/2026 1:00:00 PM,PECO/MIDATL,6118
7/9/2026 12:47:14 PM,7/9/2026 8:47:14 AM,7/11/2026 5:00:00 PM,7/11/2026 1:00:00 PM,7/11/2026 6:00:00 PM,7/11/2026 2:00:00 PM,PECO/MIDATL,6263
7/9/2026 12:47:14 PM,7/9/2026 8:47:14 AM,7/11/2026 6:00:00 PM,7/11/2026 2:00:00 PM,7/11/2026 7:00:00 PM,7/11/2026 3:00:00 PM,PECO/MIDATL,6333
7/9/2026 12:47:14 PM,7/9/2026 8:47:14 AM,7/11/2026 7:00:00 PM,7/11/2026 3:00:00 PM,7/11/2026 8:00:00 PM,7/11/2026 4:00:00 PM,PECO/MIDATL,6365
7/9/2026 12:47:14 PM,7/9/2026 8:47:14 AM,7/11/2026 8:00:00 PM,7/11/2026 4:00:00 PM,7/11/2026 9:00:00 PM,7/11/2026 5:00:00 PM,PECO/MIDATL,6331
7/9/2026 12:47:14 PM,7/9/2026 8:47:14 AM,7/11/2026 9:00:00 PM,7/11/2026 5:00:00 PM,7/11/2026 10:00:00 PM,7/11/2026 6:00:00 PM,PECO/MIDATL,6261
7/9/2026 12:47:14 PM,7/9/2026 8:47:14 AM,7/11/2026 10:00:00 PM,7/11/2026 6:00:00 PM,7/11/2026 11:00:00 PM,7/11/2026 7:00:00 PM,PECO/MIDATL,6109
7/9/2026 12:47:14 PM,7/9/2026 8:47:14 AM,7/11/2026 11:00:00 PM,7/11/2026 7:00:00 PM,7/12/2026 12:00:00 AM,7/11/2026 8:00:00 PM,PECO/MIDATL,5877
7/9/2026 12:47:14 PM,7/9/2026 8:47:14 AM,7/12/2026 12:00:00 AM,7/11/2026 8:00:00 PM,7/12/2026 1:00:00 AM,7/11/2026 9:00:00 PM,PECO/MIDATL,5699
7/9/2026 12:47:14 PM,7/9/2026 8:47:14 AM,7/12/2026 1:00:00 AM,7/11/2026 9:00:00 PM,7/12/2026 2:00:00 AM,7/11/2026 10:00:00 PM,PECO/MIDATL,5552
7/9/2026 12:47:14 PM,7/9/2026 8:47:14 AM,7/12/2026 2:00:00 AM,7/11/2026 10:00:00 PM,7/12/2026 3:00:00 AM,7/11/2026 11:00:00 PM,PECO/MIDATL,5300
7/9/2026 12:47:14 PM,7/9/2026 8:47:14 AM,7/12/2026 3:00:00 AM,7/11/2026 11:00:00 PM,7/12/2026 4:00:00 AM,7/12/2026 12:00:00 AM,PECO/MIDATL,4980
7/9/2026 12:47:14 PM,7/9/2026 8:47:14 AM,7/12/2026 4:00:00 AM,7/12/2026 12:00:00 AM,7/12/2026 5:00:00 AM,7/12/2026 1:00:00 AM,PECO/MIDATL,4576
7/9/2026 12:47:14 PM,7/9/2026 8:47:14 AM,7/12/2026 5:00:00 AM,7/12/2026 1:00:00 AM,7/12/2026 6:00:00 AM,7/12/2026 2:00:00 AM,PECO/MIDATL,4328
7/9/2026 12:47:14 PM,7/9/2026 8:47:14 AM,7/12/2026 6:00:00 AM,7/12/2026 2:00:00 AM,7/12/2026 7:00:00 AM,7/12/2026 3:00:00 AM,PECO/MIDATL,4141
7/9/2026 12:47:14 PM,7/9/2026 8:47:14 AM,7/12/2026 7:00:00 AM,7/12/2026 3:00:00 AM,7/12/2026 8:00:00 AM,7/12/2026 4:00:00 AM,PECO/MIDATL,4007
7/9/2026 12:47:14 PM,7/9/2026 8:47:14 AM,7/12/2026 8:00:00 AM,7/12/2026 4:00:00 AM,7/12/2026 9:00:00 AM,7/12/2026 5:00:00 AM,PECO/MIDATL,3930
7/9/2026 12:47:14 PM,7/9/2026 8:47:14 AM,7/12/2026 9:00:00 AM,7/12/2026 5:00:00 AM,7/12/2026 10:00:00 AM,7/12/2026 6:00:00 AM,PECO/MIDATL,3912
7/9/2026 12:47:14 PM,7/9/2026 8:47:14 AM,7/12/2026 10:00:00 AM,7/12/2026 6:00:00 AM,7/12/2026 11:00:00 AM,7/12/2026 7:00:00 AM,PECO/MIDATL,3940
7/9/2026 12:47:14 PM,7/9/2026 8:47:14 AM,7/12/2026 11:00:00 AM,7/12/2026 7:00:00 AM,7/12/2026 12:00:00 PM,7/12/2026 8:00:00 AM,PECO/MIDATL,4105
7/9/2026 12:47:14 PM,7/9/2026 8:47:14 AM,7/12/2026 12:00:00 PM,7/12/2026 8:00:00 AM,7/12/2026 1:00:00 PM,7/12/2026 9:00:00 AM,PECO/MIDATL,4420
7/9/2026 12:47:14 PM,7/9/2026 8:47:14 AM,7/12/2026 1:00:00 PM,7/12/2026 9:00:00 AM,7/12/2026 2:00:00 PM,7/12/2026 10:00:00 AM,PECO/MIDATL,4753
7/9/2026 12:47:14 PM,7/9/2026 8:47:14 AM,7/12/2026 2:00:00 PM,7/12/2026 10:00:00 AM,7/12/2026 3:00:00 PM,7/12/2026 11:00:00 AM,PECO/MIDATL,5063
7/9/2026 12:47:14 PM,7/9/2026 8:47:14 AM,7/12/2026 3:00:00 PM,7/12/2026 11:00:00 AM,7/12/2026 4:00:00 PM,7/12/2026 12:00:00 PM,PECO/MIDATL,5321
7/9/2026 12:47:14 PM,7/9/2026 8:47:14 AM,7/12/2026 4:00:00 PM,7/12/2026 12:00:00 PM,7/12/2026 5:00:00 PM,7/12/2026 1:00:00 PM,PECO/MIDATL,5598
7/9/2026 12:47:14 PM,7/9/2026 8:47:14 AM,7/12/2026 5:00:00 PM,7/12/2026 1:00:00 PM,7/12/2026 6:00:00 PM,7/12/2026 2:00:00 PM,PECO/MIDATL,5838
7/9/2026 12:47:14 PM,7/9/2026 8:47:14 AM,7/12/2026 6:00:00 PM,7/12/2026 2:00:00 PM,7/12/2026 7:00:00 PM,7/12/2026 3:00:00 PM,PECO/MIDATL,5996
7/9/2026 12:47:14 PM,7/9/2026 8:47:14 AM,7/12/2026 7:00:00 PM,7/12/2026 3:00:00 PM,7/12/2026 8:00:00 PM,7/12/2026 4:00:00 PM,PECO/MIDATL,6109
7/9/2026 12:47:14 PM,7/9/2026 8:47:14 AM,7/12/2026 8:00:00 PM,7/12/2026 4:00:00 PM,7/12/2026 9:00:00 PM,7/12/2026 5:00:00 PM,PECO/MIDATL,6167
7/9/2026 12:47:14 PM,7/9/2026 8:47:14 AM,7/12/2026 9:00:00 PM,7/12/2026 5:00:00 PM,7/12/2026 10:00:00 PM,7/12/2026 6:00:00 PM,PECO/MIDATL,6171
7/9/2026 12:47:14 PM,7/9/2026 8:47:14 AM,7/12/2026 10:00:00 PM,7/12/2026 6:00:00 PM,7/12/2026 11:00:00 PM,7/12/2026 7:00:00 PM,PECO/MIDATL,6066
7/9/2026 12:47:14 PM,7/9/2026 8:47:14 AM,7/12/2026 11:00:00 PM,7/12/2026 7:00:00 PM,7/13/2026 12:00:00 AM,7/12/2026 8:00:00 PM,PECO/MIDATL,5910
7/9/2026 12:47:14 PM,7/9/2026 8:47:14 AM,7/13/2026 12:00:00 AM,7/12/2026 8:00:00 PM,7/13/2026 1:00:00 AM,7/12/2026 9:00:00 PM,PECO/MIDATL,5771
7/9/2026 12:47:14 PM,7/9/2026 8:47:14 AM,7/13/2026 1:00:00 AM,7/12/2026 9:00:00 PM,7/13/2026 2:00:00 AM,7/12/2026 10:00:00 PM,PECO/MIDATL,5586
7/9/2026 12:47:14 PM,7/9/2026 8:47:14 AM,7/13/2026 2:00:00 AM,7/12/2026 10:00:00 PM,7/13/2026 3:00:00 AM,7/12/2026 11:00:00 PM,PECO/MIDATL,5291
7/9/2026 12:47:14 PM,7/9/2026 8:47:14 AM,7/13/2026 3:00:00 AM,7/12/2026 11:00:00 PM,7/13/2026 4:00:00 AM,7/13/2026 12:00:00 AM,PECO/MIDATL,4952
7/9/2026 12:47:14 PM,7/9/2026 8:47:14 AM,7/13/2026 4:00:00 AM,7/13/2026 12:00:00 AM,7/13/2026 5:00:00 AM,7/13/2026 1:00:00 AM,PECO/MIDATL,4490
7/9/2026 12:47:14 PM,7/9/2026 8:47:14 AM,7/13/2026 5:00:00 AM,7/13/2026 1:00:00 AM,7/13/2026 6:00:00 AM,7/13/2026 2:00:00 AM,PECO/MIDATL,4247
7/9/2026 12:47:14 PM,7/9/2026 8:47:14 AM,7/13/2026 6:00:00 AM,7/13/2026 2:00:00 AM,7/13/2026 7:00:00 AM,7/13/2026 3:00:00 AM,PECO/MIDATL,4089
7/9/2026 12:47:14 PM,7/9/2026 8:47:14 AM,7/13/2026 7:00:00 AM,7/13/2026 3:00:00 AM,7/13/2026 8:00:00 AM,7/13/2026 4:00:00 AM,PECO/MIDATL,3990
7/9/2026 12:47:14 PM,7/9/2026 8:47:14 AM,7/13/2026 8:00:00 AM,7/13/2026 4:00:00 AM,7/13/2026 9:00:00 AM,7/13/2026 5:00:00 AM,PECO/MIDATL,3995
7/9/2026 12:47:14 PM,7/9/2026 8:47:14 AM,7/13/2026 9:00:00 AM,7/13/2026 5:00:00 AM,7/13/2026 10:00:00 AM,7/13/2026 6:00:00 AM,PECO/MIDATL,4124
7/9/2026 12:47:14 PM,7/9/2026 8:47:14 AM,7/13/2026 10:00:00 AM,7/13/2026 6:00:00 AM,7/13/2026 11:00:00 AM,7/13/2026 7:00:00 AM,PECO/MIDATL,4363
7/9/2026 12:47:14 PM,7/9/2026 8:47:14 AM,7/13/2026 11:00:00 AM,7/13/2026 7:00:00 AM,7/13/2026 12:00:00 PM,7/13/2026 8:00:00 AM,PECO/MIDATL,4658
7/9/2026 12:47:14 PM,7/9/2026 8:47:14 AM,7/13/2026 12:00:00 PM,7/13/2026 8:00:00 AM,7/13/2026 1:00:00 PM,7/13/2026 9:00:00 AM,PECO/MIDATL,4945
7/9/2026 12:47:14 PM,7/9/2026 8:47:14 AM,7/13/2026 1:00:00 PM,7/13/2026 9:00:00 AM,7/13/2026 2:00:00 PM,7/13/2026 10:00:00 AM,PECO/MIDATL,5177
7/9/2026 12:47:14 PM,7/9/2026 8:47:14 AM,7/13/2026 2:00:00 PM,7/13/2026 10:00:00 AM,7/13/2026 3:00:00 PM,7/13/2026 11:00:00 AM,PECO/MIDATL,5424
7/9/2026 12:47:14 PM,7/9/2026 8:47:14 AM,7/13/2026 3:00:00 PM,7/13/2026 11:00:00 AM,7/13/2026 4:00:00 PM,7/13/2026 12:00:00 PM,PECO/MIDATL,5670
7/9/2026 12:47:14 PM,7/9/2026 8:47:14 AM,7/13/2026 4:00:00 PM,7/13/2026 12:00:00 PM,7/13/2026 5:00:00 PM,7/13/2026 1:00:00 PM,PECO/MIDATL,5932
7/9/2026 12:47:14 PM,7/9/2026 8:47:14 AM,7/13/2026 5:00:00 PM,7/13/2026 1:00:00 PM,7/13/2026 6:00:00 PM,7/13/2026 2:00:00 PM,PECO/MIDATL,6158
7/9/2026 12:47:14 PM,7/9/2026 8:47:14 AM,7/13/2026 6:00:00 PM,7/13/2026 2:00:00 PM,7/13/2026 7:00:00 PM,7/13/2026 3:00:00 PM,PECO/MIDATL,6336
7/9/2026 12:47:14 PM,7/9/2026 8:47:14 AM,7/13/2026 7:00:00 PM,7/13/2026 3:00:00 PM,7/13/2026 8:00:00 PM,7/13/2026 4:00:00 PM,PECO/MIDATL,6476
7/9/2026 12:47:14 PM,7/9/2026 8:47:14 AM,7/13/2026 8:00:00 PM,7/13/2026 4:00:00 PM,7/13/2026 9:00:00 PM,7/13/2026 5:00:00 PM,PECO/MIDATL,6585
7/9/2026 12:47:14 PM,7/9/2026 8:47:14 AM,7/13/2026 9:00:00 PM,7/13/2026 5:00:00 PM,7/13/2026 10:00:00 PM,7/13/2026 6:00:00 PM,PECO/MIDATL,6579
7/9/2026 12:47:14 PM,7/9/2026 8:47:14 AM,7/13/2026 10:00:00 PM,7/13/2026 6:00:00 PM,7/13/2026 11:00:00 PM,7/13/2026 7:00:00 PM,PECO/MIDATL,6369
7/9/2026 12:47:14 PM,7/9/2026 8:47:14 AM,7/13/2026 11:00:00 PM,7/13/2026 7:00:00 PM,7/14/2026 12:00:00 AM,7/13/2026 8:00:00 PM,PECO/MIDATL,6082
7/9/2026 12:47:14 PM,7/9/2026 8:47:14 AM,7/14/2026 12:00:00 AM,7/13/2026 8:00:00 PM,7/14/2026 1:00:00 AM,7/13/2026 9:00:00 PM,PECO/MIDATL,5827
7/9/2026 12:47:14 PM,7/9/2026 8:47:14 AM,7/14/2026 1:00:00 AM,7/13/2026 9:00:00 PM,7/14/2026 2:00:00 AM,7/13/2026 10:00:00 PM,PECO/MIDATL,5563
7/9/2026 12:47:14 PM,7/9/2026 8:47:14 AM,7/14/2026 2:00:00 AM,7/13/2026 10:00:00 PM,7/14/2026 3:00:00 AM,7/13/2026 11:00:00 PM,PECO/MIDATL,5184
7/9/2026 12:47:14 PM,7/9/2026 8:47:14 AM,7/14/2026 3:00:00 AM,7/13/2026 11:00:00 PM,7/14/2026 4:00:00 AM,7/14/2026 12:00:00 AM,PECO/MIDATL,4784
7/9/2026 12:47:14 PM,7/9/2026 8:47:14 AM,7/14/2026 4:00:00 AM,7/14/2026 12:00:00 AM,7/14/2026 5:00:00 AM,7/14/2026 1:00:00 AM,PECO/MIDATL,4458
7/9/2026 12:47:14 PM,7/9/2026 8:47:14 AM,7/14/2026 5:00:00 AM,7/14/2026 1:00:00 AM,7/14/2026 6:00:00 AM,7/14/2026 2:00:00 AM,PECO/MIDATL,4197
7/9/2026 12:47:14 PM,7/9/2026 8:47:14 AM,7/14/2026 6:00:00 AM,7/14/2026 2:00:00 AM,7/14/2026 7:00:00 AM,7/14/2026 3:00:00 AM,PECO/MIDATL,4018
7/9/2026 12:47:14 PM,7/9/2026 8:47:14 AM,7/14/2026 7:00:00 AM,7/14/2026 3:00:00 AM,7/14/2026 8:00:00 AM,7/14/2026 4:00:00 AM,PECO/MIDATL,3899
7/9/2026 12:47:14 PM,7/9/2026 8:47:14 AM,7/14/2026 8:00:00 AM,7/14/2026 4:00:00 AM,7/14/2026 9:00:00 AM,7/14/2026 5:00:00 AM,PECO/MIDATL,3885
7/9/2026 12:47:14 PM,7/9/2026 8:47:14 AM,7/14/2026 9:00:00 AM,7/14/2026 5:00:00 AM,7/14/2026 10:00:00 AM,7/14/2026 6:00:00 AM,PECO/MIDATL,4007
7/9/2026 12:47:14 PM,7/9/2026 8:47:14 AM,7/14/2026 10:00:00 AM,7/14/2026 6:00:00 AM,7/14/2026 11:00:00 AM,7/14/2026 7:00:00 AM,PECO/MIDATL,4254
7/9/2026 12:47:14 PM,7/9/2026 8:47:14 AM,7/14/2026 11:00:00 AM,7/14/2026 7:00:00 AM,7/14/2026 12:00:00 PM,7/14/2026 8:00:00 AM,PECO/MIDATL,4607
7/9/2026 12:47:14 PM,7/9/2026 8:47:14 AM,7/14/2026 12:00:00 PM,7/14/2026 8:00:00 AM,7/14/2026 1:00:00 PM,7/14/2026 9:00:00 AM,PECO/MIDATL,4954
7/9/2026 12:47:14 PM,7/9/2026 8:47:14 AM,7/14/2026 1:00:00 PM,7/14/2026 9:00:00 AM,7/14/2026 2:00:00 PM,7/14/2026 10:00:00 AM,PECO/MIDATL,5251
7/9/2026 12:47:14 PM,7/9/2026 8:47:14 AM,7/14/2026 2:00:00 PM,7/14/2026 10:00:00 AM,7/14/2026 3:00:00 PM,7/14/2026 11:00:00 AM,PECO/MIDATL,5590
7/9/2026 12:47:14 PM,7/9/2026 8:47:14 AM,7/14/2026 3:00:00 PM,7/14/2026 11:00:00 AM,7/14/2026 4:00:00 PM,7/14/2026 12:00:00 PM,PECO/MIDATL,5912
7/9/2026 12:47:14 PM,7/9/2026 8:47:14 AM,7/14/2026 4:00:00 PM,7/14/2026 12:00:00 PM,7/14/2026 5:00:00 PM,7/14/2026 1:00:00 PM,PECO/MIDATL,6225
7/9/2026 12:47:14 PM,7/9/2026 8:47:14 AM,7/14/2026 5:00:00 PM,7/14/2026 1:00:00 PM,7/14/2026 6:00:00 PM,7/14/2026 2:00:00 PM,PECO/MIDATL,6501
7/9/2026 12:47:14 PM,7/9/2026 8:47:14 AM,7/14/2026 6:00:00 PM,7/14/2026 2:00:00 PM,7/14/2026 7:00:00 PM,7/14/2026 3:00:00 PM,PECO/MIDATL,6715
7/9/2026 12:47:14 PM,7/9/2026 8:47:14 AM,7/14/2026 7:00:00 PM,7/14/2026 3:00:00 PM,7/14/2026 8:00:00 PM,7/14/2026 4:00:00 PM,PECO/MIDATL,6895
7/9/2026 12:47:14 PM,7/9/2026 8:47:14 AM,7/14/2026 8:00:00 PM,7/14/2026 4:00:00 PM,7/14/2026 9:00:00 PM,7/14/2026 5:00:00 PM,PECO/MIDATL,7036
7/9/2026 12:47:14 PM,7/9/2026 8:47:14 AM,7/14/2026 9:00:00 PM,7/14/2026 5:00:00 PM,7/14/2026 10:00:00 PM,7/14/2026 6:00:00 PM,PECO/MIDATL,7107
7/9/2026 12:47:14 PM,7/9/2026 8:47:14 AM,7/14/2026 10:00:00 PM,7/14/2026 6:00:00 PM,7/14/2026 11:00:00 PM,7/14/2026 7:00:00 PM,PECO/MIDATL,6983
7/9/2026 12:47:14 PM,7/9/2026 8:47:14 AM,7/14/2026 11:00:00 PM,7/14/2026 7:00:00 PM,7/15/2026 12:00:00 AM,7/14/2026 8:00:00 PM,PECO/MIDATL,6693
7/9/2026 12:47:14 PM,7/9/2026 8:47:14 AM,7/15/2026 12:00:00 AM,7/14/2026 8:00:00 PM,7/15/2026 1:00:00 AM,7/14/2026 9:00:00 PM,PECO/MIDATL,6410
7/9/2026 12:47:14 PM,7/9/2026 8:47:14 AM,7/15/2026 1:00:00 AM,7/14/2026 9:00:00 PM,7/15/2026 2:00:00 AM,7/14/2026 10:00:00 PM,PECO/MIDATL,6140
7/9/2026 12:47:14 PM,7/9/2026 8:47:14 AM,7/15/2026 2:00:00 AM,7/14/2026 10:00:00 PM,7/15/2026 3:00:00 AM,7/14/2026 11:00:00 PM,PECO/MIDATL,5712
7/9/2026 12:47:14 PM,7/9/2026 8:47:14 AM,7/15/2026 3:00:00 AM,7/14/2026 11:00:00 PM,7/15/2026 4:00:00 AM,7/15/2026 12:00:00 AM,PECO/MIDATL,5273
7/9/2026 12:47:14 PM,7/9/2026 8:47:14 AM,7/15/2026 4:00:00 AM,7/15/2026 12:00:00 AM,7/15/2026 5:00:00 AM,7/15/2026 1:00:00 AM,PECO/MIDATL,4839
7/9/2026 12:47:14 PM,7/9/2026 8:47:14 AM,7/15/2026 5:00:00 AM,7/15/2026 1:00:00 AM,7/15/2026 6:00:00 AM,7/15/2026 2:00:00 AM,PECO/MIDATL,4571
7/9/2026 12:47:14 PM,7/9/2026 8:47:14 AM,7/15/2026 6:00:00 AM,7/15/2026 2:00:00 AM,7/15/2026 7:00:00 AM,7/15/2026 3:00:00 AM,PECO/MIDATL,4389
7/9/2026 12:47:14 PM,7/9/2026 8:47:14 AM,7/15/2026 7:00:00 AM,7/15/2026 3:00:00 AM,7/15/2026 8:00:00 AM,7/15/2026 4:00:00 AM,PECO/MIDATL,4270
7/9/2026 12:47:14 PM,7/9/2026 8:47:14 AM,7/15/2026 8:00:00 AM,7/15/2026 4:00:00 AM,7/15/2026 9:00:00 AM,7/15/2026 5:00:00 AM,PECO/MIDATL,4257
7/9/2026 12:47:14 PM,7/9/2026 8:47:14 AM,7/15/2026 9:00:00 AM,7/15/2026 5:00:00 AM,7/15/2026 10:00:00 AM,7/15/2026 6:00:00 AM,PECO/MIDATL,4402
7/9/2026 12:47:14 PM,7/9/2026 8:47:14 AM,7/15/2026 10:00:00 AM,7/15/2026 6:00:00 AM,7/15/2026 11:00:00 AM,7/15/2026 7:00:00 AM,PECO/MIDATL,4657
7/9/2026 12:47:14 PM,7/9/2026 8:47:14 AM,7/15/2026 11:00:00 AM,7/15/2026 7:00:00 AM,7/15/2026 12:00:00 PM,7/15/2026 8:00:00 AM,PECO/MIDATL,5046
7/9/2026 12:47:14 PM,7/9/2026 8:47:14 AM,7/15/2026 12:00:00 PM,7/15/2026 8:00:00 AM,7/15/2026 1:00:00 PM,7/15/2026 9:00:00 AM,PECO/MIDATL,5458
7/9/2026 12:47:14 PM,7/9/2026 8:47:14 AM,7/15/2026 1:00:00 PM,7/15/2026 9:00:00 AM,7/15/2026 2:00:00 PM,7/15/2026 10:00:00 AM,PECO/MIDATL,5858
7/9/2026 12:47:14 PM,7/9/2026 8:47:14 AM,7/15/2026 2:00:00 PM,7/15/2026 10:00:00 AM,7/15/2026 3:00:00 PM,7/15/2026 11:00:00 AM,PECO/MIDATL,6298
7/9/2026 12:47:14 PM,7/9/2026 8:47:14 AM,7/15/2026 3:00:00 PM,7/15/2026 11:00:00 AM,7/15/2026 4:00:00 PM,7/15/2026 12:00:00 PM,PECO/MIDATL,6707
7/9/2026 12:47:14 PM,7/9/2026 8:47:14 AM,7/15/2026 4:00:00 PM,7/15/2026 12:00:00 PM,7/15/2026 5:00:00 PM,7/15/2026 1:00:00 PM,PECO/MIDATL,7090
7/9/2026 12:47:14 PM,7/9/2026 8:47:14 AM,7/15/2026 5:00:00 PM,7/15/2026 1:00:00 PM,7/15/2026 6:00:00 PM,7/15/2026 2:00:00 PM,PECO/MIDATL,7423
7/9/2026 12:47:14 PM,7/9/2026 8:47:14 AM,7/15/2026 6:00:00 PM,7/15/2026 2:00:00 PM,7/15/2026 7:00:00 PM,7/15/2026 3:00:00 PM,PECO/MIDATL,7654
7/9/2026 12:47:14 PM,7/9/2026 8:47:14 AM,7/15/2026 7:00:00 PM,7/15/2026 3:00:00 PM,7/15/2026 8:00:00 PM,7/15/2026 4:00:00 PM,PECO/MIDATL,7812
7/9/2026 12:47:14 PM,7/9/2026 8:47:14 AM,7/15/2026 8:00:00 PM,7/15/2026 4:00:00 PM,7/15/2026 9:00:00 PM,7/15/2026 5:00:00 PM,PECO/MIDATL,7894
7/9/2026 12:47:14 PM,7/9/2026 8:47:14 AM,7/15/2026 9:00:00 PM,7/15/2026 5:00:00 PM,7/15/2026 10:00:00 PM,7/15/2026 6:00:00 PM,PECO/MIDATL,7908
7/9/2026 12:47:14 PM,7/9/2026 8:47:14 AM,7/15/2026 10:00:00 PM,7/15/2026 6:00:00 PM,7/15/2026 11:00:00 PM,7/15/2026 7:00:00 PM,PECO/MIDATL,7754
7/9/2026 12:47:14 PM,7/9/2026 8:47:14 AM,7/15/2026 11:00:00 PM,7/15/2026 7:00:00 PM,7/16/2026 12:00:00 AM,7/15/2026 8:00:00 PM,PECO/MIDATL,7457
7/9/2026 12:47:14 PM,7/9/2026 8:47:14 AM,7/16/2026 12:00:00 AM,7/15/2026 8:00:00 PM,7/16/2026 1:00:00 AM,7/15/2026 9:00:00 PM,PECO/MIDATL,7186
7/9/2026 12:47:14 PM,7/9/2026 8:47:14 AM,7/16/2026 1:00:00 AM,7/15/2026 9:00:00 PM,7/16/2026 2:00:00 AM,7/15/2026 10:00:00 PM,PECO/MIDATL,6907
7/9/2026 12:47:14 PM,7/9/2026 8:47:14 AM,7/16/2026 2:00:00 AM,7/15/2026 10:00:00 PM,7/16/2026 3:00:00 AM,7/15/2026 11:00:00 PM,PECO/MIDATL,6446
7/9/2026 12:47:14 PM,7/9/2026 8:47:14 AM,7/16/2026 3:00:00 AM,7/15/2026 11:00:00 PM,7/16/2026 4:00:00 AM,7/16/2026 12:00:00 AM,PECO/MIDATL,5963
7/9/2026 12:47:14 PM,7/9/2026 8:47:14 AM,7/9/2026 4:00:00 AM,7/9/2026 12:00:00 AM,7/9/2026 5:00:00 AM,7/9/2026 1:00:00 AM,PENELEC/MIDATL,1872
7/9/2026 12:47:14 PM,7/9/2026 8:47:14 AM,7/9/2026 5:00:00 AM,7/9/2026 1:00:00 AM,7/9/2026 6:00:00 AM,7/9/2026 2:00:00 AM,PENELEC/MIDATL,1793
7/9/2026 12:47:14 PM,7/9/2026 8:47:14 AM,7/9/2026 6:00:00 AM,7/9/2026 2:00:00 AM,7/9/2026 7:00:00 AM,7/9/2026 3:00:00 AM,PENELEC/MIDATL,1729
7/9/2026 12:47:14 PM,7/9/2026 8:47:14 AM,7/9/2026 7:00:00 AM,7/9/2026 3:00:00 AM,7/9/2026 8:00:00 AM,7/9/2026 4:00:00 AM,PENELEC/MIDATL,1707
7/9/2026 12:47:14 PM,7/9/2026 8:47:14 AM,7/9/2026 8:00:00 AM,7/9/2026 4:00:00 AM,7/9/2026 9:00:00 AM,7/9/2026 5:00:00 AM,PENELEC/MIDATL,1723
7/9/2026 12:47:14 PM,7/9/2026 8:47:14 AM,7/9/2026 9:00:00 AM,7/9/2026 5:00:00 AM,7/9/2026 10:00:00 AM,7/9/2026 6:00:00 AM,PENELEC/MIDATL,1799
7/9/2026 12:47:14 PM,7/9/2026 8:47:14 AM,7/9/2026 10:00:00 AM,7/9/2026 6:00:00 AM,7/9/2026 11:00:00 AM,7/9/2026 7:00:00 AM,PENELEC/MIDATL,1912
7/9/2026 12:47:14 PM,7/9/2026 8:47:14 AM,7/9/2026 11:00:00 AM,7/9/2026 7:00:00 AM,7/9/2026 12:00:00 PM,7/9/2026 8:00:00 AM,PENELEC/MIDATL,2064
7/9/2026 12:47:14 PM,7/9/2026 8:47:14 AM,7/9/2026 12:00:00 PM,7/9/2026 8:00:00 AM,7/9/2026 1:00:00 PM,7/9/2026 9:00:00 AM,PENELEC/MIDATL,2127
7/9/2026 12:47:14 PM,7/9/2026 8:47:14 AM,7/9/2026 1:00:00 PM,7/9/2026 9:00:00 AM,7/9/2026 2:00:00 PM,7/9/2026 10:00:00 AM,PENELEC/MIDATL,2203
7/9/2026 12:47:14 PM,7/9/2026 8:47:14 AM,7/9/2026 2:00:00 PM,7/9/2026 10:00:00 AM,7/9/2026 3:00:00 PM,7/9/2026 11:00:00 AM,PENELEC/MIDATL,2277
7/9/2026 12:47:14 PM,7/9/2026 8:47:14 AM,7/9/2026 3:00:00 PM,7/9/2026 11:00:00 AM,7/9/2026 4:00:00 PM,7/9/2026 12:00:00 PM,PENELEC/MIDATL,2341
7/9/2026 12:47:14 PM,7/9/2026 8:47:14 AM,7/9/2026 4:00:00 PM,7/9/2026 12:00:00 PM,7/9/2026 5:00:00 PM,7/9/2026 1:00:00 PM,PENELEC/MIDATL,2391
7/9/2026 12:47:14 PM,7/9/2026 8:47:14 AM,7/9/2026 5:00:00 PM,7/9/2026 1:00:00 PM,7/9/2026 6:00:00 PM,7/9/2026 2:00:00 PM,PENELEC/MIDATL,2443
7/9/2026 12:47:14 PM,7/9/2026 8:47:14 AM,7/9/2026 6:00:00 PM,7/9/2026 2:00:00 PM,7/9/2026 7:00:00 PM,7/9/2026 3:00:00 PM,PENELEC/MIDATL,2433
7/9/2026 12:47:14 PM,7/9/2026 8:47:14 AM,7/9/2026 7:00:00 PM,7/9/2026 3:00:00 PM,7/9/2026 8:00:00 PM,7/9/2026 4:00:00 PM,PENELEC/MIDATL,2435
7/9/2026 12:47:14 PM,7/9/2026 8:47:14 AM,7/9/2026 8:00:00 PM,7/9/2026 4:00:00 PM,7/9/2026 9:00:00 PM,7/9/2026 5:00:00 PM,PENELEC/MIDATL,2429
7/9/2026 12:47:14 PM,7/9/2026 8:47:14 AM,7/9/2026 9:00:00 PM,7/9/2026 5:00:00 PM,7/9/2026 10:00:00 PM,7/9/2026 6:00:00 PM,PENELEC/MIDATL,2428
7/9/2026 12:47:14 PM,7/9/2026 8:47:14 AM,7/9/2026 10:00:00 PM,7/9/2026 6:00:00 PM,7/9/2026 11:00:00 PM,7/9/2026 7:00:00 PM,PENELEC/MIDATL,2409
7/9/2026 12:47:14 PM,7/9/2026 8:47:14 AM,7/9/2026 11:00:00 PM,7/9/2026 7:00:00 PM,7/10/2026 12:00:00 AM,7/9/2026 8:00:00 PM,PENELEC/MIDATL,2372
7/9/2026 12:47:14 PM,7/9/2026 8:47:14 AM,7/10/2026 12:00:00 AM,7/9/2026 8:00:00 PM,7/10/2026 1:00:00 AM,7/9/2026 9:00:00 PM,PENELEC/MIDATL,2316
7/9/2026 12:47:14 PM,7/9/2026 8:47:14 AM,7/10/2026 1:00:00 AM,7/9/2026 9:00:00 PM,7/10/2026 2:00:00 AM,7/9/2026 10:00:00 PM,PENELEC/MIDATL,2258
7/9/2026 12:47:14 PM,7/9/2026 8:47:14 AM,7/10/2026 2:00:00 AM,7/9/2026 10:00:00 PM,7/10/2026 3:00:00 AM,7/9/2026 11:00:00 PM,PENELEC/MIDATL,2114
7/9/2026 12:47:14 PM,7/9/2026 8:47:14 AM,7/10/2026 3:00:00 AM,7/9/2026 11:00:00 PM,7/10/2026 4:00:00 AM,7/10/2026 12:00:00 AM,PENELEC/MIDATL,1962
7/9/2026 12:47:14 PM,7/9/2026 8:47:14 AM,7/10/2026 4:00:00 AM,7/10/2026 12:00:00 AM,7/10/2026 5:00:00 AM,7/10/2026 1:00:00 AM,PENELEC/MIDATL,1861
7/9/2026 12:47:14 PM,7/9/2026 8:47:14 AM,7/10/2026 5:00:00 AM,7/10/2026 1:00:00 AM,7/10/2026 6:00:00 AM,7/10/2026 2:00:00 AM,PENELEC/MIDATL,1786
7/9/2026 12:47:14 PM,7/9/2026 8:47:14 AM,7/10/2026 6:00:00 AM,7/10/2026 2:00:00 AM,7/10/2026 7:00:00 AM,7/10/2026 3:00:00 AM,PENELEC/MIDATL,1730
7/9/2026 12:47:14 PM,7/9/2026 8:47:14 AM,7/10/2026 7:00:00 AM,7/10/2026 3:00:00 AM,7/10/2026 8:00:00 AM,7/10/2026 4:00:00 AM,PENELEC/MIDATL,1712
7/9/2026 12:47:14 PM,7/9/2026 8:47:14 AM,7/10/2026 8:00:00 AM,7/10/2026 4:00:00 AM,7/10/2026 9:00:00 AM,7/10/2026 5:00:00 AM,PENELEC/MIDATL,1720
7/9/2026 12:47:14 PM,7/9/2026 8:47:14 AM,7/10/2026 9:00:00 AM,7/10/2026 5:00:00 AM,7/10/2026 10:00:00 AM,7/10/2026 6:00:00 AM,PENELEC/MIDATL,1787
7/9/2026 12:47:14 PM,7/9/2026 8:47:14 AM,7/10/2026 10:00:00 AM,7/10/2026 6:00:00 AM,7/10/2026 11:00:00 AM,7/10/2026 7:00:00 AM,PENELEC/MIDATL,1889
7/9/2026 12:47:14 PM,7/9/2026 8:47:14 AM,7/10/2026 11:00:00 AM,7/10/2026 7:00:00 AM,7/10/2026 12:00:00 PM,7/10/2026 8:00:00 AM,PENELEC/MIDATL,1995
7/9/2026 12:47:14 PM,7/9/2026 8:47:14 AM,7/10/2026 12:00:00 PM,7/10/2026 8:00:00 AM,7/10/2026 1:00:00 PM,7/10/2026 9:00:00 AM,PENELEC/MIDATL,2080
7/9/2026 12:47:14 PM,7/9/2026 8:47:14 AM,7/10/2026 1:00:00 PM,7/10/2026 9:00:00 AM,7/10/2026 2:00:00 PM,7/10/2026 10:00:00 AM,PENELEC/MIDATL,2153
7/9/2026 12:47:14 PM,7/9/2026 8:47:14 AM,7/10/2026 2:00:00 PM,7/10/2026 10:00:00 AM,7/10/2026 3:00:00 PM,7/10/2026 11:00:00 AM,PENELEC/MIDATL,2219
7/9/2026 12:47:14 PM,7/9/2026 8:47:14 AM,7/10/2026 3:00:00 PM,7/10/2026 11:00:00 AM,7/10/2026 4:00:00 PM,7/10/2026 12:00:00 PM,PENELEC/MIDATL,2266
7/9/2026 12:47:14 PM,7/9/2026 8:47:14 AM,7/10/2026 4:00:00 PM,7/10/2026 12:00:00 PM,7/10/2026 5:00:00 PM,7/10/2026 1:00:00 PM,PENELEC/MIDATL,2303
7/9/2026 12:47:14 PM,7/9/2026 8:47:14 AM,7/10/2026 5:00:00 PM,7/10/2026 1:00:00 PM,7/10/2026 6:00:00 PM,7/10/2026 2:00:00 PM,PENELEC/MIDATL,2335
7/9/2026 12:47:14 PM,7/9/2026 8:47:14 AM,7/10/2026 6:00:00 PM,7/10/2026 2:00:00 PM,7/10/2026 7:00:00 PM,7/10/2026 3:00:00 PM,PENELEC/MIDATL,2327
7/9/2026 12:47:14 PM,7/9/2026 8:47:14 AM,7/10/2026 7:00:00 PM,7/10/2026 3:00:00 PM,7/10/2026 8:00:00 PM,7/10/2026 4:00:00 PM,PENELEC/MIDATL,2299
7/9/2026 12:47:14 PM,7/9/2026 8:47:14 AM,7/10/2026 8:00:00 PM,7/10/2026 4:00:00 PM,7/10/2026 9:00:00 PM,7/10/2026 5:00:00 PM,PENELEC/MIDATL,2281
7/9/2026 12:47:14 PM,7/9/2026 8:47:14 AM,7/10/2026 9:00:00 PM,7/10/2026 5:00:00 PM,7/10/2026 10:00:00 PM,7/10/2026 6:00:00 PM,PENELEC/MIDATL,2271
7/9/2026 12:47:14 PM,7/9/2026 8:47:14 AM,7/10/2026 10:00:00 PM,7/10/2026 6:00:00 PM,7/10/2026 11:00:00 PM,7/10/2026 7:00:00 PM,PENELEC/MIDATL,2245
7/9/2026 12:47:14 PM,7/9/2026 8:47:14 AM,7/10/2026 11:00:00 PM,7/10/2026 7:00:00 PM,7/11/2026 12:00:00 AM,7/10/2026 8:00:00 PM,PENELEC/MIDATL,2192
7/9/2026 12:47:14 PM,7/9/2026 8:47:14 AM,7/11/2026 12:00:00 AM,7/10/2026 8:00:00 PM,7/11/2026 1:00:00 AM,7/10/2026 9:00:00 PM,PENELEC/MIDATL,2131
7/9/2026 12:47:14 PM,7/9/2026 8:47:14 AM,7/11/2026 1:00:00 AM,7/10/2026 9:00:00 PM,7/11/2026 2:00:00 AM,7/10/2026 10:00:00 PM,PENELEC/MIDATL,2072
7/9/2026 12:47:14 PM,7/9/2026 8:47:14 AM,7/11/2026 2:00:00 AM,7/10/2026 10:00:00 PM,7/11/2026 3:00:00 AM,7/10/2026 11:00:00 PM,PENELEC/MIDATL,1956
7/9/2026 12:47:14 PM,7/9/2026 8:47:14 AM,7/11/2026 3:00:00 AM,7/10/2026 11:00:00 PM,7/11/2026 4:00:00 AM,7/11/2026 12:00:00 AM,PENELEC/MIDATL,1825
7/9/2026 12:47:14 PM,7/9/2026 8:47:14 AM,7/11/2026 4:00:00 AM,7/11/2026 12:00:00 AM,7/11/2026 5:00:00 AM,7/11/2026 1:00:00 AM,PENELEC/MIDATL,1705
7/9/2026 12:47:14 PM,7/9/2026 8:47:14 AM,7/11/2026 5:00:00 AM,7/11/2026 1:00:00 AM,7/11/2026 6:00:00 AM,7/11/2026 2:00:00 AM,PENELEC/MIDATL,1632
7/9/2026 12:47:14 PM,7/9/2026 8:47:14 AM,7/11/2026 6:00:00 AM,7/11/2026 2:00:00 AM,7/11/2026 7:00:00 AM,7/11/2026 3:00:00 AM,PENELEC/MIDATL,1583
7/9/2026 12:47:14 PM,7/9/2026 8:47:14 AM,7/11/2026 7:00:00 AM,7/11/2026 3:00:00 AM,7/11/2026 8:00:00 AM,7/11/2026 4:00:00 AM,PENELEC/MIDATL,1549
7/9/2026 12:47:14 PM,7/9/2026 8:47:14 AM,7/11/2026 8:00:00 AM,7/11/2026 4:00:00 AM,7/11/2026 9:00:00 AM,7/11/2026 5:00:00 AM,PENELEC/MIDATL,1546
7/9/2026 12:47:14 PM,7/9/2026 8:47:14 AM,7/11/2026 9:00:00 AM,7/11/2026 5:00:00 AM,7/11/2026 10:00:00 AM,7/11/2026 6:00:00 AM,PENELEC/MIDATL,1563
7/9/2026 12:47:14 PM,7/9/2026 8:47:14 AM,7/11/2026 10:00:00 AM,7/11/2026 6:00:00 AM,7/11/2026 11:00:00 AM,7/11/2026 7:00:00 AM,PENELEC/MIDATL,1589
7/9/2026 12:47:14 PM,7/9/2026 8:47:14 AM,7/11/2026 11:00:00 AM,7/11/2026 7:00:00 AM,7/11/2026 12:00:00 PM,7/11/2026 8:00:00 AM,PENELEC/MIDATL,1658
7/9/2026 12:47:14 PM,7/9/2026 8:47:14 AM,7/11/2026 12:00:00 PM,7/11/2026 8:00:00 AM,7/11/2026 1:00:00 PM,7/11/2026 9:00:00 AM,PENELEC/MIDATL,1760
7/9/2026 12:47:14 PM,7/9/2026 8:47:14 AM,7/11/2026 1:00:00 PM,7/11/2026 9:00:00 AM,7/11/2026 2:00:00 PM,7/11/2026 10:00:00 AM,PENELEC/MIDATL,1847
7/9/2026 12:47:14 PM,7/9/2026 8:47:14 AM,7/11/2026 2:00:00 PM,7/11/2026 10:00:00 AM,7/11/2026 3:00:00 PM,7/11/2026 11:00:00 AM,PENELEC/MIDATL,1910
7/9/2026 12:47:14 PM,7/9/2026 8:47:14 AM,7/11/2026 3:00:00 PM,7/11/2026 11:00:00 AM,7/11/2026 4:00:00 PM,7/11/2026 12:00:00 PM,PENELEC/MIDATL,1965
7/9/2026 12:47:14 PM,7/9/2026 8:47:14 AM,7/11/2026 4:00:00 PM,7/11/2026 12:00:00 PM,7/11/2026 5:00:00 PM,7/11/2026 1:00:00 PM,PENELEC/MIDATL,2008
7/9/2026 12:47:14 PM,7/9/2026 8:47:14 AM,7/11/2026 5:00:00 PM,7/11/2026 1:00:00 PM,7/11/2026 6:00:00 PM,7/11/2026 2:00:00 PM,PENELEC/MIDATL,2056
7/9/2026 12:47:14 PM,7/9/2026 8:47:14 AM,7/11/2026 6:00:00 PM,7/11/2026 2:00:00 PM,7/11/2026 7:00:00 PM,7/11/2026 3:00:00 PM,PENELEC/MIDATL,2073
7/9/2026 12:47:14 PM,7/9/2026 8:47:14 AM,7/11/2026 7:00:00 PM,7/11/2026 3:00:00 PM,7/11/2026 8:00:00 PM,7/11/2026 4:00:00 PM,PENELEC/MIDATL,2101
7/9/2026 12:47:14 PM,7/9/2026 8:47:14 AM,7/11/2026 8:00:00 PM,7/11/2026 4:00:00 PM,7/11/2026 9:00:00 PM,7/11/2026 5:00:00 PM,PENELEC/MIDATL,2130
7/9/2026 12:47:14 PM,7/9/2026 8:47:14 AM,7/11/2026 9:00:00 PM,7/11/2026 5:00:00 PM,7/11/2026 10:00:00 PM,7/11/2026 6:00:00 PM,PENELEC/MIDATL,2143
7/9/2026 12:47:14 PM,7/9/2026 8:47:14 AM,7/11/2026 10:00:00 PM,7/11/2026 6:00:00 PM,7/11/2026 11:00:00 PM,7/11/2026 7:00:00 PM,PENELEC/MIDATL,2129
7/9/2026 12:47:14 PM,7/9/2026 8:47:14 AM,7/11/2026 11:00:00 PM,7/11/2026 7:00:00 PM,7/12/2026 12:00:00 AM,7/11/2026 8:00:00 PM,PENELEC/MIDATL,2093
7/9/2026 12:47:14 PM,7/9/2026 8:47:14 AM,7/12/2026 12:00:00 AM,7/11/2026 8:00:00 PM,7/12/2026 1:00:00 AM,7/11/2026 9:00:00 PM,PENELEC/MIDATL,2043
7/9/2026 12:47:14 PM,7/9/2026 8:47:14 AM,7/12/2026 1:00:00 AM,7/11/2026 9:00:00 PM,7/12/2026 2:00:00 AM,7/11/2026 10:00:00 PM,PENELEC/MIDATL,1981
7/9/2026 12:47:14 PM,7/9/2026 8:47:14 AM,7/12/2026 2:00:00 AM,7/11/2026 10:00:00 PM,7/12/2026 3:00:00 AM,7/11/2026 11:00:00 PM,PENELEC/MIDATL,1877
7/9/2026 12:47:14 PM,7/9/2026 8:47:14 AM,7/12/2026 3:00:00 AM,7/11/2026 11:00:00 PM,7/12/2026 4:00:00 AM,7/12/2026 12:00:00 AM,PENELEC/MIDATL,1753
7/9/2026 12:47:14 PM,7/9/2026 8:47:14 AM,7/12/2026 4:00:00 AM,7/12/2026 12:00:00 AM,7/12/2026 5:00:00 AM,7/12/2026 1:00:00 AM,PENELEC/MIDATL,1609
7/9/2026 12:47:14 PM,7/9/2026 8:47:14 AM,7/12/2026 5:00:00 AM,7/12/2026 1:00:00 AM,7/12/2026 6:00:00 AM,7/12/2026 2:00:00 AM,PENELEC/MIDATL,1544
7/9/2026 12:47:14 PM,7/9/2026 8:47:14 AM,7/12/2026 6:00:00 AM,7/12/2026 2:00:00 AM,7/12/2026 7:00:00 AM,7/12/2026 3:00:00 AM,PENELEC/MIDATL,1497
7/9/2026 12:47:14 PM,7/9/2026 8:47:14 AM,7/12/2026 7:00:00 AM,7/12/2026 3:00:00 AM,7/12/2026 8:00:00 AM,7/12/2026 4:00:00 AM,PENELEC/MIDATL,1471
7/9/2026 12:47:14 PM,7/9/2026 8:47:14 AM,7/12/2026 8:00:00 AM,7/12/2026 4:00:00 AM,7/12/2026 9:00:00 AM,7/12/2026 5:00:00 AM,PENELEC/MIDATL,1468
7/9/2026 12:47:14 PM,7/9/2026 8:47:14 AM,7/12/2026 9:00:00 AM,7/12/2026 5:00:00 AM,7/12/2026 10:00:00 AM,7/12/2026 6:00:00 AM,PENELEC/MIDATL,1471
7/9/2026 12:47:14 PM,7/9/2026 8:47:14 AM,7/12/2026 10:00:00 AM,7/12/2026 6:00:00 AM,7/12/2026 11:00:00 AM,7/12/2026 7:00:00 AM,PENELEC/MIDATL,1492
7/9/2026 12:47:14 PM,7/9/2026 8:47:14 AM,7/12/2026 11:00:00 AM,7/12/2026 7:00:00 AM,7/12/2026 12:00:00 PM,7/12/2026 8:00:00 AM,PENELEC/MIDATL,1562
7/9/2026 12:47:14 PM,7/9/2026 8:47:14 AM,7/12/2026 12:00:00 PM,7/12/2026 8:00:00 AM,7/12/2026 1:00:00 PM,7/12/2026 9:00:00 AM,PENELEC/MIDATL,1669
7/9/2026 12:47:14 PM,7/9/2026 8:47:14 AM,7/12/2026 1:00:00 PM,7/12/2026 9:00:00 AM,7/12/2026 2:00:00 PM,7/12/2026 10:00:00 AM,PENELEC/MIDATL,1761
7/9/2026 12:47:14 PM,7/9/2026 8:47:14 AM,7/12/2026 2:00:00 PM,7/12/2026 10:00:00 AM,7/12/2026 3:00:00 PM,7/12/2026 11:00:00 AM,PENELEC/MIDATL,1831
7/9/2026 12:47:14 PM,7/9/2026 8:47:14 AM,7/12/2026 3:00:00 PM,7/12/2026 11:00:00 AM,7/12/2026 4:00:00 PM,7/12/2026 12:00:00 PM,PENELEC/MIDATL,1903
7/9/2026 12:47:14 PM,7/9/2026 8:47:14 AM,7/12/2026 4:00:00 PM,7/12/2026 12:00:00 PM,7/12/2026 5:00:00 PM,7/12/2026 1:00:00 PM,PENELEC/MIDATL,1970
7/9/2026 12:47:14 PM,7/9/2026 8:47:14 AM,7/12/2026 5:00:00 PM,7/12/2026 1:00:00 PM,7/12/2026 6:00:00 PM,7/12/2026 2:00:00 PM,PENELEC/MIDATL,2022
7/9/2026 12:47:14 PM,7/9/2026 8:47:14 AM,7/12/2026 6:00:00 PM,7/12/2026 2:00:00 PM,7/12/2026 7:00:00 PM,7/12/2026 3:00:00 PM,PENELEC/MIDATL,2049
7/9/2026 12:47:14 PM,7/9/2026 8:47:14 AM,7/12/2026 7:00:00 PM,7/12/2026 3:00:00 PM,7/12/2026 8:00:00 PM,7/12/2026 4:00:00 PM,PENELEC/MIDATL,2087
7/9/2026 12:47:14 PM,7/9/2026 8:47:14 AM,7/12/2026 8:00:00 PM,7/12/2026 4:00:00 PM,7/12/2026 9:00:00 PM,7/12/2026 5:00:00 PM,PENELEC/MIDATL,2139
7/9/2026 12:47:14 PM,7/9/2026 8:47:14 AM,7/12/2026 9:00:00 PM,7/12/2026 5:00:00 PM,7/12/2026 10:00:00 PM,7/12/2026 6:00:00 PM,PENELEC/MIDATL,2177
7/9/2026 12:47:14 PM,7/9/2026 8:47:14 AM,7/12/2026 10:00:00 PM,7/12/2026 6:00:00 PM,7/12/2026 11:00:00 PM,7/12/2026 7:00:00 PM,PENELEC/MIDATL,2170
7/9/2026 12:47:14 PM,7/9/2026 8:47:14 AM,7/12/2026 11:00:00 PM,7/12/2026 7:00:00 PM,7/13/2026 12:00:00 AM,7/12/2026 8:00:00 PM,PENELEC/MIDATL,2141
7/9/2026 12:47:14 PM,7/9/2026 8:47:14 AM,7/13/2026 12:00:00 AM,7/12/2026 8:00:00 PM,7/13/2026 1:00:00 AM,7/12/2026 9:00:00 PM,PENELEC/MIDATL,2081
7/9/2026 12:47:14 PM,7/9/2026 8:47:14 AM,7/13/2026 1:00:00 AM,7/12/2026 9:00:00 PM,7/13/2026 2:00:00 AM,7/12/2026 10:00:00 PM,PENELEC/MIDATL,2016
7/9/2026 12:47:14 PM,7/9/2026 8:47:14 AM,7/13/2026 2:00:00 AM,7/12/2026 10:00:00 PM,7/13/2026 3:00:00 AM,7/12/2026 11:00:00 PM,PENELEC/MIDATL,1906
7/9/2026 12:47:14 PM,7/9/2026 8:47:14 AM,7/13/2026 3:00:00 AM,7/12/2026 11:00:00 PM,7/13/2026 4:00:00 AM,7/13/2026 12:00:00 AM,PENELEC/MIDATL,1777
7/9/2026 12:47:14 PM,7/9/2026 8:47:14 AM,7/13/2026 4:00:00 AM,7/13/2026 12:00:00 AM,7/13/2026 5:00:00 AM,7/13/2026 1:00:00 AM,PENELEC/MIDATL,1668
7/9/2026 12:47:14 PM,7/9/2026 8:47:14 AM,7/13/2026 5:00:00 AM,7/13/2026 1:00:00 AM,7/13/2026 6:00:00 AM,7/13/2026 2:00:00 AM,PENELEC/MIDATL,1613
7/9/2026 12:47:14 PM,7/9/2026 8:47:14 AM,7/13/2026 6:00:00 AM,7/13/2026 2:00:00 AM,7/13/2026 7:00:00 AM,7/13/2026 3:00:00 AM,PENELEC/MIDATL,1585
7/9/2026 12:47:14 PM,7/9/2026 8:47:14 AM,7/13/2026 7:00:00 AM,7/13/2026 3:00:00 AM,7/13/2026 8:00:00 AM,7/13/2026 4:00:00 AM,PENELEC/MIDATL,1560
7/9/2026 12:47:14 PM,7/9/2026 8:47:14 AM,7/13/2026 8:00:00 AM,7/13/2026 4:00:00 AM,7/13/2026 9:00:00 AM,7/13/2026 5:00:00 AM,PENELEC/MIDATL,1591
7/9/2026 12:47:14 PM,7/9/2026 8:47:14 AM,7/13/2026 9:00:00 AM,7/13/2026 5:00:00 AM,7/13/2026 10:00:00 AM,7/13/2026 6:00:00 AM,PENELEC/MIDATL,1671
7/9/2026 12:47:14 PM,7/9/2026 8:47:14 AM,7/13/2026 10:00:00 AM,7/13/2026 6:00:00 AM,7/13/2026 11:00:00 AM,7/13/2026 7:00:00 AM,PENELEC/MIDATL,1786
7/9/2026 12:47:14 PM,7/9/2026 8:47:14 AM,7/13/2026 11:00:00 AM,7/13/2026 7:00:00 AM,7/13/2026 12:00:00 PM,7/13/2026 8:00:00 AM,PENELEC/MIDATL,1912
7/9/2026 12:47:14 PM,7/9/2026 8:47:14 AM,7/13/2026 12:00:00 PM,7/13/2026 8:00:00 AM,7/13/2026 1:00:00 PM,7/13/2026 9:00:00 AM,PENELEC/MIDATL,2019
7/9/2026 12:47:14 PM,7/9/2026 8:47:14 AM,7/13/2026 1:00:00 PM,7/13/2026 9:00:00 AM,7/13/2026 2:00:00 PM,7/13/2026 10:00:00 AM,PENELEC/MIDATL,2104
7/9/2026 12:47:14 PM,7/9/2026 8:47:14 AM,7/13/2026 2:00:00 PM,7/13/2026 10:00:00 AM,7/13/2026 3:00:00 PM,7/13/2026 11:00:00 AM,PENELEC/MIDATL,2190
7/9/2026 12:47:14 PM,7/9/2026 8:47:14 AM,7/13/2026 3:00:00 PM,7/13/2026 11:00:00 AM,7/13/2026 4:00:00 PM,7/13/2026 12:00:00 PM,PENELEC/MIDATL,2268
7/9/2026 12:47:14 PM,7/9/2026 8:47:14 AM,7/13/2026 4:00:00 PM,7/13/2026 12:00:00 PM,7/13/2026 5:00:00 PM,7/13/2026 1:00:00 PM,PENELEC/MIDATL,2330
7/9/2026 12:47:14 PM,7/9/2026 8:47:14 AM,7/13/2026 5:00:00 PM,7/13/2026 1:00:00 PM,7/13/2026 6:00:00 PM,7/13/2026 2:00:00 PM,PENELEC/MIDATL,2398
7/9/2026 12:47:14 PM,7/9/2026 8:47:14 AM,7/13/2026 6:00:00 PM,7/13/2026 2:00:00 PM,7/13/2026 7:00:00 PM,7/13/2026 3:00:00 PM,PENELEC/MIDATL,2407
7/9/2026 12:47:14 PM,7/9/2026 8:47:14 AM,7/13/2026 7:00:00 PM,7/13/2026 3:00:00 PM,7/13/2026 8:00:00 PM,7/13/2026 4:00:00 PM,PENELEC/MIDATL,2424
7/9/2026 12:47:14 PM,7/9/2026 8:47:14 AM,7/13/2026 8:00:00 PM,7/13/2026 4:00:00 PM,7/13/2026 9:00:00 PM,7/13/2026 5:00:00 PM,PENELEC/MIDATL,2439
7/9/2026 12:47:14 PM,7/9/2026 8:47:14 AM,7/13/2026 9:00:00 PM,7/13/2026 5:00:00 PM,7/13/2026 10:00:00 PM,7/13/2026 6:00:00 PM,PENELEC/MIDATL,2441
7/9/2026 12:47:14 PM,7/9/2026 8:47:14 AM,7/13/2026 10:00:00 PM,7/13/2026 6:00:00 PM,7/13/2026 11:00:00 PM,7/13/2026 7:00:00 PM,PENELEC/MIDATL,2423
7/9/2026 12:47:14 PM,7/9/2026 8:47:14 AM,7/13/2026 11:00:00 PM,7/13/2026 7:00:00 PM,7/14/2026 12:00:00 AM,7/13/2026 8:00:00 PM,PENELEC/MIDATL,2401
7/9/2026 12:47:14 PM,7/9/2026 8:47:14 AM,7/14/2026 12:00:00 AM,7/13/2026 8:00:00 PM,7/14/2026 1:00:00 AM,7/13/2026 9:00:00 PM,PENELEC/MIDATL,2323
7/9/2026 12:47:14 PM,7/9/2026 8:47:14 AM,7/14/2026 1:00:00 AM,7/13/2026 9:00:00 PM,7/14/2026 2:00:00 AM,7/13/2026 10:00:00 PM,PENELEC/MIDATL,2258
7/9/2026 12:47:14 PM,7/9/2026 8:47:14 AM,7/14/2026 2:00:00 AM,7/13/2026 10:00:00 PM,7/14/2026 3:00:00 AM,7/13/2026 11:00:00 PM,PENELEC/MIDATL,2104
7/9/2026 12:47:14 PM,7/9/2026 8:47:14 AM,7/14/2026 3:00:00 AM,7/13/2026 11:00:00 PM,7/14/2026 4:00:00 AM,7/14/2026 12:00:00 AM,PENELEC/MIDATL,1945
7/9/2026 12:47:14 PM,7/9/2026 8:47:14 AM,7/14/2026 4:00:00 AM,7/14/2026 12:00:00 AM,7/14/2026 5:00:00 AM,7/14/2026 1:00:00 AM,PENELEC/MIDATL,1804
7/9/2026 12:47:14 PM,7/9/2026 8:47:14 AM,7/14/2026 5:00:00 AM,7/14/2026 1:00:00 AM,7/14/2026 6:00:00 AM,7/14/2026 2:00:00 AM,PENELEC/MIDATL,1722
7/9/2026 12:47:14 PM,7/9/2026 8:47:14 AM,7/14/2026 6:00:00 AM,7/14/2026 2:00:00 AM,7/14/2026 7:00:00 AM,7/14/2026 3:00:00 AM,PENELEC/MIDATL,1676
7/9/2026 12:47:14 PM,7/9/2026 8:47:14 AM,7/14/2026 7:00:00 AM,7/14/2026 3:00:00 AM,7/14/2026 8:00:00 AM,7/14/2026 4:00:00 AM,PENELEC/MIDATL,1649
7/9/2026 12:47:14 PM,7/9/2026 8:47:14 AM,7/14/2026 8:00:00 AM,7/14/2026 4:00:00 AM,7/14/2026 9:00:00 AM,7/14/2026 5:00:00 AM,PENELEC/MIDATL,1667
7/9/2026 12:47:14 PM,7/9/2026 8:47:14 AM,7/14/2026 9:00:00 AM,7/14/2026 5:00:00 AM,7/14/2026 10:00:00 AM,7/14/2026 6:00:00 AM,PENELEC/MIDATL,1751
7/9/2026 12:47:14 PM,7/9/2026 8:47:14 AM,7/14/2026 10:00:00 AM,7/14/2026 6:00:00 AM,7/14/2026 11:00:00 AM,7/14/2026 7:00:00 AM,PENELEC/MIDATL,1857
7/9/2026 12:47:14 PM,7/9/2026 8:47:14 AM,7/14/2026 11:00:00 AM,7/14/2026 7:00:00 AM,7/14/2026 12:00:00 PM,7/14/2026 8:00:00 AM,PENELEC/MIDATL,1964
7/9/2026 12:47:14 PM,7/9/2026 8:47:14 AM,7/14/2026 12:00:00 PM,7/14/2026 8:00:00 AM,7/14/2026 1:00:00 PM,7/14/2026 9:00:00 AM,PENELEC/MIDATL,2050
7/9/2026 12:47:14 PM,7/9/2026 8:47:14 AM,7/14/2026 1:00:00 PM,7/14/2026 9:00:00 AM,7/14/2026 2:00:00 PM,7/14/2026 10:00:00 AM,PENELEC/MIDATL,2133
7/9/2026 12:47:14 PM,7/9/2026 8:47:14 AM,7/14/2026 2:00:00 PM,7/14/2026 10:00:00 AM,7/14/2026 3:00:00 PM,7/14/2026 11:00:00 AM,PENELEC/MIDATL,2226
7/9/2026 12:47:14 PM,7/9/2026 8:47:14 AM,7/14/2026 3:00:00 PM,7/14/2026 11:00:00 AM,7/14/2026 4:00:00 PM,7/14/2026 12:00:00 PM,PENELEC/MIDATL,2309
7/9/2026 12:47:14 PM,7/9/2026 8:47:14 AM,7/14/2026 4:00:00 PM,7/14/2026 12:00:00 PM,7/14/2026 5:00:00 PM,7/14/2026 1:00:00 PM,PENELEC/MIDATL,2371
7/9/2026 12:47:14 PM,7/9/2026 8:47:14 AM,7/14/2026 5:00:00 PM,7/14/2026 1:00:00 PM,7/14/2026 6:00:00 PM,7/14/2026 2:00:00 PM,PENELEC/MIDATL,2436
7/9/2026 12:47:14 PM,7/9/2026 8:47:14 AM,7/14/2026 6:00:00 PM,7/14/2026 2:00:00 PM,7/14/2026 7:00:00 PM,7/14/2026 3:00:00 PM,PENELEC/MIDATL,2444
7/9/2026 12:47:14 PM,7/9/2026 8:47:14 AM,7/14/2026 7:00:00 PM,7/14/2026 3:00:00 PM,7/14/2026 8:00:00 PM,7/14/2026 4:00:00 PM,PENELEC/MIDATL,2456
7/9/2026 12:47:14 PM,7/9/2026 8:47:14 AM,7/14/2026 8:00:00 PM,7/14/2026 4:00:00 PM,7/14/2026 9:00:00 PM,7/14/2026 5:00:00 PM,PENELEC/MIDATL,2448
7/9/2026 12:47:14 PM,7/9/2026 8:47:14 AM,7/14/2026 9:00:00 PM,7/14/2026 5:00:00 PM,7/14/2026 10:00:00 PM,7/14/2026 6:00:00 PM,PENELEC/MIDATL,2456
7/9/2026 12:47:14 PM,7/9/2026 8:47:14 AM,7/14/2026 10:00:00 PM,7/14/2026 6:00:00 PM,7/14/2026 11:00:00 PM,7/14/2026 7:00:00 PM,PENELEC/MIDATL,2443
7/9/2026 12:47:14 PM,7/9/2026 8:47:14 AM,7/14/2026 11:00:00 PM,7/14/2026 7:00:00 PM,7/15/2026 12:00:00 AM,7/14/2026 8:00:00 PM,PENELEC/MIDATL,2419
7/9/2026 12:47:14 PM,7/9/2026 8:47:14 AM,7/15/2026 12:00:00 AM,7/14/2026 8:00:00 PM,7/15/2026 1:00:00 AM,7/14/2026 9:00:00 PM,PENELEC/MIDATL,2358
7/9/2026 12:47:14 PM,7/9/2026 8:47:14 AM,7/15/2026 1:00:00 AM,7/14/2026 9:00:00 PM,7/15/2026 2:00:00 AM,7/14/2026 10:00:00 PM,PENELEC/MIDATL,2294
7/9/2026 12:47:14 PM,7/9/2026 8:47:14 AM,7/15/2026 2:00:00 AM,7/14/2026 10:00:00 PM,7/15/2026 3:00:00 AM,7/14/2026 11:00:00 PM,PENELEC/MIDATL,2140
7/9/2026 12:47:14 PM,7/9/2026 8:47:14 AM,7/15/2026 3:00:00 AM,7/14/2026 11:00:00 PM,7/15/2026 4:00:00 AM,7/15/2026 12:00:00 AM,PENELEC/MIDATL,1980
7/9/2026 12:47:14 PM,7/9/2026 8:47:14 AM,7/15/2026 4:00:00 AM,7/15/2026 12:00:00 AM,7/15/2026 5:00:00 AM,7/15/2026 1:00:00 AM,PENELEC/MIDATL,1905
7/9/2026 12:47:14 PM,7/9/2026 8:47:14 AM,7/15/2026 5:00:00 AM,7/15/2026 1:00:00 AM,7/15/2026 6:00:00 AM,7/15/2026 2:00:00 AM,PENELEC/MIDATL,1820
7/9/2026 12:47:14 PM,7/9/2026 8:47:14 AM,7/15/2026 6:00:00 AM,7/15/2026 2:00:00 AM,7/15/2026 7:00:00 AM,7/15/2026 3:00:00 AM,PENELEC/MIDATL,1775
7/9/2026 12:47:14 PM,7/9/2026 8:47:14 AM,7/15/2026 7:00:00 AM,7/15/2026 3:00:00 AM,7/15/2026 8:00:00 AM,7/15/2026 4:00:00 AM,PENELEC/MIDATL,1746
7/9/2026 12:47:14 PM,7/9/2026 8:47:14 AM,7/15/2026 8:00:00 AM,7/15/2026 4:00:00 AM,7/15/2026 9:00:00 AM,7/15/2026 5:00:00 AM,PENELEC/MIDATL,1767
7/9/2026 12:47:14 PM,7/9/2026 8:47:14 AM,7/15/2026 9:00:00 AM,7/15/2026 5:00:00 AM,7/15/2026 10:00:00 AM,7/15/2026 6:00:00 AM,PENELEC/MIDATL,1843
7/9/2026 12:47:14 PM,7/9/2026 8:47:14 AM,7/15/2026 10:00:00 AM,7/15/2026 6:00:00 AM,7/15/2026 11:00:00 AM,7/15/2026 7:00:00 AM,PENELEC/MIDATL,1963
7/9/2026 12:47:14 PM,7/9/2026 8:47:14 AM,7/15/2026 11:00:00 AM,7/15/2026 7:00:00 AM,7/15/2026 12:00:00 PM,7/15/2026 8:00:00 AM,PENELEC/MIDATL,2074
7/9/2026 12:47:14 PM,7/9/2026 8:47:14 AM,7/15/2026 12:00:00 PM,7/15/2026 8:00:00 AM,7/15/2026 1:00:00 PM,7/15/2026 9:00:00 AM,PENELEC/MIDATL,2165
7/9/2026 12:47:14 PM,7/9/2026 8:47:14 AM,7/15/2026 1:00:00 PM,7/15/2026 9:00:00 AM,7/15/2026 2:00:00 PM,7/15/2026 10:00:00 AM,PENELEC/MIDATL,2252
7/9/2026 12:47:14 PM,7/9/2026 8:47:14 AM,7/15/2026 2:00:00 PM,7/15/2026 10:00:00 AM,7/15/2026 3:00:00 PM,7/15/2026 11:00:00 AM,PENELEC/MIDATL,2350
7/9/2026 12:47:14 PM,7/9/2026 8:47:14 AM,7/15/2026 3:00:00 PM,7/15/2026 11:00:00 AM,7/15/2026 4:00:00 PM,7/15/2026 12:00:00 PM,PENELEC/MIDATL,2446
7/9/2026 12:47:14 PM,7/9/2026 8:47:14 AM,7/15/2026 4:00:00 PM,7/15/2026 12:00:00 PM,7/15/2026 5:00:00 PM,7/15/2026 1:00:00 PM,PENELEC/MIDATL,2529
7/9/2026 12:47:14 PM,7/9/2026 8:47:14 AM,7/15/2026 5:00:00 PM,7/15/2026 1:00:00 PM,7/15/2026 6:00:00 PM,7/15/2026 2:00:00 PM,PENELEC/MIDATL,2600
7/9/2026 12:47:14 PM,7/9/2026 8:47:14 AM,7/15/2026 6:00:00 PM,7/15/2026 2:00:00 PM,7/15/2026 7:00:00 PM,7/15/2026 3:00:00 PM,PENELEC/MIDATL,2623
7/9/2026 12:47:14 PM,7/9/2026 8:47:14 AM,7/15/2026 7:00:00 PM,7/15/2026 3:00:00 PM,7/15/2026 8:00:00 PM,7/15/2026 4:00:00 PM,PENELEC/MIDATL,2639
7/9/2026 12:47:14 PM,7/9/2026 8:47:14 AM,7/15/2026 8:00:00 PM,7/15/2026 4:00:00 PM,7/15/2026 9:00:00 PM,7/15/2026 5:00:00 PM,PENELEC/MIDATL,2630
7/9/2026 12:47:14 PM,7/9/2026 8:47:14 AM,7/15/2026 9:00:00 PM,7/15/2026 5:00:00 PM,7/15/2026 10:00:00 PM,7/15/2026 6:00:00 PM,PENELEC/MIDATL,2636
7/9/2026 12:47:14 PM,7/9/2026 8:47:14 AM,7/15/2026 10:00:00 PM,7/15/2026 6:00:00 PM,7/15/2026 11:00:00 PM,7/15/2026 7:00:00 PM,PENELEC/MIDATL,2616
7/9/2026 12:47:14 PM,7/9/2026 8:47:14 AM,7/15/2026 11:00:00 PM,7/15/2026 7:00:00 PM,7/16/2026 12:00:00 AM,7/15/2026 8:00:00 PM,PENELEC/MIDATL,2586
7/9/2026 12:47:14 PM,7/9/2026 8:47:14 AM,7/16/2026 12:00:00 AM,7/15/2026 8:00:00 PM,7/16/2026 1:00:00 AM,7/15/2026 9:00:00 PM,PENELEC/MIDATL,2532
7/9/2026 12:47:14 PM,7/9/2026 8:47:14 AM,7/16/2026 1:00:00 AM,7/15/2026 9:00:00 PM,7/16/2026 2:00:00 AM,7/15/2026 10:00:00 PM,PENELEC/MIDATL,2460
7/9/2026 12:47:14 PM,7/9/2026 8:47:14 AM,7/16/2026 2:00:00 AM,7/15/2026 10:00:00 PM,7/16/2026 3:00:00 AM,7/15/2026 11:00:00 PM,PENELEC/MIDATL,2303
7/9/2026 12:47:14 PM,7/9/2026 8:47:14 AM,7/16/2026 3:00:00 AM,7/15/2026 11:00:00 PM,7/16/2026 4:00:00 AM,7/16/2026 12:00:00 AM,PENELEC/MIDATL,2138
7/9/2026 12:47:14 PM,7/9/2026 8:47:14 AM,7/9/2026 4:00:00 AM,7/9/2026 12:00:00 AM,7/9/2026 5:00:00 AM,7/9/2026 1:00:00 AM,PEPCO/MIDATL,3299
7/9/2026 12:47:14 PM,7/9/2026 8:47:14 AM,7/9/2026 5:00:00 AM,7/9/2026 1:00:00 AM,7/9/2026 6:00:00 AM,7/9/2026 2:00:00 AM,PEPCO/MIDATL,3114
7/9/2026 12:47:14 PM,7/9/2026 8:47:14 AM,7/9/2026 6:00:00 AM,7/9/2026 2:00:00 AM,7/9/2026 7:00:00 AM,7/9/2026 3:00:00 AM,PEPCO/MIDATL,2998
7/9/2026 12:47:14 PM,7/9/2026 8:47:14 AM,7/9/2026 7:00:00 AM,7/9/2026 3:00:00 AM,7/9/2026 8:00:00 AM,7/9/2026 4:00:00 AM,PEPCO/MIDATL,2959
7/9/2026 12:47:14 PM,7/9/2026 8:47:14 AM,7/9/2026 8:00:00 AM,7/9/2026 4:00:00 AM,7/9/2026 9:00:00 AM,7/9/2026 5:00:00 AM,PEPCO/MIDATL,3015
7/9/2026 12:47:14 PM,7/9/2026 8:47:14 AM,7/9/2026 9:00:00 AM,7/9/2026 5:00:00 AM,7/9/2026 10:00:00 AM,7/9/2026 6:00:00 AM,PEPCO/MIDATL,3213
7/9/2026 12:47:14 PM,7/9/2026 8:47:14 AM,7/9/2026 10:00:00 AM,7/9/2026 6:00:00 AM,7/9/2026 11:00:00 AM,7/9/2026 7:00:00 AM,PEPCO/MIDATL,3478
7/9/2026 12:47:14 PM,7/9/2026 8:47:14 AM,7/9/2026 11:00:00 AM,7/9/2026 7:00:00 AM,7/9/2026 12:00:00 PM,7/9/2026 8:00:00 AM,PEPCO/MIDATL,3666
7/9/2026 12:47:14 PM,7/9/2026 8:47:14 AM,7/9/2026 12:00:00 PM,7/9/2026 8:00:00 AM,7/9/2026 1:00:00 PM,7/9/2026 9:00:00 AM,PEPCO/MIDATL,3682
7/9/2026 12:47:14 PM,7/9/2026 8:47:14 AM,7/9/2026 1:00:00 PM,7/9/2026 9:00:00 AM,7/9/2026 2:00:00 PM,7/9/2026 10:00:00 AM,PEPCO/MIDATL,3777
7/9/2026 12:47:14 PM,7/9/2026 8:47:14 AM,7/9/2026 2:00:00 PM,7/9/2026 10:00:00 AM,7/9/2026 3:00:00 PM,7/9/2026 11:00:00 AM,PEPCO/MIDATL,3878
7/9/2026 12:47:14 PM,7/9/2026 8:47:14 AM,7/9/2026 3:00:00 PM,7/9/2026 11:00:00 AM,7/9/2026 4:00:00 PM,7/9/2026 12:00:00 PM,PEPCO/MIDATL,3994
7/9/2026 12:47:14 PM,7/9/2026 8:47:14 AM,7/9/2026 4:00:00 PM,7/9/2026 12:00:00 PM,7/9/2026 5:00:00 PM,7/9/2026 1:00:00 PM,PEPCO/MIDATL,4124
7/9/2026 12:47:14 PM,7/9/2026 8:47:14 AM,7/9/2026 5:00:00 PM,7/9/2026 1:00:00 PM,7/9/2026 6:00:00 PM,7/9/2026 2:00:00 PM,PEPCO/MIDATL,4212
7/9/2026 12:47:14 PM,7/9/2026 8:47:14 AM,7/9/2026 6:00:00 PM,7/9/2026 2:00:00 PM,7/9/2026 7:00:00 PM,7/9/2026 3:00:00 PM,PEPCO/MIDATL,4300
7/9/2026 12:47:14 PM,7/9/2026 8:47:14 AM,7/9/2026 7:00:00 PM,7/9/2026 3:00:00 PM,7/9/2026 8:00:00 PM,7/9/2026 4:00:00 PM,PEPCO/MIDATL,4392
7/9/2026 12:47:14 PM,7/9/2026 8:47:14 AM,7/9/2026 8:00:00 PM,7/9/2026 4:00:00 PM,7/9/2026 9:00:00 PM,7/9/2026 5:00:00 PM,PEPCO/MIDATL,4507
7/9/2026 12:47:14 PM,7/9/2026 8:47:14 AM,7/9/2026 9:00:00 PM,7/9/2026 5:00:00 PM,7/9/2026 10:00:00 PM,7/9/2026 6:00:00 PM,PEPCO/MIDATL,4565
7/9/2026 12:47:14 PM,7/9/2026 8:47:14 AM,7/9/2026 10:00:00 PM,7/9/2026 6:00:00 PM,7/9/2026 11:00:00 PM,7/9/2026 7:00:00 PM,PEPCO/MIDATL,4489
7/9/2026 12:47:14 PM,7/9/2026 8:47:14 AM,7/9/2026 11:00:00 PM,7/9/2026 7:00:00 PM,7/10/2026 12:00:00 AM,7/9/2026 8:00:00 PM,PEPCO/MIDATL,4391
7/9/2026 12:47:14 PM,7/9/2026 8:47:14 AM,7/10/2026 12:00:00 AM,7/9/2026 8:00:00 PM,7/10/2026 1:00:00 AM,7/9/2026 9:00:00 PM,PEPCO/MIDATL,4246
7/9/2026 12:47:14 PM,7/9/2026 8:47:14 AM,7/10/2026 1:00:00 AM,7/9/2026 9:00:00 PM,7/10/2026 2:00:00 AM,7/9/2026 10:00:00 PM,PEPCO/MIDATL,4096
7/9/2026 12:47:14 PM,7/9/2026 8:47:14 AM,7/10/2026 2:00:00 AM,7/9/2026 10:00:00 PM,7/10/2026 3:00:00 AM,7/9/2026 11:00:00 PM,PEPCO/MIDATL,3841
7/9/2026 12:47:14 PM,7/9/2026 8:47:14 AM,7/10/2026 3:00:00 AM,7/9/2026 11:00:00 PM,7/10/2026 4:00:00 AM,7/10/2026 12:00:00 AM,PEPCO/MIDATL,3561
7/9/2026 12:47:14 PM,7/9/2026 8:47:14 AM,7/10/2026 4:00:00 AM,7/10/2026 12:00:00 AM,7/10/2026 5:00:00 AM,7/10/2026 1:00:00 AM,PEPCO/MIDATL,3344
7/9/2026 12:47:14 PM,7/9/2026 8:47:14 AM,7/10/2026 5:00:00 AM,7/10/2026 1:00:00 AM,7/10/2026 6:00:00 AM,7/10/2026 2:00:00 AM,PEPCO/MIDATL,3154
7/9/2026 12:47:14 PM,7/9/2026 8:47:14 AM,7/10/2026 6:00:00 AM,7/10/2026 2:00:00 AM,7/10/2026 7:00:00 AM,7/10/2026 3:00:00 AM,PEPCO/MIDATL,3032
7/9/2026 12:47:14 PM,7/9/2026 8:47:14 AM,7/10/2026 7:00:00 AM,7/10/2026 3:00:00 AM,7/10/2026 8:00:00 AM,7/10/2026 4:00:00 AM,PEPCO/MIDATL,2962
7/9/2026 12:47:14 PM,7/9/2026 8:47:14 AM,7/10/2026 8:00:00 AM,7/10/2026 4:00:00 AM,7/10/2026 9:00:00 AM,7/10/2026 5:00:00 AM,PEPCO/MIDATL,2979
7/9/2026 12:47:14 PM,7/9/2026 8:47:14 AM,7/10/2026 9:00:00 AM,7/10/2026 5:00:00 AM,7/10/2026 10:00:00 AM,7/10/2026 6:00:00 AM,PEPCO/MIDATL,3150
7/9/2026 12:47:14 PM,7/9/2026 8:47:14 AM,7/10/2026 10:00:00 AM,7/10/2026 6:00:00 AM,7/10/2026 11:00:00 AM,7/10/2026 7:00:00 AM,PEPCO/MIDATL,3381
7/9/2026 12:47:14 PM,7/9/2026 8:47:14 AM,7/10/2026 11:00:00 AM,7/10/2026 7:00:00 AM,7/10/2026 12:00:00 PM,7/10/2026 8:00:00 AM,PEPCO/MIDATL,3580
7/9/2026 12:47:14 PM,7/9/2026 8:47:14 AM,7/10/2026 12:00:00 PM,7/10/2026 8:00:00 AM,7/10/2026 1:00:00 PM,7/10/2026 9:00:00 AM,PEPCO/MIDATL,3752
7/9/2026 12:47:14 PM,7/9/2026 8:47:14 AM,7/10/2026 1:00:00 PM,7/10/2026 9:00:00 AM,7/10/2026 2:00:00 PM,7/10/2026 10:00:00 AM,PEPCO/MIDATL,3894
7/9/2026 12:47:14 PM,7/9/2026 8:47:14 AM,7/10/2026 2:00:00 PM,7/10/2026 10:00:00 AM,7/10/2026 3:00:00 PM,7/10/2026 11:00:00 AM,PEPCO/MIDATL,4036
7/9/2026 12:47:14 PM,7/9/2026 8:47:14 AM,7/10/2026 3:00:00 PM,7/10/2026 11:00:00 AM,7/10/2026 4:00:00 PM,7/10/2026 12:00:00 PM,PEPCO/MIDATL,4185
7/9/2026 12:47:14 PM,7/9/2026 8:47:14 AM,7/10/2026 4:00:00 PM,7/10/2026 12:00:00 PM,7/10/2026 5:00:00 PM,7/10/2026 1:00:00 PM,PEPCO/MIDATL,4338
7/9/2026 12:47:14 PM,7/9/2026 8:47:14 AM,7/10/2026 5:00:00 PM,7/10/2026 1:00:00 PM,7/10/2026 6:00:00 PM,7/10/2026 2:00:00 PM,PEPCO/MIDATL,4462
7/9/2026 12:47:14 PM,7/9/2026 8:47:14 AM,7/10/2026 6:00:00 PM,7/10/2026 2:00:00 PM,7/10/2026 7:00:00 PM,7/10/2026 3:00:00 PM,PEPCO/MIDATL,4592
7/9/2026 12:47:14 PM,7/9/2026 8:47:14 AM,7/10/2026 7:00:00 PM,7/10/2026 3:00:00 PM,7/10/2026 8:00:00 PM,7/10/2026 4:00:00 PM,PEPCO/MIDATL,4712
7/9/2026 12:47:14 PM,7/9/2026 8:47:14 AM,7/10/2026 8:00:00 PM,7/10/2026 4:00:00 PM,7/10/2026 9:00:00 PM,7/10/2026 5:00:00 PM,PEPCO/MIDATL,4821
7/9/2026 12:47:14 PM,7/9/2026 8:47:14 AM,7/10/2026 9:00:00 PM,7/10/2026 5:00:00 PM,7/10/2026 10:00:00 PM,7/10/2026 6:00:00 PM,PEPCO/MIDATL,4843
7/9/2026 12:47:14 PM,7/9/2026 8:47:14 AM,7/10/2026 10:00:00 PM,7/10/2026 6:00:00 PM,7/10/2026 11:00:00 PM,7/10/2026 7:00:00 PM,PEPCO/MIDATL,4703
7/9/2026 12:47:14 PM,7/9/2026 8:47:14 AM,7/10/2026 11:00:00 PM,7/10/2026 7:00:00 PM,7/11/2026 12:00:00 AM,7/10/2026 8:00:00 PM,PEPCO/MIDATL,4536
7/9/2026 12:47:14 PM,7/9/2026 8:47:14 AM,7/11/2026 12:00:00 AM,7/10/2026 8:00:00 PM,7/11/2026 1:00:00 AM,7/10/2026 9:00:00 PM,PEPCO/MIDATL,4334
7/9/2026 12:47:14 PM,7/9/2026 8:47:14 AM,7/11/2026 1:00:00 AM,7/10/2026 9:00:00 PM,7/11/2026 2:00:00 AM,7/10/2026 10:00:00 PM,PEPCO/MIDATL,4167
7/9/2026 12:47:14 PM,7/9/2026 8:47:14 AM,7/11/2026 2:00:00 AM,7/10/2026 10:00:00 PM,7/11/2026 3:00:00 AM,7/10/2026 11:00:00 PM,PEPCO/MIDATL,3934
7/9/2026 12:47:14 PM,7/9/2026 8:47:14 AM,7/11/2026 3:00:00 AM,7/10/2026 11:00:00 PM,7/11/2026 4:00:00 AM,7/11/2026 12:00:00 AM,PEPCO/MIDATL,3667
7/9/2026 12:47:14 PM,7/9/2026 8:47:14 AM,7/11/2026 4:00:00 AM,7/11/2026 12:00:00 AM,7/11/2026 5:00:00 AM,7/11/2026 1:00:00 AM,PEPCO/MIDATL,3507
7/9/2026 12:47:14 PM,7/9/2026 8:47:14 AM,7/11/2026 5:00:00 AM,7/11/2026 1:00:00 AM,7/11/2026 6:00:00 AM,7/11/2026 2:00:00 AM,PEPCO/MIDATL,3311
7/9/2026 12:47:14 PM,7/9/2026 8:47:14 AM,7/11/2026 6:00:00 AM,7/11/2026 2:00:00 AM,7/11/2026 7:00:00 AM,7/11/2026 3:00:00 AM,PEPCO/MIDATL,3143
7/9/2026 12:47:14 PM,7/9/2026 8:47:14 AM,7/11/2026 7:00:00 AM,7/11/2026 3:00:00 AM,7/11/2026 8:00:00 AM,7/11/2026 4:00:00 AM,PEPCO/MIDATL,3035
7/9/2026 12:47:14 PM,7/9/2026 8:47:14 AM,7/11/2026 8:00:00 AM,7/11/2026 4:00:00 AM,7/11/2026 9:00:00 AM,7/11/2026 5:00:00 AM,PEPCO/MIDATL,2974
7/9/2026 12:47:14 PM,7/9/2026 8:47:14 AM,7/11/2026 9:00:00 AM,7/11/2026 5:00:00 AM,7/11/2026 10:00:00 AM,7/11/2026 6:00:00 AM,PEPCO/MIDATL,2975
7/9/2026 12:47:14 PM,7/9/2026 8:47:14 AM,7/11/2026 10:00:00 AM,7/11/2026 6:00:00 AM,7/11/2026 11:00:00 AM,7/11/2026 7:00:00 AM,PEPCO/MIDATL,3012
7/9/2026 12:47:14 PM,7/9/2026 8:47:14 AM,7/11/2026 11:00:00 AM,7/11/2026 7:00:00 AM,7/11/2026 12:00:00 PM,7/11/2026 8:00:00 AM,PEPCO/MIDATL,3151
7/9/2026 12:47:14 PM,7/9/2026 8:47:14 AM,7/11/2026 12:00:00 PM,7/11/2026 8:00:00 AM,7/11/2026 1:00:00 PM,7/11/2026 9:00:00 AM,PEPCO/MIDATL,3351
7/9/2026 12:47:14 PM,7/9/2026 8:47:14 AM,7/11/2026 1:00:00 PM,7/11/2026 9:00:00 AM,7/11/2026 2:00:00 PM,7/11/2026 10:00:00 AM,PEPCO/MIDATL,3553
7/9/2026 12:47:14 PM,7/9/2026 8:47:14 AM,7/11/2026 2:00:00 PM,7/11/2026 10:00:00 AM,7/11/2026 3:00:00 PM,7/11/2026 11:00:00 AM,PEPCO/MIDATL,3726
7/9/2026 12:47:14 PM,7/9/2026 8:47:14 AM,7/11/2026 3:00:00 PM,7/11/2026 11:00:00 AM,7/11/2026 4:00:00 PM,7/11/2026 12:00:00 PM,PEPCO/MIDATL,3878
7/9/2026 12:47:14 PM,7/9/2026 8:47:14 AM,7/11/2026 4:00:00 PM,7/11/2026 12:00:00 PM,7/11/2026 5:00:00 PM,7/11/2026 1:00:00 PM,PEPCO/MIDATL,3993
7/9/2026 12:47:14 PM,7/9/2026 8:47:14 AM,7/11/2026 5:00:00 PM,7/11/2026 1:00:00 PM,7/11/2026 6:00:00 PM,7/11/2026 2:00:00 PM,PEPCO/MIDATL,4066
7/9/2026 12:47:14 PM,7/9/2026 8:47:14 AM,7/11/2026 6:00:00 PM,7/11/2026 2:00:00 PM,7/11/2026 7:00:00 PM,7/11/2026 3:00:00 PM,PEPCO/MIDATL,4099
7/9/2026 12:47:14 PM,7/9/2026 8:47:14 AM,7/11/2026 7:00:00 PM,7/11/2026 3:00:00 PM,7/11/2026 8:00:00 PM,7/11/2026 4:00:00 PM,PEPCO/MIDATL,4116
7/9/2026 12:47:14 PM,7/9/2026 8:47:14 AM,7/11/2026 8:00:00 PM,7/11/2026 4:00:00 PM,7/11/2026 9:00:00 PM,7/11/2026 5:00:00 PM,PEPCO/MIDATL,4139
7/9/2026 12:47:14 PM,7/9/2026 8:47:14 AM,7/11/2026 9:00:00 PM,7/11/2026 5:00:00 PM,7/11/2026 10:00:00 PM,7/11/2026 6:00:00 PM,PEPCO/MIDATL,4127
7/9/2026 12:47:14 PM,7/9/2026 8:47:14 AM,7/11/2026 10:00:00 PM,7/11/2026 6:00:00 PM,7/11/2026 11:00:00 PM,7/11/2026 7:00:00 PM,PEPCO/MIDATL,4094
7/9/2026 12:47:14 PM,7/9/2026 8:47:14 AM,7/11/2026 11:00:00 PM,7/11/2026 7:00:00 PM,7/12/2026 12:00:00 AM,7/11/2026 8:00:00 PM,PEPCO/MIDATL,4033
7/9/2026 12:47:14 PM,7/9/2026 8:47:14 AM,7/12/2026 12:00:00 AM,7/11/2026 8:00:00 PM,7/12/2026 1:00:00 AM,7/11/2026 9:00:00 PM,PEPCO/MIDATL,3936
7/9/2026 12:47:14 PM,7/9/2026 8:47:14 AM,7/12/2026 1:00:00 AM,7/11/2026 9:00:00 PM,7/12/2026 2:00:00 AM,7/11/2026 10:00:00 PM,PEPCO/MIDATL,3834
7/9/2026 12:47:14 PM,7/9/2026 8:47:14 AM,7/12/2026 2:00:00 AM,7/11/2026 10:00:00 PM,7/12/2026 3:00:00 AM,7/11/2026 11:00:00 PM,PEPCO/MIDATL,3655
7/9/2026 12:47:14 PM,7/9/2026 8:47:14 AM,7/12/2026 3:00:00 AM,7/11/2026 11:00:00 PM,7/12/2026 4:00:00 AM,7/12/2026 12:00:00 AM,PEPCO/MIDATL,3432
7/9/2026 12:47:14 PM,7/9/2026 8:47:14 AM,7/12/2026 4:00:00 AM,7/12/2026 12:00:00 AM,7/12/2026 5:00:00 AM,7/12/2026 1:00:00 AM,PEPCO/MIDATL,3247
7/9/2026 12:47:14 PM,7/9/2026 8:47:14 AM,7/12/2026 5:00:00 AM,7/12/2026 1:00:00 AM,7/12/2026 6:00:00 AM,7/12/2026 2:00:00 AM,PEPCO/MIDATL,3070
7/9/2026 12:47:14 PM,7/9/2026 8:47:14 AM,7/12/2026 6:00:00 AM,7/12/2026 2:00:00 AM,7/12/2026 7:00:00 AM,7/12/2026 3:00:00 AM,PEPCO/MIDATL,2918
7/9/2026 12:47:14 PM,7/9/2026 8:47:14 AM,7/12/2026 7:00:00 AM,7/12/2026 3:00:00 AM,7/12/2026 8:00:00 AM,7/12/2026 4:00:00 AM,PEPCO/MIDATL,2810
7/9/2026 12:47:14 PM,7/9/2026 8:47:14 AM,7/12/2026 8:00:00 AM,7/12/2026 4:00:00 AM,7/12/2026 9:00:00 AM,7/12/2026 5:00:00 AM,PEPCO/MIDATL,2751
7/9/2026 12:47:14 PM,7/9/2026 8:47:14 AM,7/12/2026 9:00:00 AM,7/12/2026 5:00:00 AM,7/12/2026 10:00:00 AM,7/12/2026 6:00:00 AM,PEPCO/MIDATL,2742
7/9/2026 12:47:14 PM,7/9/2026 8:47:14 AM,7/12/2026 10:00:00 AM,7/12/2026 6:00:00 AM,7/12/2026 11:00:00 AM,7/12/2026 7:00:00 AM,PEPCO/MIDATL,2778
7/9/2026 12:47:14 PM,7/9/2026 8:47:14 AM,7/12/2026 11:00:00 AM,7/12/2026 7:00:00 AM,7/12/2026 12:00:00 PM,7/12/2026 8:00:00 AM,PEPCO/MIDATL,2873
7/9/2026 12:47:14 PM,7/9/2026 8:47:14 AM,7/12/2026 12:00:00 PM,7/12/2026 8:00:00 AM,7/12/2026 1:00:00 PM,7/12/2026 9:00:00 AM,PEPCO/MIDATL,3027
7/9/2026 12:47:14 PM,7/9/2026 8:47:14 AM,7/12/2026 1:00:00 PM,7/12/2026 9:00:00 AM,7/12/2026 2:00:00 PM,7/12/2026 10:00:00 AM,PEPCO/MIDATL,3207
7/9/2026 12:47:14 PM,7/9/2026 8:47:14 AM,7/12/2026 2:00:00 PM,7/12/2026 10:00:00 AM,7/12/2026 3:00:00 PM,7/12/2026 11:00:00 AM,PEPCO/MIDATL,3371
7/9/2026 12:47:14 PM,7/9/2026 8:47:14 AM,7/12/2026 3:00:00 PM,7/12/2026 11:00:00 AM,7/12/2026 4:00:00 PM,7/12/2026 12:00:00 PM,PEPCO/MIDATL,3524
7/9/2026 12:47:14 PM,7/9/2026 8:47:14 AM,7/12/2026 4:00:00 PM,7/12/2026 12:00:00 PM,7/12/2026 5:00:00 PM,7/12/2026 1:00:00 PM,PEPCO/MIDATL,3668
7/9/2026 12:47:14 PM,7/9/2026 8:47:14 AM,7/12/2026 5:00:00 PM,7/12/2026 1:00:00 PM,7/12/2026 6:00:00 PM,7/12/2026 2:00:00 PM,PEPCO/MIDATL,3798
7/9/2026 12:47:14 PM,7/9/2026 8:47:14 AM,7/12/2026 6:00:00 PM,7/12/2026 2:00:00 PM,7/12/2026 7:00:00 PM,7/12/2026 3:00:00 PM,PEPCO/MIDATL,3914
7/9/2026 12:47:14 PM,7/9/2026 8:47:14 AM,7/12/2026 7:00:00 PM,7/12/2026 3:00:00 PM,7/12/2026 8:00:00 PM,7/12/2026 4:00:00 PM,PEPCO/MIDATL,4025
7/9/2026 12:47:14 PM,7/9/2026 8:47:14 AM,7/12/2026 8:00:00 PM,7/12/2026 4:00:00 PM,7/12/2026 9:00:00 PM,7/12/2026 5:00:00 PM,PEPCO/MIDATL,4157
7/9/2026 12:47:14 PM,7/9/2026 8:47:14 AM,7/12/2026 9:00:00 PM,7/12/2026 5:00:00 PM,7/12/2026 10:00:00 PM,7/12/2026 6:00:00 PM,PEPCO/MIDATL,4247
7/9/2026 12:47:14 PM,7/9/2026 8:47:14 AM,7/12/2026 10:00:00 PM,7/12/2026 6:00:00 PM,7/12/2026 11:00:00 PM,7/12/2026 7:00:00 PM,PEPCO/MIDATL,4256
7/9/2026 12:47:14 PM,7/9/2026 8:47:14 AM,7/12/2026 11:00:00 PM,7/12/2026 7:00:00 PM,7/13/2026 12:00:00 AM,7/12/2026 8:00:00 PM,PEPCO/MIDATL,4194
7/9/2026 12:47:14 PM,7/9/2026 8:47:14 AM,7/13/2026 12:00:00 AM,7/12/2026 8:00:00 PM,7/13/2026 1:00:00 AM,7/12/2026 9:00:00 PM,PEPCO/MIDATL,4057
7/9/2026 12:47:14 PM,7/9/2026 8:47:14 AM,7/13/2026 1:00:00 AM,7/12/2026 9:00:00 PM,7/13/2026 2:00:00 AM,7/12/2026 10:00:00 PM,PEPCO/MIDATL,3916
7/9/2026 12:47:14 PM,7/9/2026 8:47:14 AM,7/13/2026 2:00:00 AM,7/12/2026 10:00:00 PM,7/13/2026 3:00:00 AM,7/12/2026 11:00:00 PM,PEPCO/MIDATL,3686
7/9/2026 12:47:14 PM,7/9/2026 8:47:14 AM,7/13/2026 3:00:00 AM,7/12/2026 11:00:00 PM,7/13/2026 4:00:00 AM,7/13/2026 12:00:00 AM,PEPCO/MIDATL,3412
7/9/2026 12:47:14 PM,7/9/2026 8:47:14 AM,7/13/2026 4:00:00 AM,7/13/2026 12:00:00 AM,7/13/2026 5:00:00 AM,7/13/2026 1:00:00 AM,PEPCO/MIDATL,3124
7/9/2026 12:47:14 PM,7/9/2026 8:47:14 AM,7/13/2026 5:00:00 AM,7/13/2026 1:00:00 AM,7/13/2026 6:00:00 AM,7/13/2026 2:00:00 AM,PEPCO/MIDATL,2939
7/9/2026 12:47:14 PM,7/9/2026 8:47:14 AM,7/13/2026 6:00:00 AM,7/13/2026 2:00:00 AM,7/13/2026 7:00:00 AM,7/13/2026 3:00:00 AM,PEPCO/MIDATL,2821
7/9/2026 12:47:14 PM,7/9/2026 8:47:14 AM,7/13/2026 7:00:00 AM,7/13/2026 3:00:00 AM,7/13/2026 8:00:00 AM,7/13/2026 4:00:00 AM,PEPCO/MIDATL,2763
7/9/2026 12:47:14 PM,7/9/2026 8:47:14 AM,7/13/2026 8:00:00 AM,7/13/2026 4:00:00 AM,7/13/2026 9:00:00 AM,7/13/2026 5:00:00 AM,PEPCO/MIDATL,2800
7/9/2026 12:47:14 PM,7/9/2026 8:47:14 AM,7/13/2026 9:00:00 AM,7/13/2026 5:00:00 AM,7/13/2026 10:00:00 AM,7/13/2026 6:00:00 AM,PEPCO/MIDATL,2982
7/9/2026 12:47:14 PM,7/9/2026 8:47:14 AM,7/13/2026 10:00:00 AM,7/13/2026 6:00:00 AM,7/13/2026 11:00:00 AM,7/13/2026 7:00:00 AM,PEPCO/MIDATL,3204
7/9/2026 12:47:14 PM,7/9/2026 8:47:14 AM,7/13/2026 11:00:00 AM,7/13/2026 7:00:00 AM,7/13/2026 12:00:00 PM,7/13/2026 8:00:00 AM,PEPCO/MIDATL,3370
7/9/2026 12:47:14 PM,7/9/2026 8:47:14 AM,7/13/2026 12:00:00 PM,7/13/2026 8:00:00 AM,7/13/2026 1:00:00 PM,7/13/2026 9:00:00 AM,PEPCO/MIDATL,3475
7/9/2026 12:47:14 PM,7/9/2026 8:47:14 AM,7/13/2026 1:00:00 PM,7/13/2026 9:00:00 AM,7/13/2026 2:00:00 PM,7/13/2026 10:00:00 AM,PEPCO/MIDATL,3568
7/9/2026 12:47:14 PM,7/9/2026 8:47:14 AM,7/13/2026 2:00:00 PM,7/13/2026 10:00:00 AM,7/13/2026 3:00:00 PM,7/13/2026 11:00:00 AM,PEPCO/MIDATL,3673
7/9/2026 12:47:14 PM,7/9/2026 8:47:14 AM,7/13/2026 3:00:00 PM,7/13/2026 11:00:00 AM,7/13/2026 4:00:00 PM,7/13/2026 12:00:00 PM,PEPCO/MIDATL,3800
7/9/2026 12:47:14 PM,7/9/2026 8:47:14 AM,7/13/2026 4:00:00 PM,7/13/2026 12:00:00 PM,7/13/2026 5:00:00 PM,7/13/2026 1:00:00 PM,PEPCO/MIDATL,3932
7/9/2026 12:47:14 PM,7/9/2026 8:47:14 AM,7/13/2026 5:00:00 PM,7/13/2026 1:00:00 PM,7/13/2026 6:00:00 PM,7/13/2026 2:00:00 PM,PEPCO/MIDATL,4053
7/9/2026 12:47:14 PM,7/9/2026 8:47:14 AM,7/13/2026 6:00:00 PM,7/13/2026 2:00:00 PM,7/13/2026 7:00:00 PM,7/13/2026 3:00:00 PM,PEPCO/MIDATL,4165
7/9/2026 12:47:14 PM,7/9/2026 8:47:14 AM,7/13/2026 7:00:00 PM,7/13/2026 3:00:00 PM,7/13/2026 8:00:00 PM,7/13/2026 4:00:00 PM,PEPCO/MIDATL,4296
7/9/2026 12:47:14 PM,7/9/2026 8:47:14 AM,7/13/2026 8:00:00 PM,7/13/2026 4:00:00 PM,7/13/2026 9:00:00 PM,7/13/2026 5:00:00 PM,PEPCO/MIDATL,4434
7/9/2026 12:47:14 PM,7/9/2026 8:47:14 AM,7/13/2026 9:00:00 PM,7/13/2026 5:00:00 PM,7/13/2026 10:00:00 PM,7/13/2026 6:00:00 PM,PEPCO/MIDATL,4525
7/9/2026 12:47:14 PM,7/9/2026 8:47:14 AM,7/13/2026 10:00:00 PM,7/13/2026 6:00:00 PM,7/13/2026 11:00:00 PM,7/13/2026 7:00:00 PM,PEPCO/MIDATL,4441
7/9/2026 12:47:14 PM,7/9/2026 8:47:14 AM,7/13/2026 11:00:00 PM,7/13/2026 7:00:00 PM,7/14/2026 12:00:00 AM,7/13/2026 8:00:00 PM,PEPCO/MIDATL,4315
7/9/2026 12:47:14 PM,7/9/2026 8:47:14 AM,7/14/2026 12:00:00 AM,7/13/2026 8:00:00 PM,7/14/2026 1:00:00 AM,7/13/2026 9:00:00 PM,PEPCO/MIDATL,4117
7/9/2026 12:47:14 PM,7/9/2026 8:47:14 AM,7/14/2026 1:00:00 AM,7/13/2026 9:00:00 PM,7/14/2026 2:00:00 AM,7/13/2026 10:00:00 PM,PEPCO/MIDATL,3946
7/9/2026 12:47:14 PM,7/9/2026 8:47:14 AM,7/14/2026 2:00:00 AM,7/13/2026 10:00:00 PM,7/14/2026 3:00:00 AM,7/13/2026 11:00:00 PM,PEPCO/MIDATL,3670
7/9/2026 12:47:14 PM,7/9/2026 8:47:14 AM,7/14/2026 3:00:00 AM,7/13/2026 11:00:00 PM,7/14/2026 4:00:00 AM,7/14/2026 12:00:00 AM,PEPCO/MIDATL,3374
7/9/2026 12:47:14 PM,7/9/2026 8:47:14 AM,7/14/2026 4:00:00 AM,7/14/2026 12:00:00 AM,7/14/2026 5:00:00 AM,7/14/2026 1:00:00 AM,PEPCO/MIDATL,3102
7/9/2026 12:47:14 PM,7/9/2026 8:47:14 AM,7/14/2026 5:00:00 AM,7/14/2026 1:00:00 AM,7/14/2026 6:00:00 AM,7/14/2026 2:00:00 AM,PEPCO/MIDATL,2911
7/9/2026 12:47:14 PM,7/9/2026 8:47:14 AM,7/14/2026 6:00:00 AM,7/14/2026 2:00:00 AM,7/14/2026 7:00:00 AM,7/14/2026 3:00:00 AM,PEPCO/MIDATL,2785
7/9/2026 12:47:14 PM,7/9/2026 8:47:14 AM,7/14/2026 7:00:00 AM,7/14/2026 3:00:00 AM,7/14/2026 8:00:00 AM,7/14/2026 4:00:00 AM,PEPCO/MIDATL,2716
7/9/2026 12:47:14 PM,7/9/2026 8:47:14 AM,7/14/2026 8:00:00 AM,7/14/2026 4:00:00 AM,7/14/2026 9:00:00 AM,7/14/2026 5:00:00 AM,PEPCO/MIDATL,2735
7/9/2026 12:47:14 PM,7/9/2026 8:47:14 AM,7/14/2026 9:00:00 AM,7/14/2026 5:00:00 AM,7/14/2026 10:00:00 AM,7/14/2026 6:00:00 AM,PEPCO/MIDATL,2907
7/9/2026 12:47:14 PM,7/9/2026 8:47:14 AM,7/14/2026 10:00:00 AM,7/14/2026 6:00:00 AM,7/14/2026 11:00:00 AM,7/14/2026 7:00:00 AM,PEPCO/MIDATL,3134
7/9/2026 12:47:14 PM,7/9/2026 8:47:14 AM,7/14/2026 11:00:00 AM,7/14/2026 7:00:00 AM,7/14/2026 12:00:00 PM,7/14/2026 8:00:00 AM,PEPCO/MIDATL,3327
7/9/2026 12:47:14 PM,7/9/2026 8:47:14 AM,7/14/2026 12:00:00 PM,7/14/2026 8:00:00 AM,7/14/2026 1:00:00 PM,7/14/2026 9:00:00 AM,PEPCO/MIDATL,3478
7/9/2026 12:47:14 PM,7/9/2026 8:47:14 AM,7/14/2026 1:00:00 PM,7/14/2026 9:00:00 AM,7/14/2026 2:00:00 PM,7/14/2026 10:00:00 AM,PEPCO/MIDATL,3616
7/9/2026 12:47:14 PM,7/9/2026 8:47:14 AM,7/14/2026 2:00:00 PM,7/14/2026 10:00:00 AM,7/14/2026 3:00:00 PM,7/14/2026 11:00:00 AM,PEPCO/MIDATL,3776
7/9/2026 12:47:14 PM,7/9/2026 8:47:14 AM,7/14/2026 3:00:00 PM,7/14/2026 11:00:00 AM,7/14/2026 4:00:00 PM,7/14/2026 12:00:00 PM,PEPCO/MIDATL,3949
7/9/2026 12:47:14 PM,7/9/2026 8:47:14 AM,7/14/2026 4:00:00 PM,7/14/2026 12:00:00 PM,7/14/2026 5:00:00 PM,7/14/2026 1:00:00 PM,PEPCO/MIDATL,4134
7/9/2026 12:47:14 PM,7/9/2026 8:47:14 AM,7/14/2026 5:00:00 PM,7/14/2026 1:00:00 PM,7/14/2026 6:00:00 PM,7/14/2026 2:00:00 PM,PEPCO/MIDATL,4299
7/9/2026 12:47:14 PM,7/9/2026 8:47:14 AM,7/14/2026 6:00:00 PM,7/14/2026 2:00:00 PM,7/14/2026 7:00:00 PM,7/14/2026 3:00:00 PM,PEPCO/MIDATL,4460
7/9/2026 12:47:14 PM,7/9/2026 8:47:14 AM,7/14/2026 7:00:00 PM,7/14/2026 3:00:00 PM,7/14/2026 8:00:00 PM,7/14/2026 4:00:00 PM,PEPCO/MIDATL,4647
7/9/2026 12:47:14 PM,7/9/2026 8:47:14 AM,7/14/2026 8:00:00 PM,7/14/2026 4:00:00 PM,7/14/2026 9:00:00 PM,7/14/2026 5:00:00 PM,PEPCO/MIDATL,4839
7/9/2026 12:47:14 PM,7/9/2026 8:47:14 AM,7/14/2026 9:00:00 PM,7/14/2026 5:00:00 PM,7/14/2026 10:00:00 PM,7/14/2026 6:00:00 PM,PEPCO/MIDATL,4961
7/9/2026 12:47:14 PM,7/9/2026 8:47:14 AM,7/14/2026 10:00:00 PM,7/14/2026 6:00:00 PM,7/14/2026 11:00:00 PM,7/14/2026 7:00:00 PM,PEPCO/MIDATL,4893
7/9/2026 12:47:14 PM,7/9/2026 8:47:14 AM,7/14/2026 11:00:00 PM,7/14/2026 7:00:00 PM,7/15/2026 12:00:00 AM,7/14/2026 8:00:00 PM,PEPCO/MIDATL,4741
7/9/2026 12:47:14 PM,7/9/2026 8:47:14 AM,7/15/2026 12:00:00 AM,7/14/2026 8:00:00 PM,7/15/2026 1:00:00 AM,7/14/2026 9:00:00 PM,PEPCO/MIDATL,4544
7/9/2026 12:47:14 PM,7/9/2026 8:47:14 AM,7/15/2026 1:00:00 AM,7/14/2026 9:00:00 PM,7/15/2026 2:00:00 AM,7/14/2026 10:00:00 PM,PEPCO/MIDATL,4363
7/9/2026 12:47:14 PM,7/9/2026 8:47:14 AM,7/15/2026 2:00:00 AM,7/14/2026 10:00:00 PM,7/15/2026 3:00:00 AM,7/14/2026 11:00:00 PM,PEPCO/MIDATL,4073
7/9/2026 12:47:14 PM,7/9/2026 8:47:14 AM,7/15/2026 3:00:00 AM,7/14/2026 11:00:00 PM,7/15/2026 4:00:00 AM,7/15/2026 12:00:00 AM,PEPCO/MIDATL,3764
7/9/2026 12:47:14 PM,7/9/2026 8:47:14 AM,7/15/2026 4:00:00 AM,7/15/2026 12:00:00 AM,7/15/2026 5:00:00 AM,7/15/2026 1:00:00 AM,PEPCO/MIDATL,3448
7/9/2026 12:47:14 PM,7/9/2026 8:47:14 AM,7/15/2026 5:00:00 AM,7/15/2026 1:00:00 AM,7/15/2026 6:00:00 AM,7/15/2026 2:00:00 AM,PEPCO/MIDATL,3232
7/9/2026 12:47:14 PM,7/9/2026 8:47:14 AM,7/15/2026 6:00:00 AM,7/15/2026 2:00:00 AM,7/15/2026 7:00:00 AM,7/15/2026 3:00:00 AM,PEPCO/MIDATL,3089
7/9/2026 12:47:14 PM,7/9/2026 8:47:14 AM,7/15/2026 7:00:00 AM,7/15/2026 3:00:00 AM,7/15/2026 8:00:00 AM,7/15/2026 4:00:00 AM,PEPCO/MIDATL,3008
7/9/2026 12:47:14 PM,7/9/2026 8:47:14 AM,7/15/2026 8:00:00 AM,7/15/2026 4:00:00 AM,7/15/2026 9:00:00 AM,7/15/2026 5:00:00 AM,PEPCO/MIDATL,3020
7/9/2026 12:47:14 PM,7/9/2026 8:47:14 AM,7/15/2026 9:00:00 AM,7/15/2026 5:00:00 AM,7/15/2026 10:00:00 AM,7/15/2026 6:00:00 AM,PEPCO/MIDATL,3185
7/9/2026 12:47:14 PM,7/9/2026 8:47:14 AM,7/15/2026 10:00:00 AM,7/15/2026 6:00:00 AM,7/15/2026 11:00:00 AM,7/15/2026 7:00:00 AM,PEPCO/MIDATL,3395
7/9/2026 12:47:14 PM,7/9/2026 8:47:14 AM,7/15/2026 11:00:00 AM,7/15/2026 7:00:00 AM,7/15/2026 12:00:00 PM,7/15/2026 8:00:00 AM,PEPCO/MIDATL,3608
7/9/2026 12:47:14 PM,7/9/2026 8:47:14 AM,7/15/2026 12:00:00 PM,7/15/2026 8:00:00 AM,7/15/2026 1:00:00 PM,7/15/2026 9:00:00 AM,PEPCO/MIDATL,3792
7/9/2026 12:47:14 PM,7/9/2026 8:47:14 AM,7/15/2026 1:00:00 PM,7/15/2026 9:00:00 AM,7/15/2026 2:00:00 PM,7/15/2026 10:00:00 AM,PEPCO/MIDATL,3980
7/9/2026 12:47:14 PM,7/9/2026 8:47:14 AM,7/15/2026 2:00:00 PM,7/15/2026 10:00:00 AM,7/15/2026 3:00:00 PM,7/15/2026 11:00:00 AM,PEPCO/MIDATL,4216
7/9/2026 12:47:14 PM,7/9/2026 8:47:14 AM,7/15/2026 3:00:00 PM,7/15/2026 11:00:00 AM,7/15/2026 4:00:00 PM,7/15/2026 12:00:00 PM,PEPCO/MIDATL,4477
7/9/2026 12:47:14 PM,7/9/2026 8:47:14 AM,7/15/2026 4:00:00 PM,7/15/2026 12:00:00 PM,7/15/2026 5:00:00 PM,7/15/2026 1:00:00 PM,PEPCO/MIDATL,4734
7/9/2026 12:47:14 PM,7/9/2026 8:47:14 AM,7/15/2026 5:00:00 PM,7/15/2026 1:00:00 PM,7/15/2026 6:00:00 PM,7/15/2026 2:00:00 PM,PEPCO/MIDATL,4964
7/9/2026 12:47:14 PM,7/9/2026 8:47:14 AM,7/15/2026 6:00:00 PM,7/15/2026 2:00:00 PM,7/15/2026 7:00:00 PM,7/15/2026 3:00:00 PM,PEPCO/MIDATL,5168
7/9/2026 12:47:14 PM,7/9/2026 8:47:14 AM,7/15/2026 7:00:00 PM,7/15/2026 3:00:00 PM,7/15/2026 8:00:00 PM,7/15/2026 4:00:00 PM,PEPCO/MIDATL,5368
7/9/2026 12:47:14 PM,7/9/2026 8:47:14 AM,7/15/2026 8:00:00 PM,7/15/2026 4:00:00 PM,7/15/2026 9:00:00 PM,7/15/2026 5:00:00 PM,PEPCO/MIDATL,5536
7/9/2026 12:47:14 PM,7/9/2026 8:47:14 AM,7/15/2026 9:00:00 PM,7/15/2026 5:00:00 PM,7/15/2026 10:00:00 PM,7/15/2026 6:00:00 PM,PEPCO/MIDATL,5637
7/9/2026 12:47:14 PM,7/9/2026 8:47:14 AM,7/15/2026 10:00:00 PM,7/15/2026 6:00:00 PM,7/15/2026 11:00:00 PM,7/15/2026 7:00:00 PM,PEPCO/MIDATL,5581
7/9/2026 12:47:14 PM,7/9/2026 8:47:14 AM,7/15/2026 11:00:00 PM,7/15/2026 7:00:00 PM,7/16/2026 12:00:00 AM,7/15/2026 8:00:00 PM,PEPCO/MIDATL,5422
7/9/2026 12:47:14 PM,7/9/2026 8:47:14 AM,7/16/2026 12:00:00 AM,7/15/2026 8:00:00 PM,7/16/2026 1:00:00 AM,7/15/2026 9:00:00 PM,PEPCO/MIDATL,5204
7/9/2026 12:47:14 PM,7/9/2026 8:47:14 AM,7/16/2026 1:00:00 AM,7/15/2026 9:00:00 PM,7/16/2026 2:00:00 AM,7/15/2026 10:00:00 PM,PEPCO/MIDATL,5007
7/9/2026 12:47:14 PM,7/9/2026 8:47:14 AM,7/16/2026 2:00:00 AM,7/15/2026 10:00:00 PM,7/16/2026 3:00:00 AM,7/15/2026 11:00:00 PM,PEPCO/MIDATL,4681
7/9/2026 12:47:14 PM,7/9/2026 8:47:14 AM,7/16/2026 3:00:00 AM,7/15/2026 11:00:00 PM,7/16/2026 4:00:00 AM,7/16/2026 12:00:00 AM,PEPCO/MIDATL,4337
7/9/2026 12:47:14 PM,7/9/2026 8:47:14 AM,7/9/2026 4:00:00 AM,7/9/2026 12:00:00 AM,7/9/2026 5:00:00 AM,7/9/2026 1:00:00 AM,PPL/MIDATL,4769
7/9/2026 12:47:14 PM,7/9/2026 8:47:14 AM,7/9/2026 5:00:00 AM,7/9/2026 1:00:00 AM,7/9/2026 6:00:00 AM,7/9/2026 2:00:00 AM,PPL/MIDATL,4535
7/9/2026 12:47:14 PM,7/9/2026 8:47:14 AM,7/9/2026 6:00:00 AM,7/9/2026 2:00:00 AM,7/9/2026 7:00:00 AM,7/9/2026 3:00:00 AM,PPL/MIDATL,4358
7/9/2026 12:47:14 PM,7/9/2026 8:47:14 AM,7/9/2026 7:00:00 AM,7/9/2026 3:00:00 AM,7/9/2026 8:00:00 AM,7/9/2026 4:00:00 AM,PPL/MIDATL,4278
7/9/2026 12:47:14 PM,7/9/2026 8:47:14 AM,7/9/2026 8:00:00 AM,7/9/2026 4:00:00 AM,7/9/2026 9:00:00 AM,7/9/2026 5:00:00 AM,PPL/MIDATL,4288
7/9/2026 12:47:14 PM,7/9/2026 8:47:14 AM,7/9/2026 9:00:00 AM,7/9/2026 5:00:00 AM,7/9/2026 10:00:00 AM,7/9/2026 6:00:00 AM,PPL/MIDATL,4444
7/9/2026 12:47:14 PM,7/9/2026 8:47:14 AM,7/9/2026 10:00:00 AM,7/9/2026 6:00:00 AM,7/9/2026 11:00:00 AM,7/9/2026 7:00:00 AM,PPL/MIDATL,4791
7/9/2026 12:47:14 PM,7/9/2026 8:47:14 AM,7/9/2026 11:00:00 AM,7/9/2026 7:00:00 AM,7/9/2026 12:00:00 PM,7/9/2026 8:00:00 AM,PPL/MIDATL,5080
7/9/2026 12:47:14 PM,7/9/2026 8:47:14 AM,7/9/2026 12:00:00 PM,7/9/2026 8:00:00 AM,7/9/2026 1:00:00 PM,7/9/2026 9:00:00 AM,PPL/MIDATL,5259
7/9/2026 12:47:14 PM,7/9/2026 8:47:14 AM,7/9/2026 1:00:00 PM,7/9/2026 9:00:00 AM,7/9/2026 2:00:00 PM,7/9/2026 10:00:00 AM,PPL/MIDATL,5414
7/9/2026 12:47:14 PM,7/9/2026 8:47:14 AM,7/9/2026 2:00:00 PM,7/9/2026 10:00:00 AM,7/9/2026 3:00:00 PM,7/9/2026 11:00:00 AM,PPL/MIDATL,5599
7/9/2026 12:47:14 PM,7/9/2026 8:47:14 AM,7/9/2026 3:00:00 PM,7/9/2026 11:00:00 AM,7/9/2026 4:00:00 PM,7/9/2026 12:00:00 PM,PPL/MIDATL,5771
7/9/2026 12:47:14 PM,7/9/2026 8:47:14 AM,7/9/2026 4:00:00 PM,7/9/2026 12:00:00 PM,7/9/2026 5:00:00 PM,7/9/2026 1:00:00 PM,PPL/MIDATL,5940
7/9/2026 12:47:14 PM,7/9/2026 8:47:14 AM,7/9/2026 5:00:00 PM,7/9/2026 1:00:00 PM,7/9/2026 6:00:00 PM,7/9/2026 2:00:00 PM,PPL/MIDATL,6111
7/9/2026 12:47:14 PM,7/9/2026 8:47:14 AM,7/9/2026 6:00:00 PM,7/9/2026 2:00:00 PM,7/9/2026 7:00:00 PM,7/9/2026 3:00:00 PM,PPL/MIDATL,6185
7/9/2026 12:47:14 PM,7/9/2026 8:47:14 AM,7/9/2026 7:00:00 PM,7/9/2026 3:00:00 PM,7/9/2026 8:00:00 PM,7/9/2026 4:00:00 PM,PPL/MIDATL,6199
7/9/2026 12:47:14 PM,7/9/2026 8:47:14 AM,7/9/2026 8:00:00 PM,7/9/2026 4:00:00 PM,7/9/2026 9:00:00 PM,7/9/2026 5:00:00 PM,PPL/MIDATL,6322
7/9/2026 12:47:14 PM,7/9/2026 8:47:14 AM,7/9/2026 9:00:00 PM,7/9/2026 5:00:00 PM,7/9/2026 10:00:00 PM,7/9/2026 6:00:00 PM,PPL/MIDATL,6361
7/9/2026 12:47:14 PM,7/9/2026 8:47:14 AM,7/9/2026 10:00:00 PM,7/9/2026 6:00:00 PM,7/9/2026 11:00:00 PM,7/9/2026 7:00:00 PM,PPL/MIDATL,6302
7/9/2026 12:47:14 PM,7/9/2026 8:47:14 AM,7/9/2026 11:00:00 PM,7/9/2026 7:00:00 PM,7/10/2026 12:00:00 AM,7/9/2026 8:00:00 PM,PPL/MIDATL,6200
7/9/2026 12:47:14 PM,7/9/2026 8:47:14 AM,7/10/2026 12:00:00 AM,7/9/2026 8:00:00 PM,7/10/2026 1:00:00 AM,7/9/2026 9:00:00 PM,PPL/MIDATL,6042
7/9/2026 12:47:14 PM,7/9/2026 8:47:14 AM,7/10/2026 1:00:00 AM,7/9/2026 9:00:00 PM,7/10/2026 2:00:00 AM,7/9/2026 10:00:00 PM,PPL/MIDATL,5821
7/9/2026 12:47:14 PM,7/9/2026 8:47:14 AM,7/10/2026 2:00:00 AM,7/9/2026 10:00:00 PM,7/10/2026 3:00:00 AM,7/9/2026 11:00:00 PM,PPL/MIDATL,5444
7/9/2026 12:47:14 PM,7/9/2026 8:47:14 AM,7/10/2026 3:00:00 AM,7/9/2026 11:00:00 PM,7/10/2026 4:00:00 AM,7/10/2026 12:00:00 AM,PPL/MIDATL,5084
7/9/2026 12:47:14 PM,7/9/2026 8:47:14 AM,7/10/2026 4:00:00 AM,7/10/2026 12:00:00 AM,7/10/2026 5:00:00 AM,7/10/2026 1:00:00 AM,PPL/MIDATL,4718
7/9/2026 12:47:14 PM,7/9/2026 8:47:14 AM,7/10/2026 5:00:00 AM,7/10/2026 1:00:00 AM,7/10/2026 6:00:00 AM,7/10/2026 2:00:00 AM,PPL/MIDATL,4503
7/9/2026 12:47:14 PM,7/9/2026 8:47:14 AM,7/10/2026 6:00:00 AM,7/10/2026 2:00:00 AM,7/10/2026 7:00:00 AM,7/10/2026 3:00:00 AM,PPL/MIDATL,4354
7/9/2026 12:47:14 PM,7/9/2026 8:47:14 AM,7/10/2026 7:00:00 AM,7/10/2026 3:00:00 AM,7/10/2026 8:00:00 AM,7/10/2026 4:00:00 AM,PPL/MIDATL,4265
7/9/2026 12:47:14 PM,7/9/2026 8:47:14 AM,7/10/2026 8:00:00 AM,7/10/2026 4:00:00 AM,7/10/2026 9:00:00 AM,7/10/2026 5:00:00 AM,PPL/MIDATL,4283
7/9/2026 12:47:14 PM,7/9/2026 8:47:14 AM,7/10/2026 9:00:00 AM,7/10/2026 5:00:00 AM,7/10/2026 10:00:00 AM,7/10/2026 6:00:00 AM,PPL/MIDATL,4403
7/9/2026 12:47:14 PM,7/9/2026 8:47:14 AM,7/10/2026 10:00:00 AM,7/10/2026 6:00:00 AM,7/10/2026 11:00:00 AM,7/10/2026 7:00:00 AM,PPL/MIDATL,4696
7/9/2026 12:47:14 PM,7/9/2026 8:47:14 AM,7/10/2026 11:00:00 AM,7/10/2026 7:00:00 AM,7/10/2026 12:00:00 PM,7/10/2026 8:00:00 AM,PPL/MIDATL,4980
7/9/2026 12:47:14 PM,7/9/2026 8:47:14 AM,7/10/2026 12:00:00 PM,7/10/2026 8:00:00 AM,7/10/2026 1:00:00 PM,7/10/2026 9:00:00 AM,PPL/MIDATL,5217
7/9/2026 12:47:14 PM,7/9/2026 8:47:14 AM,7/10/2026 1:00:00 PM,7/10/2026 9:00:00 AM,7/10/2026 2:00:00 PM,7/10/2026 10:00:00 AM,PPL/MIDATL,5406
7/9/2026 12:47:14 PM,7/9/2026 8:47:14 AM,7/10/2026 2:00:00 PM,7/10/2026 10:00:00 AM,7/10/2026 3:00:00 PM,7/10/2026 11:00:00 AM,PPL/MIDATL,5620
7/9/2026 12:47:14 PM,7/9/2026 8:47:14 AM,7/10/2026 3:00:00 PM,7/10/2026 11:00:00 AM,7/10/2026 4:00:00 PM,7/10/2026 12:00:00 PM,PPL/MIDATL,5800
7/9/2026 12:47:14 PM,7/9/2026 8:47:14 AM,7/10/2026 4:00:00 PM,7/10/2026 12:00:00 PM,7/10/2026 5:00:00 PM,7/10/2026 1:00:00 PM,PPL/MIDATL,5981
7/9/2026 12:47:14 PM,7/9/2026 8:47:14 AM,7/10/2026 5:00:00 PM,7/10/2026 1:00:00 PM,7/10/2026 6:00:00 PM,7/10/2026 2:00:00 PM,PPL/MIDATL,6139
7/9/2026 12:47:14 PM,7/9/2026 8:47:14 AM,7/10/2026 6:00:00 PM,7/10/2026 2:00:00 PM,7/10/2026 7:00:00 PM,7/10/2026 3:00:00 PM,PPL/MIDATL,6241
7/9/2026 12:47:14 PM,7/9/2026 8:47:14 AM,7/10/2026 7:00:00 PM,7/10/2026 3:00:00 PM,7/10/2026 8:00:00 PM,7/10/2026 4:00:00 PM,PPL/MIDATL,6282
7/9/2026 12:47:14 PM,7/9/2026 8:47:14 AM,7/10/2026 8:00:00 PM,7/10/2026 4:00:00 PM,7/10/2026 9:00:00 PM,7/10/2026 5:00:00 PM,PPL/MIDATL,6334
7/9/2026 12:47:14 PM,7/9/2026 8:47:14 AM,7/10/2026 9:00:00 PM,7/10/2026 5:00:00 PM,7/10/2026 10:00:00 PM,7/10/2026 6:00:00 PM,PPL/MIDATL,6322
7/9/2026 12:47:14 PM,7/9/2026 8:47:14 AM,7/10/2026 10:00:00 PM,7/10/2026 6:00:00 PM,7/10/2026 11:00:00 PM,7/10/2026 7:00:00 PM,PPL/MIDATL,6189
7/9/2026 12:47:14 PM,7/9/2026 8:47:14 AM,7/10/2026 11:00:00 PM,7/10/2026 7:00:00 PM,7/11/2026 12:00:00 AM,7/10/2026 8:00:00 PM,PPL/MIDATL,6064
7/9/2026 12:47:14 PM,7/9/2026 8:47:14 AM,7/11/2026 12:00:00 AM,7/10/2026 8:00:00 PM,7/11/2026 1:00:00 AM,7/10/2026 9:00:00 PM,PPL/MIDATL,5867
7/9/2026 12:47:14 PM,7/9/2026 8:47:14 AM,7/11/2026 1:00:00 AM,7/10/2026 9:00:00 PM,7/11/2026 2:00:00 AM,7/10/2026 10:00:00 PM,PPL/MIDATL,5671
7/9/2026 12:47:14 PM,7/9/2026 8:47:14 AM,7/11/2026 2:00:00 AM,7/10/2026 10:00:00 PM,7/11/2026 3:00:00 AM,7/10/2026 11:00:00 PM,PPL/MIDATL,5309
7/9/2026 12:47:14 PM,7/9/2026 8:47:14 AM,7/11/2026 3:00:00 AM,7/10/2026 11:00:00 PM,7/11/2026 4:00:00 AM,7/11/2026 12:00:00 AM,PPL/MIDATL,4927
7/9/2026 12:47:14 PM,7/9/2026 8:47:14 AM,7/11/2026 4:00:00 AM,7/11/2026 12:00:00 AM,7/11/2026 5:00:00 AM,7/11/2026 1:00:00 AM,PPL/MIDATL,4640
7/9/2026 12:47:14 PM,7/9/2026 8:47:14 AM,7/11/2026 5:00:00 AM,7/11/2026 1:00:00 AM,7/11/2026 6:00:00 AM,7/11/2026 2:00:00 AM,PPL/MIDATL,4423
7/9/2026 12:47:14 PM,7/9/2026 8:47:14 AM,7/11/2026 6:00:00 AM,7/11/2026 2:00:00 AM,7/11/2026 7:00:00 AM,7/11/2026 3:00:00 AM,PPL/MIDATL,4266
7/9/2026 12:47:14 PM,7/9/2026 8:47:14 AM,7/11/2026 7:00:00 AM,7/11/2026 3:00:00 AM,7/11/2026 8:00:00 AM,7/11/2026 4:00:00 AM,PPL/MIDATL,4151
7/9/2026 12:47:14 PM,7/9/2026 8:47:14 AM,7/11/2026 8:00:00 AM,7/11/2026 4:00:00 AM,7/11/2026 9:00:00 AM,7/11/2026 5:00:00 AM,PPL/MIDATL,4093
7/9/2026 12:47:14 PM,7/9/2026 8:47:14 AM,7/11/2026 9:00:00 AM,7/11/2026 5:00:00 AM,7/11/2026 10:00:00 AM,7/11/2026 6:00:00 AM,PPL/MIDATL,4100
7/9/2026 12:47:14 PM,7/9/2026 8:47:14 AM,7/11/2026 10:00:00 AM,7/11/2026 6:00:00 AM,7/11/2026 11:00:00 AM,7/11/2026 7:00:00 AM,PPL/MIDATL,4154
7/9/2026 12:47:14 PM,7/9/2026 8:47:14 AM,7/11/2026 11:00:00 AM,7/11/2026 7:00:00 AM,7/11/2026 12:00:00 PM,7/11/2026 8:00:00 AM,PPL/MIDATL,4317
7/9/2026 12:47:14 PM,7/9/2026 8:47:14 AM,7/11/2026 12:00:00 PM,7/11/2026 8:00:00 AM,7/11/2026 1:00:00 PM,7/11/2026 9:00:00 AM,PPL/MIDATL,4599
7/9/2026 12:47:14 PM,7/9/2026 8:47:14 AM,7/11/2026 1:00:00 PM,7/11/2026 9:00:00 AM,7/11/2026 2:00:00 PM,7/11/2026 10:00:00 AM,PPL/MIDATL,4869
7/9/2026 12:47:14 PM,7/9/2026 8:47:14 AM,7/11/2026 2:00:00 PM,7/11/2026 10:00:00 AM,7/11/2026 3:00:00 PM,7/11/2026 11:00:00 AM,PPL/MIDATL,5089
7/9/2026 12:47:14 PM,7/9/2026 8:47:14 AM,7/11/2026 3:00:00 PM,7/11/2026 11:00:00 AM,7/11/2026 4:00:00 PM,7/11/2026 12:00:00 PM,PPL/MIDATL,5275
7/9/2026 12:47:14 PM,7/9/2026 8:47:14 AM,7/11/2026 4:00:00 PM,7/11/2026 12:00:00 PM,7/11/2026 5:00:00 PM,7/11/2026 1:00:00 PM,PPL/MIDATL,5425
7/9/2026 12:47:14 PM,7/9/2026 8:47:14 AM,7/11/2026 5:00:00 PM,7/11/2026 1:00:00 PM,7/11/2026 6:00:00 PM,7/11/2026 2:00:00 PM,PPL/MIDATL,5531
7/9/2026 12:47:14 PM,7/9/2026 8:47:14 AM,7/11/2026 6:00:00 PM,7/11/2026 2:00:00 PM,7/11/2026 7:00:00 PM,7/11/2026 3:00:00 PM,PPL/MIDATL,5608
7/9/2026 12:47:14 PM,7/9/2026 8:47:14 AM,7/11/2026 7:00:00 PM,7/11/2026 3:00:00 PM,7/11/2026 8:00:00 PM,7/11/2026 4:00:00 PM,PPL/MIDATL,5675
7/9/2026 12:47:14 PM,7/9/2026 8:47:14 AM,7/11/2026 8:00:00 PM,7/11/2026 4:00:00 PM,7/11/2026 9:00:00 PM,7/11/2026 5:00:00 PM,PPL/MIDATL,5755
7/9/2026 12:47:14 PM,7/9/2026 8:47:14 AM,7/11/2026 9:00:00 PM,7/11/2026 5:00:00 PM,7/11/2026 10:00:00 PM,7/11/2026 6:00:00 PM,PPL/MIDATL,5789
7/9/2026 12:47:14 PM,7/9/2026 8:47:14 AM,7/11/2026 10:00:00 PM,7/11/2026 6:00:00 PM,7/11/2026 11:00:00 PM,7/11/2026 7:00:00 PM,PPL/MIDATL,5747
7/9/2026 12:47:14 PM,7/9/2026 8:47:14 AM,7/11/2026 11:00:00 PM,7/11/2026 7:00:00 PM,7/12/2026 12:00:00 AM,7/11/2026 8:00:00 PM,PPL/MIDATL,5629
7/9/2026 12:47:14 PM,7/9/2026 8:47:14 AM,7/12/2026 12:00:00 AM,7/11/2026 8:00:00 PM,7/12/2026 1:00:00 AM,7/11/2026 9:00:00 PM,PPL/MIDATL,5497
7/9/2026 12:47:14 PM,7/9/2026 8:47:14 AM,7/12/2026 1:00:00 AM,7/11/2026 9:00:00 PM,7/12/2026 2:00:00 AM,7/11/2026 10:00:00 PM,PPL/MIDATL,5325
7/9/2026 12:47:14 PM,7/9/2026 8:47:14 AM,7/12/2026 2:00:00 AM,7/11/2026 10:00:00 PM,7/12/2026 3:00:00 AM,7/11/2026 11:00:00 PM,PPL/MIDATL,5038
7/9/2026 12:47:14 PM,7/9/2026 8:47:14 AM,7/12/2026 3:00:00 AM,7/11/2026 11:00:00 PM,7/12/2026 4:00:00 AM,7/12/2026 12:00:00 AM,PPL/MIDATL,4707
7/9/2026 12:47:14 PM,7/9/2026 8:47:14 AM,7/12/2026 4:00:00 AM,7/12/2026 12:00:00 AM,7/12/2026 5:00:00 AM,7/12/2026 1:00:00 AM,PPL/MIDATL,4289
7/9/2026 12:47:14 PM,7/9/2026 8:47:14 AM,7/12/2026 5:00:00 AM,7/12/2026 1:00:00 AM,7/12/2026 6:00:00 AM,7/12/2026 2:00:00 AM,PPL/MIDATL,4098
7/9/2026 12:47:14 PM,7/9/2026 8:47:14 AM,7/12/2026 6:00:00 AM,7/12/2026 2:00:00 AM,7/12/2026 7:00:00 AM,7/12/2026 3:00:00 AM,PPL/MIDATL,3952
7/9/2026 12:47:14 PM,7/9/2026 8:47:14 AM,7/12/2026 7:00:00 AM,7/12/2026 3:00:00 AM,7/12/2026 8:00:00 AM,7/12/2026 4:00:00 AM,PPL/MIDATL,3840
7/9/2026 12:47:14 PM,7/9/2026 8:47:14 AM,7/12/2026 8:00:00 AM,7/12/2026 4:00:00 AM,7/12/2026 9:00:00 AM,7/12/2026 5:00:00 AM,PPL/MIDATL,3789
7/9/2026 12:47:14 PM,7/9/2026 8:47:14 AM,7/12/2026 9:00:00 AM,7/12/2026 5:00:00 AM,7/12/2026 10:00:00 AM,7/12/2026 6:00:00 AM,PPL/MIDATL,3754
7/9/2026 12:47:14 PM,7/9/2026 8:47:14 AM,7/12/2026 10:00:00 AM,7/12/2026 6:00:00 AM,7/12/2026 11:00:00 AM,7/12/2026 7:00:00 AM,PPL/MIDATL,3783
7/9/2026 12:47:14 PM,7/9/2026 8:47:14 AM,7/12/2026 11:00:00 AM,7/12/2026 7:00:00 AM,7/12/2026 12:00:00 PM,7/12/2026 8:00:00 AM,PPL/MIDATL,3947
7/9/2026 12:47:14 PM,7/9/2026 8:47:14 AM,7/12/2026 12:00:00 PM,7/12/2026 8:00:00 AM,7/12/2026 1:00:00 PM,7/12/2026 9:00:00 AM,PPL/MIDATL,4234
7/9/2026 12:47:14 PM,7/9/2026 8:47:14 AM,7/12/2026 1:00:00 PM,7/12/2026 9:00:00 AM,7/12/2026 2:00:00 PM,7/12/2026 10:00:00 AM,PPL/MIDATL,4481
7/9/2026 12:47:14 PM,7/9/2026 8:47:14 AM,7/12/2026 2:00:00 PM,7/12/2026 10:00:00 AM,7/12/2026 3:00:00 PM,7/12/2026 11:00:00 AM,PPL/MIDATL,4711
7/9/2026 12:47:14 PM,7/9/2026 8:47:14 AM,7/12/2026 3:00:00 PM,7/12/2026 11:00:00 AM,7/12/2026 4:00:00 PM,7/12/2026 12:00:00 PM,PPL/MIDATL,4927
7/9/2026 12:47:14 PM,7/9/2026 8:47:14 AM,7/12/2026 4:00:00 PM,7/12/2026 12:00:00 PM,7/12/2026 5:00:00 PM,7/12/2026 1:00:00 PM,PPL/MIDATL,5130
7/9/2026 12:47:14 PM,7/9/2026 8:47:14 AM,7/12/2026 5:00:00 PM,7/12/2026 1:00:00 PM,7/12/2026 6:00:00 PM,7/12/2026 2:00:00 PM,PPL/MIDATL,5281
7/9/2026 12:47:14 PM,7/9/2026 8:47:14 AM,7/12/2026 6:00:00 PM,7/12/2026 2:00:00 PM,7/12/2026 7:00:00 PM,7/12/2026 3:00:00 PM,PPL/MIDATL,5415
7/9/2026 12:47:14 PM,7/9/2026 8:47:14 AM,7/12/2026 7:00:00 PM,7/12/2026 3:00:00 PM,7/12/2026 8:00:00 PM,7/12/2026 4:00:00 PM,PPL/MIDATL,5542
7/9/2026 12:47:14 PM,7/9/2026 8:47:14 AM,7/12/2026 8:00:00 PM,7/12/2026 4:00:00 PM,7/12/2026 9:00:00 PM,7/12/2026 5:00:00 PM,PPL/MIDATL,5689
7/9/2026 12:47:14 PM,7/9/2026 8:47:14 AM,7/12/2026 9:00:00 PM,7/12/2026 5:00:00 PM,7/12/2026 10:00:00 PM,7/12/2026 6:00:00 PM,PPL/MIDATL,5797
7/9/2026 12:47:14 PM,7/9/2026 8:47:14 AM,7/12/2026 10:00:00 PM,7/12/2026 6:00:00 PM,7/12/2026 11:00:00 PM,7/12/2026 7:00:00 PM,PPL/MIDATL,5793
7/9/2026 12:47:14 PM,7/9/2026 8:47:14 AM,7/12/2026 11:00:00 PM,7/12/2026 7:00:00 PM,7/13/2026 12:00:00 AM,7/12/2026 8:00:00 PM,PPL/MIDATL,5700
7/9/2026 12:47:14 PM,7/9/2026 8:47:14 AM,7/13/2026 12:00:00 AM,7/12/2026 8:00:00 PM,7/13/2026 1:00:00 AM,7/12/2026 9:00:00 PM,PPL/MIDATL,5550
7/9/2026 12:47:14 PM,7/9/2026 8:47:14 AM,7/13/2026 1:00:00 AM,7/12/2026 9:00:00 PM,7/13/2026 2:00:00 AM,7/12/2026 10:00:00 PM,PPL/MIDATL,5356
7/9/2026 12:47:14 PM,7/9/2026 8:47:14 AM,7/13/2026 2:00:00 AM,7/12/2026 10:00:00 PM,7/13/2026 3:00:00 AM,7/12/2026 11:00:00 PM,PPL/MIDATL,5006
7/9/2026 12:47:14 PM,7/9/2026 8:47:14 AM,7/13/2026 3:00:00 AM,7/12/2026 11:00:00 PM,7/13/2026 4:00:00 AM,7/13/2026 12:00:00 AM,PPL/MIDATL,4677
7/9/2026 12:47:14 PM,7/9/2026 8:47:14 AM,7/13/2026 4:00:00 AM,7/13/2026 12:00:00 AM,7/13/2026 5:00:00 AM,7/13/2026 1:00:00 AM,PPL/MIDATL,4253
7/9/2026 12:47:14 PM,7/9/2026 8:47:14 AM,7/13/2026 5:00:00 AM,7/13/2026 1:00:00 AM,7/13/2026 6:00:00 AM,7/13/2026 2:00:00 AM,PPL/MIDATL,4046
7/9/2026 12:47:14 PM,7/9/2026 8:47:14 AM,7/13/2026 6:00:00 AM,7/13/2026 2:00:00 AM,7/13/2026 7:00:00 AM,7/13/2026 3:00:00 AM,PPL/MIDATL,3875
7/9/2026 12:47:14 PM,7/9/2026 8:47:14 AM,7/13/2026 7:00:00 AM,7/13/2026 3:00:00 AM,7/13/2026 8:00:00 AM,7/13/2026 4:00:00 AM,PPL/MIDATL,3818
7/9/2026 12:47:14 PM,7/9/2026 8:47:14 AM,7/13/2026 8:00:00 AM,7/13/2026 4:00:00 AM,7/13/2026 9:00:00 AM,7/13/2026 5:00:00 AM,PPL/MIDATL,3840
7/9/2026 12:47:14 PM,7/9/2026 8:47:14 AM,7/13/2026 9:00:00 AM,7/13/2026 5:00:00 AM,7/13/2026 10:00:00 AM,7/13/2026 6:00:00 AM,PPL/MIDATL,4007
7/9/2026 12:47:14 PM,7/9/2026 8:47:14 AM,7/13/2026 10:00:00 AM,7/13/2026 6:00:00 AM,7/13/2026 11:00:00 AM,7/13/2026 7:00:00 AM,PPL/MIDATL,4338
7/9/2026 12:47:14 PM,7/9/2026 8:47:14 AM,7/13/2026 11:00:00 AM,7/13/2026 7:00:00 AM,7/13/2026 12:00:00 PM,7/13/2026 8:00:00 AM,PPL/MIDATL,4618
7/9/2026 12:47:14 PM,7/9/2026 8:47:14 AM,7/13/2026 12:00:00 PM,7/13/2026 8:00:00 AM,7/13/2026 1:00:00 PM,7/13/2026 9:00:00 AM,PPL/MIDATL,4825
7/9/2026 12:47:14 PM,7/9/2026 8:47:14 AM,7/13/2026 1:00:00 PM,7/13/2026 9:00:00 AM,7/13/2026 2:00:00 PM,7/13/2026 10:00:00 AM,PPL/MIDATL,5003
7/9/2026 12:47:14 PM,7/9/2026 8:47:14 AM,7/13/2026 2:00:00 PM,7/13/2026 10:00:00 AM,7/13/2026 3:00:00 PM,7/13/2026 11:00:00 AM,PPL/MIDATL,5206
7/9/2026 12:47:14 PM,7/9/2026 8:47:14 AM,7/13/2026 3:00:00 PM,7/13/2026 11:00:00 AM,7/13/2026 4:00:00 PM,7/13/2026 12:00:00 PM,PPL/MIDATL,5484
7/9/2026 12:47:14 PM,7/9/2026 8:47:14 AM,7/13/2026 4:00:00 PM,7/13/2026 12:00:00 PM,7/13/2026 5:00:00 PM,7/13/2026 1:00:00 PM,PPL/MIDATL,5669
7/9/2026 12:47:14 PM,7/9/2026 8:47:14 AM,7/13/2026 5:00:00 PM,7/13/2026 1:00:00 PM,7/13/2026 6:00:00 PM,7/13/2026 2:00:00 PM,PPL/MIDATL,5858
7/9/2026 12:47:14 PM,7/9/2026 8:47:14 AM,7/13/2026 6:00:00 PM,7/13/2026 2:00:00 PM,7/13/2026 7:00:00 PM,7/13/2026 3:00:00 PM,PPL/MIDATL,5982
7/9/2026 12:47:14 PM,7/9/2026 8:47:14 AM,7/13/2026 7:00:00 PM,7/13/2026 3:00:00 PM,7/13/2026 8:00:00 PM,7/13/2026 4:00:00 PM,PPL/MIDATL,6048
7/9/2026 12:47:14 PM,7/9/2026 8:47:14 AM,7/13/2026 8:00:00 PM,7/13/2026 4:00:00 PM,7/13/2026 9:00:00 PM,7/13/2026 5:00:00 PM,PPL/MIDATL,6141
7/9/2026 12:47:14 PM,7/9/2026 8:47:14 AM,7/13/2026 9:00:00 PM,7/13/2026 5:00:00 PM,7/13/2026 10:00:00 PM,7/13/2026 6:00:00 PM,PPL/MIDATL,6218
7/9/2026 12:47:14 PM,7/9/2026 8:47:14 AM,7/13/2026 10:00:00 PM,7/13/2026 6:00:00 PM,7/13/2026 11:00:00 PM,7/13/2026 7:00:00 PM,PPL/MIDATL,6196
7/9/2026 12:47:14 PM,7/9/2026 8:47:14 AM,7/13/2026 11:00:00 PM,7/13/2026 7:00:00 PM,7/14/2026 12:00:00 AM,7/13/2026 8:00:00 PM,PPL/MIDATL,6092
7/9/2026 12:47:14 PM,7/9/2026 8:47:14 AM,7/14/2026 12:00:00 AM,7/13/2026 8:00:00 PM,7/14/2026 1:00:00 AM,7/13/2026 9:00:00 PM,PPL/MIDATL,5903
7/9/2026 12:47:14 PM,7/9/2026 8:47:14 AM,7/14/2026 1:00:00 AM,7/13/2026 9:00:00 PM,7/14/2026 2:00:00 AM,7/13/2026 10:00:00 PM,PPL/MIDATL,5660
7/9/2026 12:47:14 PM,7/9/2026 8:47:14 AM,7/14/2026 2:00:00 AM,7/13/2026 10:00:00 PM,7/14/2026 3:00:00 AM,7/13/2026 11:00:00 PM,PPL/MIDATL,5255
7/9/2026 12:47:14 PM,7/9/2026 8:47:14 AM,7/14/2026 3:00:00 AM,7/13/2026 11:00:00 PM,7/14/2026 4:00:00 AM,7/14/2026 12:00:00 AM,PPL/MIDATL,4883
7/9/2026 12:47:14 PM,7/9/2026 8:47:14 AM,7/14/2026 4:00:00 AM,7/14/2026 12:00:00 AM,7/14/2026 5:00:00 AM,7/14/2026 1:00:00 AM,PPL/MIDATL,4581
7/9/2026 12:47:14 PM,7/9/2026 8:47:14 AM,7/14/2026 5:00:00 AM,7/14/2026 1:00:00 AM,7/14/2026 6:00:00 AM,7/14/2026 2:00:00 AM,PPL/MIDATL,4369
7/9/2026 12:47:14 PM,7/9/2026 8:47:14 AM,7/14/2026 6:00:00 AM,7/14/2026 2:00:00 AM,7/14/2026 7:00:00 AM,7/14/2026 3:00:00 AM,PPL/MIDATL,4214
7/9/2026 12:47:14 PM,7/9/2026 8:47:14 AM,7/14/2026 7:00:00 AM,7/14/2026 3:00:00 AM,7/14/2026 8:00:00 AM,7/14/2026 4:00:00 AM,PPL/MIDATL,4125
7/9/2026 12:47:14 PM,7/9/2026 8:47:14 AM,7/14/2026 8:00:00 AM,7/14/2026 4:00:00 AM,7/14/2026 9:00:00 AM,7/14/2026 5:00:00 AM,PPL/MIDATL,4131
7/9/2026 12:47:14 PM,7/9/2026 8:47:14 AM,7/14/2026 9:00:00 AM,7/14/2026 5:00:00 AM,7/14/2026 10:00:00 AM,7/14/2026 6:00:00 AM,PPL/MIDATL,4284
7/9/2026 12:47:14 PM,7/9/2026 8:47:14 AM,7/14/2026 10:00:00 AM,7/14/2026 6:00:00 AM,7/14/2026 11:00:00 AM,7/14/2026 7:00:00 AM,PPL/MIDATL,4577
7/9/2026 12:47:14 PM,7/9/2026 8:47:14 AM,7/14/2026 11:00:00 AM,7/14/2026 7:00:00 AM,7/14/2026 12:00:00 PM,7/14/2026 8:00:00 AM,PPL/MIDATL,4880
7/9/2026 12:47:14 PM,7/9/2026 8:47:14 AM,7/14/2026 12:00:00 PM,7/14/2026 8:00:00 AM,7/14/2026 1:00:00 PM,7/14/2026 9:00:00 AM,PPL/MIDATL,5128
7/9/2026 12:47:14 PM,7/9/2026 8:47:14 AM,7/14/2026 1:00:00 PM,7/14/2026 9:00:00 AM,7/14/2026 2:00:00 PM,7/14/2026 10:00:00 AM,PPL/MIDATL,5323
7/9/2026 12:47:14 PM,7/9/2026 8:47:14 AM,7/14/2026 2:00:00 PM,7/14/2026 10:00:00 AM,7/14/2026 3:00:00 PM,7/14/2026 11:00:00 AM,PPL/MIDATL,5569
7/9/2026 12:47:14 PM,7/9/2026 8:47:14 AM,7/14/2026 3:00:00 PM,7/14/2026 11:00:00 AM,7/14/2026 4:00:00 PM,7/14/2026 12:00:00 PM,PPL/MIDATL,5817
7/9/2026 12:47:14 PM,7/9/2026 8:47:14 AM,7/14/2026 4:00:00 PM,7/14/2026 12:00:00 PM,7/14/2026 5:00:00 PM,7/14/2026 1:00:00 PM,PPL/MIDATL,6062
7/9/2026 12:47:14 PM,7/9/2026 8:47:14 AM,7/14/2026 5:00:00 PM,7/14/2026 1:00:00 PM,7/14/2026 6:00:00 PM,7/14/2026 2:00:00 PM,PPL/MIDATL,6292
7/9/2026 12:47:14 PM,7/9/2026 8:47:14 AM,7/14/2026 6:00:00 PM,7/14/2026 2:00:00 PM,7/14/2026 7:00:00 PM,7/14/2026 3:00:00 PM,PPL/MIDATL,6457
7/9/2026 12:47:14 PM,7/9/2026 8:47:14 AM,7/14/2026 7:00:00 PM,7/14/2026 3:00:00 PM,7/14/2026 8:00:00 PM,7/14/2026 4:00:00 PM,PPL/MIDATL,6545
7/9/2026 12:47:14 PM,7/9/2026 8:47:14 AM,7/14/2026 8:00:00 PM,7/14/2026 4:00:00 PM,7/14/2026 9:00:00 PM,7/14/2026 5:00:00 PM,PPL/MIDATL,6642
7/9/2026 12:47:14 PM,7/9/2026 8:47:14 AM,7/14/2026 9:00:00 PM,7/14/2026 5:00:00 PM,7/14/2026 10:00:00 PM,7/14/2026 6:00:00 PM,PPL/MIDATL,6673
7/9/2026 12:47:14 PM,7/9/2026 8:47:14 AM,7/14/2026 10:00:00 PM,7/14/2026 6:00:00 PM,7/14/2026 11:00:00 PM,7/14/2026 7:00:00 PM,PPL/MIDATL,6628
7/9/2026 12:47:14 PM,7/9/2026 8:47:14 AM,7/14/2026 11:00:00 PM,7/14/2026 7:00:00 PM,7/15/2026 12:00:00 AM,7/14/2026 8:00:00 PM,PPL/MIDATL,6496
7/9/2026 12:47:14 PM,7/9/2026 8:47:14 AM,7/15/2026 12:00:00 AM,7/14/2026 8:00:00 PM,7/15/2026 1:00:00 AM,7/14/2026 9:00:00 PM,PPL/MIDATL,6297
7/9/2026 12:47:14 PM,7/9/2026 8:47:14 AM,7/15/2026 1:00:00 AM,7/14/2026 9:00:00 PM,7/15/2026 2:00:00 AM,7/14/2026 10:00:00 PM,PPL/MIDATL,6066
7/9/2026 12:47:14 PM,7/9/2026 8:47:14 AM,7/15/2026 2:00:00 AM,7/14/2026 10:00:00 PM,7/15/2026 3:00:00 AM,7/14/2026 11:00:00 PM,PPL/MIDATL,5640
7/9/2026 12:47:14 PM,7/9/2026 8:47:14 AM,7/15/2026 3:00:00 AM,7/14/2026 11:00:00 PM,7/15/2026 4:00:00 AM,7/15/2026 12:00:00 AM,PPL/MIDATL,5239
7/9/2026 12:47:14 PM,7/9/2026 8:47:14 AM,7/15/2026 4:00:00 AM,7/15/2026 12:00:00 AM,7/15/2026 5:00:00 AM,7/15/2026 1:00:00 AM,PPL/MIDATL,4913
7/9/2026 12:47:14 PM,7/9/2026 8:47:14 AM,7/15/2026 5:00:00 AM,7/15/2026 1:00:00 AM,7/15/2026 6:00:00 AM,7/15/2026 2:00:00 AM,PPL/MIDATL,4674
7/9/2026 12:47:14 PM,7/9/2026 8:47:14 AM,7/15/2026 6:00:00 AM,7/15/2026 2:00:00 AM,7/15/2026 7:00:00 AM,7/15/2026 3:00:00 AM,PPL/MIDATL,4485
7/9/2026 12:47:14 PM,7/9/2026 8:47:14 AM,7/15/2026 7:00:00 AM,7/15/2026 3:00:00 AM,7/15/2026 8:00:00 AM,7/15/2026 4:00:00 AM,PPL/MIDATL,4377
7/9/2026 12:47:14 PM,7/9/2026 8:47:14 AM,7/15/2026 8:00:00 AM,7/15/2026 4:00:00 AM,7/15/2026 9:00:00 AM,7/15/2026 5:00:00 AM,PPL/MIDATL,4390
7/9/2026 12:47:14 PM,7/9/2026 8:47:14 AM,7/15/2026 9:00:00 AM,7/15/2026 5:00:00 AM,7/15/2026 10:00:00 AM,7/15/2026 6:00:00 AM,PPL/MIDATL,4541
7/9/2026 12:47:14 PM,7/9/2026 8:47:14 AM,7/15/2026 10:00:00 AM,7/15/2026 6:00:00 AM,7/15/2026 11:00:00 AM,7/15/2026 7:00:00 AM,PPL/MIDATL,4833
7/9/2026 12:47:14 PM,7/9/2026 8:47:14 AM,7/15/2026 11:00:00 AM,7/15/2026 7:00:00 AM,7/15/2026 12:00:00 PM,7/15/2026 8:00:00 AM,PPL/MIDATL,5174
7/9/2026 12:47:14 PM,7/9/2026 8:47:14 AM,7/15/2026 12:00:00 PM,7/15/2026 8:00:00 AM,7/15/2026 1:00:00 PM,7/15/2026 9:00:00 AM,PPL/MIDATL,5466
7/9/2026 12:47:14 PM,7/9/2026 8:47:14 AM,7/15/2026 1:00:00 PM,7/15/2026 9:00:00 AM,7/15/2026 2:00:00 PM,7/15/2026 10:00:00 AM,PPL/MIDATL,5717
7/9/2026 12:47:14 PM,7/9/2026 8:47:14 AM,7/15/2026 2:00:00 PM,7/15/2026 10:00:00 AM,7/15/2026 3:00:00 PM,7/15/2026 11:00:00 AM,PPL/MIDATL,6042
7/9/2026 12:47:14 PM,7/9/2026 8:47:14 AM,7/15/2026 3:00:00 PM,7/15/2026 11:00:00 AM,7/15/2026 4:00:00 PM,7/15/2026 12:00:00 PM,PPL/MIDATL,6341
7/9/2026 12:47:14 PM,7/9/2026 8:47:14 AM,7/15/2026 4:00:00 PM,7/15/2026 12:00:00 PM,7/15/2026 5:00:00 PM,7/15/2026 1:00:00 PM,PPL/MIDATL,6622
7/9/2026 12:47:14 PM,7/9/2026 8:47:14 AM,7/15/2026 5:00:00 PM,7/15/2026 1:00:00 PM,7/15/2026 6:00:00 PM,7/15/2026 2:00:00 PM,PPL/MIDATL,6873
7/9/2026 12:47:14 PM,7/9/2026 8:47:14 AM,7/15/2026 6:00:00 PM,7/15/2026 2:00:00 PM,7/15/2026 7:00:00 PM,7/15/2026 3:00:00 PM,PPL/MIDATL,7007
7/9/2026 12:47:14 PM,7/9/2026 8:47:14 AM,7/15/2026 7:00:00 PM,7/15/2026 3:00:00 PM,7/15/2026 8:00:00 PM,7/15/2026 4:00:00 PM,PPL/MIDATL,7093
7/9/2026 12:47:14 PM,7/9/2026 8:47:14 AM,7/15/2026 8:00:00 PM,7/15/2026 4:00:00 PM,7/15/2026 9:00:00 PM,7/15/2026 5:00:00 PM,PPL/MIDATL,7107
7/9/2026 12:47:14 PM,7/9/2026 8:47:14 AM,7/15/2026 9:00:00 PM,7/15/2026 5:00:00 PM,7/15/2026 10:00:00 PM,7/15/2026 6:00:00 PM,PPL/MIDATL,7108
7/9/2026 12:47:14 PM,7/9/2026 8:47:14 AM,7/15/2026 10:00:00 PM,7/15/2026 6:00:00 PM,7/15/2026 11:00:00 PM,7/15/2026 7:00:00 PM,PPL/MIDATL,7023
7/9/2026 12:47:14 PM,7/9/2026 8:47:14 AM,7/15/2026 11:00:00 PM,7/15/2026 7:00:00 PM,7/16/2026 12:00:00 AM,7/15/2026 8:00:00 PM,PPL/MIDATL,6872
7/9/2026 12:47:14 PM,7/9/2026 8:47:14 AM,7/16/2026 12:00:00 AM,7/15/2026 8:00:00 PM,7/16/2026 1:00:00 AM,7/15/2026 9:00:00 PM,PPL/MIDATL,6627
7/9/2026 12:47:14 PM,7/9/2026 8:47:14 AM,7/16/2026 1:00:00 AM,7/15/2026 9:00:00 PM,7/16/2026 2:00:00 AM,7/15/2026 10:00:00 PM,PPL/MIDATL,6370
7/9/2026 12:47:14 PM,7/9/2026 8:47:14 AM,7/16/2026 2:00:00 AM,7/15/2026 10:00:00 PM,7/16/2026 3:00:00 AM,7/15/2026 11:00:00 PM,PPL/MIDATL,5905
7/9/2026 12:47:14 PM,7/9/2026 8:47:14 AM,7/16/2026 3:00:00 AM,7/15/2026 11:00:00 PM,7/16/2026 4:00:00 AM,7/16/2026 12:00:00 AM,PPL/MIDATL,5488
7/9/2026 12:47:14 PM,7/9/2026 8:47:14 AM,7/9/2026 4:00:00 AM,7/9/2026 12:00:00 AM,7/9/2026 5:00:00 AM,7/9/2026 1:00:00 AM,PSE&G/MIDATL,5669
7/9/2026 12:47:14 PM,7/9/2026 8:47:14 AM,7/9/2026 5:00:00 AM,7/9/2026 1:00:00 AM,7/9/2026 6:00:00 AM,7/9/2026 2:00:00 AM,PSE&G/MIDATL,5307
7/9/2026 12:47:14 PM,7/9/2026 8:47:14 AM,7/9/2026 6:00:00 AM,7/9/2026 2:00:00 AM,7/9/2026 7:00:00 AM,7/9/2026 3:00:00 AM,PSE&G/MIDATL,5031
7/9/2026 12:47:14 PM,7/9/2026 8:47:14 AM,7/9/2026 7:00:00 AM,7/9/2026 3:00:00 AM,7/9/2026 8:00:00 AM,7/9/2026 4:00:00 AM,PSE&G/MIDATL,4860
7/9/2026 12:47:14 PM,7/9/2026 8:47:14 AM,7/9/2026 8:00:00 AM,7/9/2026 4:00:00 AM,7/9/2026 9:00:00 AM,7/9/2026 5:00:00 AM,PSE&G/MIDATL,4802
7/9/2026 12:47:14 PM,7/9/2026 8:47:14 AM,7/9/2026 9:00:00 AM,7/9/2026 5:00:00 AM,7/9/2026 10:00:00 AM,7/9/2026 6:00:00 AM,PSE&G/MIDATL,4857
7/9/2026 12:47:14 PM,7/9/2026 8:47:14 AM,7/9/2026 10:00:00 AM,7/9/2026 6:00:00 AM,7/9/2026 11:00:00 AM,7/9/2026 7:00:00 AM,PSE&G/MIDATL,5033
7/9/2026 12:47:14 PM,7/9/2026 8:47:14 AM,7/9/2026 11:00:00 AM,7/9/2026 7:00:00 AM,7/9/2026 12:00:00 PM,7/9/2026 8:00:00 AM,PSE&G/MIDATL,5350
7/9/2026 12:47:14 PM,7/9/2026 8:47:14 AM,7/9/2026 12:00:00 PM,7/9/2026 8:00:00 AM,7/9/2026 1:00:00 PM,7/9/2026 9:00:00 AM,PSE&G/MIDATL,5518
7/9/2026 12:47:14 PM,7/9/2026 8:47:14 AM,7/9/2026 1:00:00 PM,7/9/2026 9:00:00 AM,7/9/2026 2:00:00 PM,7/9/2026 10:00:00 AM,PSE&G/MIDATL,5716
7/9/2026 12:47:14 PM,7/9/2026 8:47:14 AM,7/9/2026 2:00:00 PM,7/9/2026 10:00:00 AM,7/9/2026 3:00:00 PM,7/9/2026 11:00:00 AM,PSE&G/MIDATL,5893
7/9/2026 12:47:14 PM,7/9/2026 8:47:14 AM,7/9/2026 3:00:00 PM,7/9/2026 11:00:00 AM,7/9/2026 4:00:00 PM,7/9/2026 12:00:00 PM,PSE&G/MIDATL,6146
7/9/2026 12:47:14 PM,7/9/2026 8:47:14 AM,7/9/2026 4:00:00 PM,7/9/2026 12:00:00 PM,7/9/2026 5:00:00 PM,7/9/2026 1:00:00 PM,PSE&G/MIDATL,6395
7/9/2026 12:47:14 PM,7/9/2026 8:47:14 AM,7/9/2026 5:00:00 PM,7/9/2026 1:00:00 PM,7/9/2026 6:00:00 PM,7/9/2026 2:00:00 PM,PSE&G/MIDATL,6673
7/9/2026 12:47:14 PM,7/9/2026 8:47:14 AM,7/9/2026 6:00:00 PM,7/9/2026 2:00:00 PM,7/9/2026 7:00:00 PM,7/9/2026 3:00:00 PM,PSE&G/MIDATL,6916
7/9/2026 12:47:14 PM,7/9/2026 8:47:14 AM,7/9/2026 7:00:00 PM,7/9/2026 3:00:00 PM,7/9/2026 8:00:00 PM,7/9/2026 4:00:00 PM,PSE&G/MIDATL,7139
7/9/2026 12:47:14 PM,7/9/2026 8:47:14 AM,7/9/2026 8:00:00 PM,7/9/2026 4:00:00 PM,7/9/2026 9:00:00 PM,7/9/2026 5:00:00 PM,PSE&G/MIDATL,7318
7/9/2026 12:47:14 PM,7/9/2026 8:47:14 AM,7/9/2026 9:00:00 PM,7/9/2026 5:00:00 PM,7/9/2026 10:00:00 PM,7/9/2026 6:00:00 PM,PSE&G/MIDATL,7428
7/9/2026 12:47:14 PM,7/9/2026 8:47:14 AM,7/9/2026 10:00:00 PM,7/9/2026 6:00:00 PM,7/9/2026 11:00:00 PM,7/9/2026 7:00:00 PM,PSE&G/MIDATL,7373
7/9/2026 12:47:14 PM,7/9/2026 8:47:14 AM,7/9/2026 11:00:00 PM,7/9/2026 7:00:00 PM,7/10/2026 12:00:00 AM,7/9/2026 8:00:00 PM,PSE&G/MIDATL,7238
7/9/2026 12:47:14 PM,7/9/2026 8:47:14 AM,7/10/2026 12:00:00 AM,7/9/2026 8:00:00 PM,7/10/2026 1:00:00 AM,7/9/2026 9:00:00 PM,PSE&G/MIDATL,7043
7/9/2026 12:47:14 PM,7/9/2026 8:47:14 AM,7/10/2026 1:00:00 AM,7/9/2026 9:00:00 PM,7/10/2026 2:00:00 AM,7/9/2026 10:00:00 PM,PSE&G/MIDATL,6855
7/9/2026 12:47:14 PM,7/9/2026 8:47:14 AM,7/10/2026 2:00:00 AM,7/9/2026 10:00:00 PM,7/10/2026 3:00:00 AM,7/9/2026 11:00:00 PM,PSE&G/MIDATL,6469
7/9/2026 12:47:14 PM,7/9/2026 8:47:14 AM,7/10/2026 3:00:00 AM,7/9/2026 11:00:00 PM,7/10/2026 4:00:00 AM,7/10/2026 12:00:00 AM,PSE&G/MIDATL,6020
7/9/2026 12:47:14 PM,7/9/2026 8:47:14 AM,7/10/2026 4:00:00 AM,7/10/2026 12:00:00 AM,7/10/2026 5:00:00 AM,7/10/2026 1:00:00 AM,PSE&G/MIDATL,5917
7/9/2026 12:47:14 PM,7/9/2026 8:47:14 AM,7/10/2026 5:00:00 AM,7/10/2026 1:00:00 AM,7/10/2026 6:00:00 AM,7/10/2026 2:00:00 AM,PSE&G/MIDATL,5591
7/9/2026 12:47:14 PM,7/9/2026 8:47:14 AM,7/10/2026 6:00:00 AM,7/10/2026 2:00:00 AM,7/10/2026 7:00:00 AM,7/10/2026 3:00:00 AM,PSE&G/MIDATL,5368
7/9/2026 12:47:14 PM,7/9/2026 8:47:14 AM,7/10/2026 7:00:00 AM,7/10/2026 3:00:00 AM,7/10/2026 8:00:00 AM,7/10/2026 4:00:00 AM,PSE&G/MIDATL,5215
7/9/2026 12:47:14 PM,7/9/2026 8:47:14 AM,7/10/2026 8:00:00 AM,7/10/2026 4:00:00 AM,7/10/2026 9:00:00 AM,7/10/2026 5:00:00 AM,PSE&G/MIDATL,5188
7/9/2026 12:47:14 PM,7/9/2026 8:47:14 AM,7/10/2026 9:00:00 AM,7/10/2026 5:00:00 AM,7/10/2026 10:00:00 AM,7/10/2026 6:00:00 AM,PSE&G/MIDATL,5257
7/9/2026 12:47:14 PM,7/9/2026 8:47:14 AM,7/10/2026 10:00:00 AM,7/10/2026 6:00:00 AM,7/10/2026 11:00:00 AM,7/10/2026 7:00:00 AM,PSE&G/MIDATL,5424
7/9/2026 12:47:14 PM,7/9/2026 8:47:14 AM,7/10/2026 11:00:00 AM,7/10/2026 7:00:00 AM,7/10/2026 12:00:00 PM,7/10/2026 8:00:00 AM,PSE&G/MIDATL,5710
7/9/2026 12:47:14 PM,7/9/2026 8:47:14 AM,7/10/2026 12:00:00 PM,7/10/2026 8:00:00 AM,7/10/2026 1:00:00 PM,7/10/2026 9:00:00 AM,PSE&G/MIDATL,5971
7/9/2026 12:47:14 PM,7/9/2026 8:47:14 AM,7/10/2026 1:00:00 PM,7/10/2026 9:00:00 AM,7/10/2026 2:00:00 PM,7/10/2026 10:00:00 AM,PSE&G/MIDATL,6195
7/9/2026 12:47:14 PM,7/9/2026 8:47:14 AM,7/10/2026 2:00:00 PM,7/10/2026 10:00:00 AM,7/10/2026 3:00:00 PM,7/10/2026 11:00:00 AM,PSE&G/MIDATL,6478
7/9/2026 12:47:14 PM,7/9/2026 8:47:14 AM,7/10/2026 3:00:00 PM,7/10/2026 11:00:00 AM,7/10/2026 4:00:00 PM,7/10/2026 12:00:00 PM,PSE&G/MIDATL,6804
7/9/2026 12:47:14 PM,7/9/2026 8:47:14 AM,7/10/2026 4:00:00 PM,7/10/2026 12:00:00 PM,7/10/2026 5:00:00 PM,7/10/2026 1:00:00 PM,PSE&G/MIDATL,7160
7/9/2026 12:47:14 PM,7/9/2026 8:47:14 AM,7/10/2026 5:00:00 PM,7/10/2026 1:00:00 PM,7/10/2026 6:00:00 PM,7/10/2026 2:00:00 PM,PSE&G/MIDATL,7554
7/9/2026 12:47:14 PM,7/9/2026 8:47:14 AM,7/10/2026 6:00:00 PM,7/10/2026 2:00:00 PM,7/10/2026 7:00:00 PM,7/10/2026 3:00:00 PM,PSE&G/MIDATL,7854
7/9/2026 12:47:14 PM,7/9/2026 8:47:14 AM,7/10/2026 7:00:00 PM,7/10/2026 3:00:00 PM,7/10/2026 8:00:00 PM,7/10/2026 4:00:00 PM,PSE&G/MIDATL,8046
7/9/2026 12:47:14 PM,7/9/2026 8:47:14 AM,7/10/2026 8:00:00 PM,7/10/2026 4:00:00 PM,7/10/2026 9:00:00 PM,7/10/2026 5:00:00 PM,PSE&G/MIDATL,8197
7/9/2026 12:47:14 PM,7/9/2026 8:47:14 AM,7/10/2026 9:00:00 PM,7/10/2026 5:00:00 PM,7/10/2026 10:00:00 PM,7/10/2026 6:00:00 PM,PSE&G/MIDATL,8272
7/9/2026 12:47:14 PM,7/9/2026 8:47:14 AM,7/10/2026 10:00:00 PM,7/10/2026 6:00:00 PM,7/10/2026 11:00:00 PM,7/10/2026 7:00:00 PM,PSE&G/MIDATL,8145
7/9/2026 12:47:14 PM,7/9/2026 8:47:14 AM,7/10/2026 11:00:00 PM,7/10/2026 7:00:00 PM,7/11/2026 12:00:00 AM,7/10/2026 8:00:00 PM,PSE&G/MIDATL,7936
7/9/2026 12:47:14 PM,7/9/2026 8:47:14 AM,7/11/2026 12:00:00 AM,7/10/2026 8:00:00 PM,7/11/2026 1:00:00 AM,7/10/2026 9:00:00 PM,PSE&G/MIDATL,7693
7/9/2026 12:47:14 PM,7/9/2026 8:47:14 AM,7/11/2026 1:00:00 AM,7/10/2026 9:00:00 PM,7/11/2026 2:00:00 AM,7/10/2026 10:00:00 PM,PSE&G/MIDATL,7434
7/9/2026 12:47:14 PM,7/9/2026 8:47:14 AM,7/11/2026 2:00:00 AM,7/10/2026 10:00:00 PM,7/11/2026 3:00:00 AM,7/10/2026 11:00:00 PM,PSE&G/MIDATL,7028
7/9/2026 12:47:14 PM,7/9/2026 8:47:14 AM,7/11/2026 3:00:00 AM,7/10/2026 11:00:00 PM,7/11/2026 4:00:00 AM,7/11/2026 12:00:00 AM,PSE&G/MIDATL,6573
7/9/2026 12:47:14 PM,7/9/2026 8:47:14 AM,7/11/2026 4:00:00 AM,7/11/2026 12:00:00 AM,7/11/2026 5:00:00 AM,7/11/2026 1:00:00 AM,PSE&G/MIDATL,6143
7/9/2026 12:47:14 PM,7/9/2026 8:47:14 AM,7/11/2026 5:00:00 AM,7/11/2026 1:00:00 AM,7/11/2026 6:00:00 AM,7/11/2026 2:00:00 AM,PSE&G/MIDATL,5787
7/9/2026 12:47:14 PM,7/9/2026 8:47:14 AM,7/11/2026 6:00:00 AM,7/11/2026 2:00:00 AM,7/11/2026 7:00:00 AM,7/11/2026 3:00:00 AM,PSE&G/MIDATL,5493
7/9/2026 12:47:14 PM,7/9/2026 8:47:14 AM,7/11/2026 7:00:00 AM,7/11/2026 3:00:00 AM,7/11/2026 8:00:00 AM,7/11/2026 4:00:00 AM,PSE&G/MIDATL,5285
7/9/2026 12:47:14 PM,7/9/2026 8:47:14 AM,7/11/2026 8:00:00 AM,7/11/2026 4:00:00 AM,7/11/2026 9:00:00 AM,7/11/2026 5:00:00 AM,PSE&G/MIDATL,5146
7/9/2026 12:47:14 PM,7/9/2026 8:47:14 AM,7/11/2026 9:00:00 AM,7/11/2026 5:00:00 AM,7/11/2026 10:00:00 AM,7/11/2026 6:00:00 AM,PSE&G/MIDATL,5055
7/9/2026 12:47:14 PM,7/9/2026 8:47:14 AM,7/11/2026 10:00:00 AM,7/11/2026 6:00:00 AM,7/11/2026 11:00:00 AM,7/11/2026 7:00:00 AM,PSE&G/MIDATL,4985
7/9/2026 12:47:14 PM,7/9/2026 8:47:14 AM,7/11/2026 11:00:00 AM,7/11/2026 7:00:00 AM,7/11/2026 12:00:00 PM,7/11/2026 8:00:00 AM,PSE&G/MIDATL,5086
7/9/2026 12:47:14 PM,7/9/2026 8:47:14 AM,7/11/2026 12:00:00 PM,7/11/2026 8:00:00 AM,7/11/2026 1:00:00 PM,7/11/2026 9:00:00 AM,PSE&G/MIDATL,5254
7/9/2026 12:47:14 PM,7/9/2026 8:47:14 AM,7/11/2026 1:00:00 PM,7/11/2026 9:00:00 AM,7/11/2026 2:00:00 PM,7/11/2026 10:00:00 AM,PSE&G/MIDATL,5444
7/9/2026 12:47:14 PM,7/9/2026 8:47:14 AM,7/11/2026 2:00:00 PM,7/11/2026 10:00:00 AM,7/11/2026 3:00:00 PM,7/11/2026 11:00:00 AM,PSE&G/MIDATL,5665
7/9/2026 12:47:14 PM,7/9/2026 8:47:14 AM,7/11/2026 3:00:00 PM,7/11/2026 11:00:00 AM,7/11/2026 4:00:00 PM,7/11/2026 12:00:00 PM,PSE&G/MIDATL,5911
7/9/2026 12:47:14 PM,7/9/2026 8:47:14 AM,7/11/2026 4:00:00 PM,7/11/2026 12:00:00 PM,7/11/2026 5:00:00 PM,7/11/2026 1:00:00 PM,PSE&G/MIDATL,6181
7/9/2026 12:47:14 PM,7/9/2026 8:47:14 AM,7/11/2026 5:00:00 PM,7/11/2026 1:00:00 PM,7/11/2026 6:00:00 PM,7/11/2026 2:00:00 PM,PSE&G/MIDATL,6443
7/9/2026 12:47:14 PM,7/9/2026 8:47:14 AM,7/11/2026 6:00:00 PM,7/11/2026 2:00:00 PM,7/11/2026 7:00:00 PM,7/11/2026 3:00:00 PM,PSE&G/MIDATL,6675
7/9/2026 12:47:14 PM,7/9/2026 8:47:14 AM,7/11/2026 7:00:00 PM,7/11/2026 3:00:00 PM,7/11/2026 8:00:00 PM,7/11/2026 4:00:00 PM,PSE&G/MIDATL,6880
7/9/2026 12:47:14 PM,7/9/2026 8:47:14 AM,7/11/2026 8:00:00 PM,7/11/2026 4:00:00 PM,7/11/2026 9:00:00 PM,7/11/2026 5:00:00 PM,PSE&G/MIDATL,7104
7/9/2026 12:47:14 PM,7/9/2026 8:47:14 AM,7/11/2026 9:00:00 PM,7/11/2026 5:00:00 PM,7/11/2026 10:00:00 PM,7/11/2026 6:00:00 PM,PSE&G/MIDATL,7279
7/9/2026 12:47:14 PM,7/9/2026 8:47:14 AM,7/11/2026 10:00:00 PM,7/11/2026 6:00:00 PM,7/11/2026 11:00:00 PM,7/11/2026 7:00:00 PM,PSE&G/MIDATL,7254
7/9/2026 12:47:14 PM,7/9/2026 8:47:14 AM,7/11/2026 11:00:00 PM,7/11/2026 7:00:00 PM,7/12/2026 12:00:00 AM,7/11/2026 8:00:00 PM,PSE&G/MIDATL,7118
7/9/2026 12:47:14 PM,7/9/2026 8:47:14 AM,7/12/2026 12:00:00 AM,7/11/2026 8:00:00 PM,7/12/2026 1:00:00 AM,7/11/2026 9:00:00 PM,PSE&G/MIDATL,6933
7/9/2026 12:47:14 PM,7/9/2026 8:47:14 AM,7/12/2026 1:00:00 AM,7/11/2026 9:00:00 PM,7/12/2026 2:00:00 AM,7/11/2026 10:00:00 PM,PSE&G/MIDATL,6743
7/9/2026 12:47:14 PM,7/9/2026 8:47:14 AM,7/12/2026 2:00:00 AM,7/11/2026 10:00:00 PM,7/12/2026 3:00:00 AM,7/11/2026 11:00:00 PM,PSE&G/MIDATL,6430
7/9/2026 12:47:14 PM,7/9/2026 8:47:14 AM,7/12/2026 3:00:00 AM,7/11/2026 11:00:00 PM,7/12/2026 4:00:00 AM,7/12/2026 12:00:00 AM,PSE&G/MIDATL,6068
7/9/2026 12:47:14 PM,7/9/2026 8:47:14 AM,7/12/2026 4:00:00 AM,7/12/2026 12:00:00 AM,7/12/2026 5:00:00 AM,7/12/2026 1:00:00 AM,PSE&G/MIDATL,5567
7/9/2026 12:47:14 PM,7/9/2026 8:47:14 AM,7/12/2026 5:00:00 AM,7/12/2026 1:00:00 AM,7/12/2026 6:00:00 AM,7/12/2026 2:00:00 AM,PSE&G/MIDATL,5259
7/9/2026 12:47:14 PM,7/9/2026 8:47:14 AM,7/12/2026 6:00:00 AM,7/12/2026 2:00:00 AM,7/12/2026 7:00:00 AM,7/12/2026 3:00:00 AM,PSE&G/MIDATL,5014
7/9/2026 12:47:14 PM,7/9/2026 8:47:14 AM,7/12/2026 7:00:00 AM,7/12/2026 3:00:00 AM,7/12/2026 8:00:00 AM,7/12/2026 4:00:00 AM,PSE&G/MIDATL,4815
7/9/2026 12:47:14 PM,7/9/2026 8:47:14 AM,7/12/2026 8:00:00 AM,7/12/2026 4:00:00 AM,7/12/2026 9:00:00 AM,7/12/2026 5:00:00 AM,PSE&G/MIDATL,4700
7/9/2026 12:47:14 PM,7/9/2026 8:47:14 AM,7/12/2026 9:00:00 AM,7/12/2026 5:00:00 AM,7/12/2026 10:00:00 AM,7/12/2026 6:00:00 AM,PSE&G/MIDATL,4601
7/9/2026 12:47:14 PM,7/9/2026 8:47:14 AM,7/12/2026 10:00:00 AM,7/12/2026 6:00:00 AM,7/12/2026 11:00:00 AM,7/12/2026 7:00:00 AM,PSE&G/MIDATL,4535
7/9/2026 12:47:14 PM,7/9/2026 8:47:14 AM,7/12/2026 11:00:00 AM,7/12/2026 7:00:00 AM,7/12/2026 12:00:00 PM,7/12/2026 8:00:00 AM,PSE&G/MIDATL,4569
7/9/2026 12:47:14 PM,7/9/2026 8:47:14 AM,7/12/2026 12:00:00 PM,7/12/2026 8:00:00 AM,7/12/2026 1:00:00 PM,7/12/2026 9:00:00 AM,PSE&G/MIDATL,4667
7/9/2026 12:47:14 PM,7/9/2026 8:47:14 AM,7/12/2026 1:00:00 PM,7/12/2026 9:00:00 AM,7/12/2026 2:00:00 PM,7/12/2026 10:00:00 AM,PSE&G/MIDATL,4828
7/9/2026 12:47:14 PM,7/9/2026 8:47:14 AM,7/12/2026 2:00:00 PM,7/12/2026 10:00:00 AM,7/12/2026 3:00:00 PM,7/12/2026 11:00:00 AM,PSE&G/MIDATL,5065
7/9/2026 12:47:14 PM,7/9/2026 8:47:14 AM,7/12/2026 3:00:00 PM,7/12/2026 11:00:00 AM,7/12/2026 4:00:00 PM,7/12/2026 12:00:00 PM,PSE&G/MIDATL,5348
7/9/2026 12:47:14 PM,7/9/2026 8:47:14 AM,7/12/2026 4:00:00 PM,7/12/2026 12:00:00 PM,7/12/2026 5:00:00 PM,7/12/2026 1:00:00 PM,PSE&G/MIDATL,5671
7/9/2026 12:47:14 PM,7/9/2026 8:47:14 AM,7/12/2026 5:00:00 PM,7/12/2026 1:00:00 PM,7/12/2026 6:00:00 PM,7/12/2026 2:00:00 PM,PSE&G/MIDATL,5995
7/9/2026 12:47:14 PM,7/9/2026 8:47:14 AM,7/12/2026 6:00:00 PM,7/12/2026 2:00:00 PM,7/12/2026 7:00:00 PM,7/12/2026 3:00:00 PM,PSE&G/MIDATL,6272
7/9/2026 12:47:14 PM,7/9/2026 8:47:14 AM,7/12/2026 7:00:00 PM,7/12/2026 3:00:00 PM,7/12/2026 8:00:00 PM,7/12/2026 4:00:00 PM,PSE&G/MIDATL,6529
7/9/2026 12:47:14 PM,7/9/2026 8:47:14 AM,7/12/2026 8:00:00 PM,7/12/2026 4:00:00 PM,7/12/2026 9:00:00 PM,7/12/2026 5:00:00 PM,PSE&G/MIDATL,6781
7/9/2026 12:47:14 PM,7/9/2026 8:47:14 AM,7/12/2026 9:00:00 PM,7/12/2026 5:00:00 PM,7/12/2026 10:00:00 PM,7/12/2026 6:00:00 PM,PSE&G/MIDATL,6967
7/9/2026 12:47:14 PM,7/9/2026 8:47:14 AM,7/12/2026 10:00:00 PM,7/12/2026 6:00:00 PM,7/12/2026 11:00:00 PM,7/12/2026 7:00:00 PM,PSE&G/MIDATL,6996
7/9/2026 12:47:14 PM,7/9/2026 8:47:14 AM,7/12/2026 11:00:00 PM,7/12/2026 7:00:00 PM,7/13/2026 12:00:00 AM,7/12/2026 8:00:00 PM,PSE&G/MIDATL,6890
7/9/2026 12:47:14 PM,7/9/2026 8:47:14 AM,7/13/2026 12:00:00 AM,7/12/2026 8:00:00 PM,7/13/2026 1:00:00 AM,7/12/2026 9:00:00 PM,PSE&G/MIDATL,6727
7/9/2026 12:47:14 PM,7/9/2026 8:47:14 AM,7/13/2026 1:00:00 AM,7/12/2026 9:00:00 PM,7/13/2026 2:00:00 AM,7/12/2026 10:00:00 PM,PSE&G/MIDATL,6547
7/9/2026 12:47:14 PM,7/9/2026 8:47:14 AM,7/13/2026 2:00:00 AM,7/12/2026 10:00:00 PM,7/13/2026 3:00:00 AM,7/12/2026 11:00:00 PM,PSE&G/MIDATL,6202
7/9/2026 12:47:14 PM,7/9/2026 8:47:14 AM,7/13/2026 3:00:00 AM,7/12/2026 11:00:00 PM,7/13/2026 4:00:00 AM,7/13/2026 12:00:00 AM,PSE&G/MIDATL,5794
7/9/2026 12:47:14 PM,7/9/2026 8:47:14 AM,7/13/2026 4:00:00 AM,7/13/2026 12:00:00 AM,7/13/2026 5:00:00 AM,7/13/2026 1:00:00 AM,PSE&G/MIDATL,5255
7/9/2026 12:47:14 PM,7/9/2026 8:47:14 AM,7/13/2026 5:00:00 AM,7/13/2026 1:00:00 AM,7/13/2026 6:00:00 AM,7/13/2026 2:00:00 AM,PSE&G/MIDATL,4964
7/9/2026 12:47:14 PM,7/9/2026 8:47:14 AM,7/13/2026 6:00:00 AM,7/13/2026 2:00:00 AM,7/13/2026 7:00:00 AM,7/13/2026 3:00:00 AM,PSE&G/MIDATL,4744
7/9/2026 12:47:14 PM,7/9/2026 8:47:14 AM,7/13/2026 7:00:00 AM,7/13/2026 3:00:00 AM,7/13/2026 8:00:00 AM,7/13/2026 4:00:00 AM,PSE&G/MIDATL,4610
7/9/2026 12:47:14 PM,7/9/2026 8:47:14 AM,7/13/2026 8:00:00 AM,7/13/2026 4:00:00 AM,7/13/2026 9:00:00 AM,7/13/2026 5:00:00 AM,PSE&G/MIDATL,4597
7/9/2026 12:47:14 PM,7/9/2026 8:47:14 AM,7/13/2026 9:00:00 AM,7/13/2026 5:00:00 AM,7/13/2026 10:00:00 AM,7/13/2026 6:00:00 AM,PSE&G/MIDATL,4682
7/9/2026 12:47:14 PM,7/9/2026 8:47:14 AM,7/13/2026 10:00:00 AM,7/13/2026 6:00:00 AM,7/13/2026 11:00:00 AM,7/13/2026 7:00:00 AM,PSE&G/MIDATL,4865
7/9/2026 12:47:14 PM,7/9/2026 8:47:14 AM,7/13/2026 11:00:00 AM,7/13/2026 7:00:00 AM,7/13/2026 12:00:00 PM,7/13/2026 8:00:00 AM,PSE&G/MIDATL,5132
7/9/2026 12:47:14 PM,7/9/2026 8:47:14 AM,7/13/2026 12:00:00 PM,7/13/2026 8:00:00 AM,7/13/2026 1:00:00 PM,7/13/2026 9:00:00 AM,PSE&G/MIDATL,5328
7/9/2026 12:47:14 PM,7/9/2026 8:47:14 AM,7/13/2026 1:00:00 PM,7/13/2026 9:00:00 AM,7/13/2026 2:00:00 PM,7/13/2026 10:00:00 AM,PSE&G/MIDATL,5501
7/9/2026 12:47:14 PM,7/9/2026 8:47:14 AM,7/13/2026 2:00:00 PM,7/13/2026 10:00:00 AM,7/13/2026 3:00:00 PM,7/13/2026 11:00:00 AM,PSE&G/MIDATL,5724
7/9/2026 12:47:14 PM,7/9/2026 8:47:14 AM,7/13/2026 3:00:00 PM,7/13/2026 11:00:00 AM,7/13/2026 4:00:00 PM,7/13/2026 12:00:00 PM,PSE&G/MIDATL,6001
7/9/2026 12:47:14 PM,7/9/2026 8:47:14 AM,7/13/2026 4:00:00 PM,7/13/2026 12:00:00 PM,7/13/2026 5:00:00 PM,7/13/2026 1:00:00 PM,PSE&G/MIDATL,6339
7/9/2026 12:47:14 PM,7/9/2026 8:47:14 AM,7/13/2026 5:00:00 PM,7/13/2026 1:00:00 PM,7/13/2026 6:00:00 PM,7/13/2026 2:00:00 PM,PSE&G/MIDATL,6706
7/9/2026 12:47:14 PM,7/9/2026 8:47:14 AM,7/13/2026 6:00:00 PM,7/13/2026 2:00:00 PM,7/13/2026 7:00:00 PM,7/13/2026 3:00:00 PM,PSE&G/MIDATL,7022
7/9/2026 12:47:14 PM,7/9/2026 8:47:14 AM,7/13/2026 7:00:00 PM,7/13/2026 3:00:00 PM,7/13/2026 8:00:00 PM,7/13/2026 4:00:00 PM,PSE&G/MIDATL,7325
7/9/2026 12:47:14 PM,7/9/2026 8:47:14 AM,7/13/2026 8:00:00 PM,7/13/2026 4:00:00 PM,7/13/2026 9:00:00 PM,7/13/2026 5:00:00 PM,PSE&G/MIDATL,7557
7/9/2026 12:47:14 PM,7/9/2026 8:47:14 AM,7/13/2026 9:00:00 PM,7/13/2026 5:00:00 PM,7/13/2026 10:00:00 PM,7/13/2026 6:00:00 PM,PSE&G/MIDATL,7727
7/9/2026 12:47:14 PM,7/9/2026 8:47:14 AM,7/13/2026 10:00:00 PM,7/13/2026 6:00:00 PM,7/13/2026 11:00:00 PM,7/13/2026 7:00:00 PM,PSE&G/MIDATL,7678
7/9/2026 12:47:14 PM,7/9/2026 8:47:14 AM,7/13/2026 11:00:00 PM,7/13/2026 7:00:00 PM,7/14/2026 12:00:00 AM,7/13/2026 8:00:00 PM,PSE&G/MIDATL,7490
7/9/2026 12:47:14 PM,7/9/2026 8:47:14 AM,7/14/2026 12:00:00 AM,7/13/2026 8:00:00 PM,7/14/2026 1:00:00 AM,7/13/2026 9:00:00 PM,PSE&G/MIDATL,7242
7/9/2026 12:47:14 PM,7/9/2026 8:47:14 AM,7/14/2026 1:00:00 AM,7/13/2026 9:00:00 PM,7/14/2026 2:00:00 AM,7/13/2026 10:00:00 PM,PSE&G/MIDATL,6959
7/9/2026 12:47:14 PM,7/9/2026 8:47:14 AM,7/14/2026 2:00:00 AM,7/13/2026 10:00:00 PM,7/14/2026 3:00:00 AM,7/13/2026 11:00:00 PM,PSE&G/MIDATL,6499
7/9/2026 12:47:14 PM,7/9/2026 8:47:14 AM,7/14/2026 3:00:00 AM,7/13/2026 11:00:00 PM,7/14/2026 4:00:00 AM,7/14/2026 12:00:00 AM,PSE&G/MIDATL,6024
7/9/2026 12:47:14 PM,7/9/2026 8:47:14 AM,7/14/2026 4:00:00 AM,7/14/2026 12:00:00 AM,7/14/2026 5:00:00 AM,7/14/2026 1:00:00 AM,PSE&G/MIDATL,5516
7/9/2026 12:47:14 PM,7/9/2026 8:47:14 AM,7/14/2026 5:00:00 AM,7/14/2026 1:00:00 AM,7/14/2026 6:00:00 AM,7/14/2026 2:00:00 AM,PSE&G/MIDATL,5172
7/9/2026 12:47:14 PM,7/9/2026 8:47:14 AM,7/14/2026 6:00:00 AM,7/14/2026 2:00:00 AM,7/14/2026 7:00:00 AM,7/14/2026 3:00:00 AM,PSE&G/MIDATL,4928
7/9/2026 12:47:14 PM,7/9/2026 8:47:14 AM,7/14/2026 7:00:00 AM,7/14/2026 3:00:00 AM,7/14/2026 8:00:00 AM,7/14/2026 4:00:00 AM,PSE&G/MIDATL,4765
7/9/2026 12:47:14 PM,7/9/2026 8:47:14 AM,7/14/2026 8:00:00 AM,7/14/2026 4:00:00 AM,7/14/2026 9:00:00 AM,7/14/2026 5:00:00 AM,PSE&G/MIDATL,4721
7/9/2026 12:47:14 PM,7/9/2026 8:47:14 AM,7/14/2026 9:00:00 AM,7/14/2026 5:00:00 AM,7/14/2026 10:00:00 AM,7/14/2026 6:00:00 AM,PSE&G/MIDATL,4785
7/9/2026 12:47:14 PM,7/9/2026 8:47:14 AM,7/14/2026 10:00:00 AM,7/14/2026 6:00:00 AM,7/14/2026 11:00:00 AM,7/14/2026 7:00:00 AM,PSE&G/MIDATL,4940
7/9/2026 12:47:14 PM,7/9/2026 8:47:14 AM,7/14/2026 11:00:00 AM,7/14/2026 7:00:00 AM,7/14/2026 12:00:00 PM,7/14/2026 8:00:00 AM,PSE&G/MIDATL,5213
7/9/2026 12:47:14 PM,7/9/2026 8:47:14 AM,7/14/2026 12:00:00 PM,7/14/2026 8:00:00 AM,7/14/2026 1:00:00 PM,7/14/2026 9:00:00 AM,PSE&G/MIDATL,5427
7/9/2026 12:47:14 PM,7/9/2026 8:47:14 AM,7/14/2026 1:00:00 PM,7/14/2026 9:00:00 AM,7/14/2026 2:00:00 PM,7/14/2026 10:00:00 AM,PSE&G/MIDATL,5606
7/9/2026 12:47:14 PM,7/9/2026 8:47:14 AM,7/14/2026 2:00:00 PM,7/14/2026 10:00:00 AM,7/14/2026 3:00:00 PM,7/14/2026 11:00:00 AM,PSE&G/MIDATL,5859
7/9/2026 12:47:14 PM,7/9/2026 8:47:14 AM,7/14/2026 3:00:00 PM,7/14/2026 11:00:00 AM,7/14/2026 4:00:00 PM,7/14/2026 12:00:00 PM,PSE&G/MIDATL,6165
7/9/2026 12:47:14 PM,7/9/2026 8:47:14 AM,7/14/2026 4:00:00 PM,7/14/2026 12:00:00 PM,7/14/2026 5:00:00 PM,7/14/2026 1:00:00 PM,PSE&G/MIDATL,6528
7/9/2026 12:47:14 PM,7/9/2026 8:47:14 AM,7/14/2026 5:00:00 PM,7/14/2026 1:00:00 PM,7/14/2026 6:00:00 PM,7/14/2026 2:00:00 PM,PSE&G/MIDATL,6965
7/9/2026 12:47:14 PM,7/9/2026 8:47:14 AM,7/14/2026 6:00:00 PM,7/14/2026 2:00:00 PM,7/14/2026 7:00:00 PM,7/14/2026 3:00:00 PM,PSE&G/MIDATL,7371
7/9/2026 12:47:14 PM,7/9/2026 8:47:14 AM,7/14/2026 7:00:00 PM,7/14/2026 3:00:00 PM,7/14/2026 8:00:00 PM,7/14/2026 4:00:00 PM,PSE&G/MIDATL,7741
7/9/2026 12:47:14 PM,7/9/2026 8:47:14 AM,7/14/2026 8:00:00 PM,7/14/2026 4:00:00 PM,7/14/2026 9:00:00 PM,7/14/2026 5:00:00 PM,PSE&G/MIDATL,8069
7/9/2026 12:47:14 PM,7/9/2026 8:47:14 AM,7/14/2026 9:00:00 PM,7/14/2026 5:00:00 PM,7/14/2026 10:00:00 PM,7/14/2026 6:00:00 PM,PSE&G/MIDATL,8354
7/9/2026 12:47:14 PM,7/9/2026 8:47:14 AM,7/14/2026 10:00:00 PM,7/14/2026 6:00:00 PM,7/14/2026 11:00:00 PM,7/14/2026 7:00:00 PM,PSE&G/MIDATL,8389
7/9/2026 12:47:14 PM,7/9/2026 8:47:14 AM,7/14/2026 11:00:00 PM,7/14/2026 7:00:00 PM,7/15/2026 12:00:00 AM,7/14/2026 8:00:00 PM,PSE&G/MIDATL,8229
7/9/2026 12:47:14 PM,7/9/2026 8:47:14 AM,7/15/2026 12:00:00 AM,7/14/2026 8:00:00 PM,7/15/2026 1:00:00 AM,7/14/2026 9:00:00 PM,PSE&G/MIDATL,7974
7/9/2026 12:47:14 PM,7/9/2026 8:47:14 AM,7/15/2026 1:00:00 AM,7/14/2026 9:00:00 PM,7/15/2026 2:00:00 AM,7/14/2026 10:00:00 PM,PSE&G/MIDATL,7690
7/9/2026 12:47:14 PM,7/9/2026 8:47:14 AM,7/15/2026 2:00:00 AM,7/14/2026 10:00:00 PM,7/15/2026 3:00:00 AM,7/14/2026 11:00:00 PM,PSE&G/MIDATL,7198
7/9/2026 12:47:14 PM,7/9/2026 8:47:14 AM,7/15/2026 3:00:00 AM,7/14/2026 11:00:00 PM,7/15/2026 4:00:00 AM,7/15/2026 12:00:00 AM,PSE&G/MIDATL,6677
7/9/2026 12:47:14 PM,7/9/2026 8:47:14 AM,7/15/2026 4:00:00 AM,7/15/2026 12:00:00 AM,7/15/2026 5:00:00 AM,7/15/2026 1:00:00 AM,PSE&G/MIDATL,6242
7/9/2026 12:47:14 PM,7/9/2026 8:47:14 AM,7/15/2026 5:00:00 AM,7/15/2026 1:00:00 AM,7/15/2026 6:00:00 AM,7/15/2026 2:00:00 AM,PSE&G/MIDATL,5873
7/9/2026 12:47:14 PM,7/9/2026 8:47:14 AM,7/15/2026 6:00:00 AM,7/15/2026 2:00:00 AM,7/15/2026 7:00:00 AM,7/15/2026 3:00:00 AM,PSE&G/MIDATL,5601
7/9/2026 12:47:14 PM,7/9/2026 8:47:14 AM,7/15/2026 7:00:00 AM,7/15/2026 3:00:00 AM,7/15/2026 8:00:00 AM,7/15/2026 4:00:00 AM,PSE&G/MIDATL,5424
7/9/2026 12:47:14 PM,7/9/2026 8:47:14 AM,7/15/2026 8:00:00 AM,7/15/2026 4:00:00 AM,7/15/2026 9:00:00 AM,7/15/2026 5:00:00 AM,PSE&G/MIDATL,5358
7/9/2026 12:47:14 PM,7/9/2026 8:47:14 AM,7/15/2026 9:00:00 AM,7/15/2026 5:00:00 AM,7/15/2026 10:00:00 AM,7/15/2026 6:00:00 AM,PSE&G/MIDATL,5406
7/9/2026 12:47:14 PM,7/9/2026 8:47:14 AM,7/15/2026 10:00:00 AM,7/15/2026 6:00:00 AM,7/15/2026 11:00:00 AM,7/15/2026 7:00:00 AM,PSE&G/MIDATL,5564
7/9/2026 12:47:14 PM,7/9/2026 8:47:14 AM,7/15/2026 11:00:00 AM,7/15/2026 7:00:00 AM,7/15/2026 12:00:00 PM,7/15/2026 8:00:00 AM,PSE&G/MIDATL,5883
7/9/2026 12:47:14 PM,7/9/2026 8:47:14 AM,7/15/2026 12:00:00 PM,7/15/2026 8:00:00 AM,7/15/2026 1:00:00 PM,7/15/2026 9:00:00 AM,PSE&G/MIDATL,6195
7/9/2026 12:47:14 PM,7/9/2026 8:47:14 AM,7/15/2026 1:00:00 PM,7/15/2026 9:00:00 AM,7/15/2026 2:00:00 PM,7/15/2026 10:00:00 AM,PSE&G/MIDATL,6491
7/9/2026 12:47:14 PM,7/9/2026 8:47:14 AM,7/15/2026 2:00:00 PM,7/15/2026 10:00:00 AM,7/15/2026 3:00:00 PM,7/15/2026 11:00:00 AM,PSE&G/MIDATL,6863
7/9/2026 12:47:14 PM,7/9/2026 8:47:14 AM,7/15/2026 3:00:00 PM,7/15/2026 11:00:00 AM,7/15/2026 4:00:00 PM,7/15/2026 12:00:00 PM,PSE&G/MIDATL,7292
7/9/2026 12:47:14 PM,7/9/2026 8:47:14 AM,7/15/2026 4:00:00 PM,7/15/2026 12:00:00 PM,7/15/2026 5:00:00 PM,7/15/2026 1:00:00 PM,PSE&G/MIDATL,7736
7/9/2026 12:47:14 PM,7/9/2026 8:47:14 AM,7/15/2026 5:00:00 PM,7/15/2026 1:00:00 PM,7/15/2026 6:00:00 PM,7/15/2026 2:00:00 PM,PSE&G/MIDATL,8181
7/9/2026 12:47:14 PM,7/9/2026 8:47:14 AM,7/15/2026 6:00:00 PM,7/15/2026 2:00:00 PM,7/15/2026 7:00:00 PM,7/15/2026 3:00:00 PM,PSE&G/MIDATL,8563
7/9/2026 12:47:14 PM,7/9/2026 8:47:14 AM,7/15/2026 7:00:00 PM,7/15/2026 3:00:00 PM,7/15/2026 8:00:00 PM,7/15/2026 4:00:00 PM,PSE&G/MIDATL,8946
7/9/2026 12:47:14 PM,7/9/2026 8:47:14 AM,7/15/2026 8:00:00 PM,7/15/2026 4:00:00 PM,7/15/2026 9:00:00 PM,7/15/2026 5:00:00 PM,PSE&G/MIDATL,9272
7/9/2026 12:47:14 PM,7/9/2026 8:47:14 AM,7/15/2026 9:00:00 PM,7/15/2026 5:00:00 PM,7/15/2026 10:00:00 PM,7/15/2026 6:00:00 PM,PSE&G/MIDATL,9516
7/9/2026 12:47:14 PM,7/9/2026 8:47:14 AM,7/15/2026 10:00:00 PM,7/15/2026 6:00:00 PM,7/15/2026 11:00:00 PM,7/15/2026 7:00:00 PM,PSE&G/MIDATL,9521
7/9/2026 12:47:14 PM,7/9/2026 8:47:14 AM,7/15/2026 11:00:00 PM,7/15/2026 7:00:00 PM,7/16/2026 12:00:00 AM,7/15/2026 8:00:00 PM,PSE&G/MIDATL,9327
7/9/2026 12:47:14 PM,7/9/2026 8:47:14 AM,7/16/2026 12:00:00 AM,7/15/2026 8:00:00 PM,7/16/2026 1:00:00 AM,7/15/2026 9:00:00 PM,PSE&G/MIDATL,9027
7/9/2026 12:47:14 PM,7/9/2026 8:47:14 AM,7/16/2026 1:00:00 AM,7/15/2026 9:00:00 PM,7/16/2026 2:00:00 AM,7/15/2026 10:00:00 PM,PSE&G/MIDATL,8669
7/9/2026 12:47:14 PM,7/9/2026 8:47:14 AM,7/16/2026 2:00:00 AM,7/15/2026 10:00:00 PM,7/16/2026 3:00:00 AM,7/15/2026 11:00:00 PM,PSE&G/MIDATL,8100
7/9/2026 12:47:14 PM,7/9/2026 8:47:14 AM,7/16/2026 3:00:00 AM,7/15/2026 11:00:00 PM,7/16/2026 4:00:00 AM,7/16/2026 12:00:00 AM,PSE&G/MIDATL,7521
7/9/2026 12:47:14 PM,7/9/2026 8:47:14 AM,7/9/2026 4:00:00 AM,7/9/2026 12:00:00 AM,7/9/2026 5:00:00 AM,7/9/2026 1:00:00 AM,RECO/MIDATL,188
7/9/2026 12:47:14 PM,7/9/2026 8:47:14 AM,7/9/2026 5:00:00 AM,7/9/2026 1:00:00 AM,7/9/2026 6:00:00 AM,7/9/2026 2:00:00 AM,RECO/MIDATL,175
7/9/2026 12:47:14 PM,7/9/2026 8:47:14 AM,7/9/2026 6:00:00 AM,7/9/2026 2:00:00 AM,7/9/2026 7:00:00 AM,7/9/2026 3:00:00 AM,RECO/MIDATL,165
7/9/2026 12:47:14 PM,7/9/2026 8:47:14 AM,7/9/2026 7:00:00 AM,7/9/2026 3:00:00 AM,7/9/2026 8:00:00 AM,7/9/2026 4:00:00 AM,RECO/MIDATL,159
7/9/2026 12:47:14 PM,7/9/2026 8:47:14 AM,7/9/2026 8:00:00 AM,7/9/2026 4:00:00 AM,7/9/2026 9:00:00 AM,7/9/2026 5:00:00 AM,RECO/MIDATL,158
7/9/2026 12:47:14 PM,7/9/2026 8:47:14 AM,7/9/2026 9:00:00 AM,7/9/2026 5:00:00 AM,7/9/2026 10:00:00 AM,7/9/2026 6:00:00 AM,RECO/MIDATL,160
7/9/2026 12:47:14 PM,7/9/2026 8:47:14 AM,7/9/2026 10:00:00 AM,7/9/2026 6:00:00 AM,7/9/2026 11:00:00 AM,7/9/2026 7:00:00 AM,RECO/MIDATL,169
7/9/2026 12:47:14 PM,7/9/2026 8:47:14 AM,7/9/2026 11:00:00 AM,7/9/2026 7:00:00 AM,7/9/2026 12:00:00 PM,7/9/2026 8:00:00 AM,RECO/MIDATL,189
7/9/2026 12:47:14 PM,7/9/2026 8:47:14 AM,7/9/2026 12:00:00 PM,7/9/2026 8:00:00 AM,7/9/2026 1:00:00 PM,7/9/2026 9:00:00 AM,RECO/MIDATL,195
7/9/2026 12:47:14 PM,7/9/2026 8:47:14 AM,7/9/2026 1:00:00 PM,7/9/2026 9:00:00 AM,7/9/2026 2:00:00 PM,7/9/2026 10:00:00 AM,RECO/MIDATL,210
7/9/2026 12:47:14 PM,7/9/2026 8:47:14 AM,7/9/2026 2:00:00 PM,7/9/2026 10:00:00 AM,7/9/2026 3:00:00 PM,7/9/2026 11:00:00 AM,RECO/MIDATL,225
7/9/2026 12:47:14 PM,7/9/2026 8:47:14 AM,7/9/2026 3:00:00 PM,7/9/2026 11:00:00 AM,7/9/2026 4:00:00 PM,7/9/2026 12:00:00 PM,RECO/MIDATL,238
7/9/2026 12:47:14 PM,7/9/2026 8:47:14 AM,7/9/2026 4:00:00 PM,7/9/2026 12:00:00 PM,7/9/2026 5:00:00 PM,7/9/2026 1:00:00 PM,RECO/MIDATL,252
7/9/2026 12:47:14 PM,7/9/2026 8:47:14 AM,7/9/2026 5:00:00 PM,7/9/2026 1:00:00 PM,7/9/2026 6:00:00 PM,7/9/2026 2:00:00 PM,RECO/MIDATL,265
7/9/2026 12:47:14 PM,7/9/2026 8:47:14 AM,7/9/2026 6:00:00 PM,7/9/2026 2:00:00 PM,7/9/2026 7:00:00 PM,7/9/2026 3:00:00 PM,RECO/MIDATL,275
7/9/2026 12:47:14 PM,7/9/2026 8:47:14 AM,7/9/2026 7:00:00 PM,7/9/2026 3:00:00 PM,7/9/2026 8:00:00 PM,7/9/2026 4:00:00 PM,RECO/MIDATL,281
7/9/2026 12:47:14 PM,7/9/2026 8:47:14 AM,7/9/2026 8:00:00 PM,7/9/2026 4:00:00 PM,7/9/2026 9:00:00 PM,7/9/2026 5:00:00 PM,RECO/MIDATL,286
7/9/2026 12:47:14 PM,7/9/2026 8:47:14 AM,7/9/2026 9:00:00 PM,7/9/2026 5:00:00 PM,7/9/2026 10:00:00 PM,7/9/2026 6:00:00 PM,RECO/MIDATL,281
7/9/2026 12:47:14 PM,7/9/2026 8:47:14 AM,7/9/2026 10:00:00 PM,7/9/2026 6:00:00 PM,7/9/2026 11:00:00 PM,7/9/2026 7:00:00 PM,RECO/MIDATL,270
7/9/2026 12:47:14 PM,7/9/2026 8:47:14 AM,7/9/2026 11:00:00 PM,7/9/2026 7:00:00 PM,7/10/2026 12:00:00 AM,7/9/2026 8:00:00 PM,RECO/MIDATL,257
7/9/2026 12:47:14 PM,7/9/2026 8:47:14 AM,7/10/2026 12:00:00 AM,7/9/2026 8:00:00 PM,7/10/2026 1:00:00 AM,7/9/2026 9:00:00 PM,RECO/MIDATL,245
7/9/2026 12:47:14 PM,7/9/2026 8:47:14 AM,7/10/2026 1:00:00 AM,7/9/2026 9:00:00 PM,7/10/2026 2:00:00 AM,7/9/2026 10:00:00 PM,RECO/MIDATL,232
7/9/2026 12:47:14 PM,7/9/2026 8:47:14 AM,7/10/2026 2:00:00 AM,7/9/2026 10:00:00 PM,7/10/2026 3:00:00 AM,7/9/2026 11:00:00 PM,RECO/MIDATL,214
7/9/2026 12:47:14 PM,7/9/2026 8:47:14 AM,7/10/2026 3:00:00 AM,7/9/2026 11:00:00 PM,7/10/2026 4:00:00 AM,7/10/2026 12:00:00 AM,RECO/MIDATL,193
7/9/2026 12:47:14 PM,7/9/2026 8:47:14 AM,7/10/2026 4:00:00 AM,7/10/2026 12:00:00 AM,7/10/2026 5:00:00 AM,7/10/2026 1:00:00 AM,RECO/MIDATL,193
7/9/2026 12:47:14 PM,7/9/2026 8:47:14 AM,7/10/2026 5:00:00 AM,7/10/2026 1:00:00 AM,7/10/2026 6:00:00 AM,7/10/2026 2:00:00 AM,RECO/MIDATL,180
7/9/2026 12:47:14 PM,7/9/2026 8:47:14 AM,7/10/2026 6:00:00 AM,7/10/2026 2:00:00 AM,7/10/2026 7:00:00 AM,7/10/2026 3:00:00 AM,RECO/MIDATL,171
7/9/2026 12:47:14 PM,7/9/2026 8:47:14 AM,7/10/2026 7:00:00 AM,7/10/2026 3:00:00 AM,7/10/2026 8:00:00 AM,7/10/2026 4:00:00 AM,RECO/MIDATL,165
7/9/2026 12:47:14 PM,7/9/2026 8:47:14 AM,7/10/2026 8:00:00 AM,7/10/2026 4:00:00 AM,7/10/2026 9:00:00 AM,7/10/2026 5:00:00 AM,RECO/MIDATL,163
7/9/2026 12:47:14 PM,7/9/2026 8:47:14 AM,7/10/2026 9:00:00 AM,7/10/2026 5:00:00 AM,7/10/2026 10:00:00 AM,7/10/2026 6:00:00 AM,RECO/MIDATL,166
7/9/2026 12:47:14 PM,7/9/2026 8:47:14 AM,7/10/2026 10:00:00 AM,7/10/2026 6:00:00 AM,7/10/2026 11:00:00 AM,7/10/2026 7:00:00 AM,RECO/MIDATL,174
7/9/2026 12:47:14 PM,7/9/2026 8:47:14 AM,7/10/2026 11:00:00 AM,7/10/2026 7:00:00 AM,7/10/2026 12:00:00 PM,7/10/2026 8:00:00 AM,RECO/MIDATL,190
7/9/2026 12:47:14 PM,7/9/2026 8:47:14 AM,7/10/2026 12:00:00 PM,7/10/2026 8:00:00 AM,7/10/2026 1:00:00 PM,7/10/2026 9:00:00 AM,RECO/MIDATL,211
7/9/2026 12:47:14 PM,7/9/2026 8:47:14 AM,7/10/2026 1:00:00 PM,7/10/2026 9:00:00 AM,7/10/2026 2:00:00 PM,7/10/2026 10:00:00 AM,RECO/MIDATL,231
7/9/2026 12:47:14 PM,7/9/2026 8:47:14 AM,7/10/2026 2:00:00 PM,7/10/2026 10:00:00 AM,7/10/2026 3:00:00 PM,7/10/2026 11:00:00 AM,RECO/MIDATL,252
7/9/2026 12:47:14 PM,7/9/2026 8:47:14 AM,7/10/2026 3:00:00 PM,7/10/2026 11:00:00 AM,7/10/2026 4:00:00 PM,7/10/2026 12:00:00 PM,RECO/MIDATL,275
7/9/2026 12:47:14 PM,7/9/2026 8:47:14 AM,7/10/2026 4:00:00 PM,7/10/2026 12:00:00 PM,7/10/2026 5:00:00 PM,7/10/2026 1:00:00 PM,RECO/MIDATL,298
7/9/2026 12:47:14 PM,7/9/2026 8:47:14 AM,7/10/2026 5:00:00 PM,7/10/2026 1:00:00 PM,7/10/2026 6:00:00 PM,7/10/2026 2:00:00 PM,RECO/MIDATL,317
7/9/2026 12:47:14 PM,7/9/2026 8:47:14 AM,7/10/2026 6:00:00 PM,7/10/2026 2:00:00 PM,7/10/2026 7:00:00 PM,7/10/2026 3:00:00 PM,RECO/MIDATL,331
7/9/2026 12:47:14 PM,7/9/2026 8:47:14 AM,7/10/2026 7:00:00 PM,7/10/2026 3:00:00 PM,7/10/2026 8:00:00 PM,7/10/2026 4:00:00 PM,RECO/MIDATL,341
7/9/2026 12:47:14 PM,7/9/2026 8:47:14 AM,7/10/2026 8:00:00 PM,7/10/2026 4:00:00 PM,7/10/2026 9:00:00 PM,7/10/2026 5:00:00 PM,RECO/MIDATL,342
7/9/2026 12:47:14 PM,7/9/2026 8:47:14 AM,7/10/2026 9:00:00 PM,7/10/2026 5:00:00 PM,7/10/2026 10:00:00 PM,7/10/2026 6:00:00 PM,RECO/MIDATL,335
7/9/2026 12:47:14 PM,7/9/2026 8:47:14 AM,7/10/2026 10:00:00 PM,7/10/2026 6:00:00 PM,7/10/2026 11:00:00 PM,7/10/2026 7:00:00 PM,RECO/MIDATL,318
7/9/2026 12:47:14 PM,7/9/2026 8:47:14 AM,7/10/2026 11:00:00 PM,7/10/2026 7:00:00 PM,7/11/2026 12:00:00 AM,7/10/2026 8:00:00 PM,RECO/MIDATL,300
7/9/2026 12:47:14 PM,7/9/2026 8:47:14 AM,7/11/2026 12:00:00 AM,7/10/2026 8:00:00 PM,7/11/2026 1:00:00 AM,7/10/2026 9:00:00 PM,RECO/MIDATL,283
7/9/2026 12:47:14 PM,7/9/2026 8:47:14 AM,7/11/2026 1:00:00 AM,7/10/2026 9:00:00 PM,7/11/2026 2:00:00 AM,7/10/2026 10:00:00 PM,RECO/MIDATL,267
7/9/2026 12:47:14 PM,7/9/2026 8:47:14 AM,7/11/2026 2:00:00 AM,7/10/2026 10:00:00 PM,7/11/2026 3:00:00 AM,7/10/2026 11:00:00 PM,RECO/MIDATL,246
7/9/2026 12:47:14 PM,7/9/2026 8:47:14 AM,7/11/2026 3:00:00 AM,7/10/2026 11:00:00 PM,7/11/2026 4:00:00 AM,7/11/2026 12:00:00 AM,RECO/MIDATL,224
7/9/2026 12:47:14 PM,7/9/2026 8:47:14 AM,7/11/2026 4:00:00 AM,7/11/2026 12:00:00 AM,7/11/2026 5:00:00 AM,7/11/2026 1:00:00 AM,RECO/MIDATL,195
7/9/2026 12:47:14 PM,7/9/2026 8:47:14 AM,7/11/2026 5:00:00 AM,7/11/2026 1:00:00 AM,7/11/2026 6:00:00 AM,7/11/2026 2:00:00 AM,RECO/MIDATL,181
7/9/2026 12:47:14 PM,7/9/2026 8:47:14 AM,7/11/2026 6:00:00 AM,7/11/2026 2:00:00 AM,7/11/2026 7:00:00 AM,7/11/2026 3:00:00 AM,RECO/MIDATL,170
7/9/2026 12:47:14 PM,7/9/2026 8:47:14 AM,7/11/2026 7:00:00 AM,7/11/2026 3:00:00 AM,7/11/2026 8:00:00 AM,7/11/2026 4:00:00 AM,RECO/MIDATL,165
7/9/2026 12:47:14 PM,7/9/2026 8:47:14 AM,7/11/2026 8:00:00 AM,7/11/2026 4:00:00 AM,7/11/2026 9:00:00 AM,7/11/2026 5:00:00 AM,RECO/MIDATL,159
7/9/2026 12:47:14 PM,7/9/2026 8:47:14 AM,7/11/2026 9:00:00 AM,7/11/2026 5:00:00 AM,7/11/2026 10:00:00 AM,7/11/2026 6:00:00 AM,RECO/MIDATL,156
7/9/2026 12:47:14 PM,7/9/2026 8:47:14 AM,7/11/2026 10:00:00 AM,7/11/2026 6:00:00 AM,7/11/2026 11:00:00 AM,7/11/2026 7:00:00 AM,RECO/MIDATL,158
7/9/2026 12:47:14 PM,7/9/2026 8:47:14 AM,7/11/2026 11:00:00 AM,7/11/2026 7:00:00 AM,7/11/2026 12:00:00 PM,7/11/2026 8:00:00 AM,RECO/MIDATL,166
7/9/2026 12:47:14 PM,7/9/2026 8:47:14 AM,7/11/2026 12:00:00 PM,7/11/2026 8:00:00 AM,7/11/2026 1:00:00 PM,7/11/2026 9:00:00 AM,RECO/MIDATL,181
7/9/2026 12:47:14 PM,7/9/2026 8:47:14 AM,7/11/2026 1:00:00 PM,7/11/2026 9:00:00 AM,7/11/2026 2:00:00 PM,7/11/2026 10:00:00 AM,RECO/MIDATL,196
7/9/2026 12:47:14 PM,7/9/2026 8:47:14 AM,7/11/2026 2:00:00 PM,7/11/2026 10:00:00 AM,7/11/2026 3:00:00 PM,7/11/2026 11:00:00 AM,RECO/MIDATL,214
7/9/2026 12:47:14 PM,7/9/2026 8:47:14 AM,7/11/2026 3:00:00 PM,7/11/2026 11:00:00 AM,7/11/2026 4:00:00 PM,7/11/2026 12:00:00 PM,RECO/MIDATL,232
7/9/2026 12:47:14 PM,7/9/2026 8:47:14 AM,7/11/2026 4:00:00 PM,7/11/2026 12:00:00 PM,7/11/2026 5:00:00 PM,7/11/2026 1:00:00 PM,RECO/MIDATL,248
7/9/2026 12:47:14 PM,7/9/2026 8:47:14 AM,7/11/2026 5:00:00 PM,7/11/2026 1:00:00 PM,7/11/2026 6:00:00 PM,7/11/2026 2:00:00 PM,RECO/MIDATL,260
7/9/2026 12:47:14 PM,7/9/2026 8:47:14 AM,7/11/2026 6:00:00 PM,7/11/2026 2:00:00 PM,7/11/2026 7:00:00 PM,7/11/2026 3:00:00 PM,RECO/MIDATL,270
7/9/2026 12:47:14 PM,7/9/2026 8:47:14 AM,7/11/2026 7:00:00 PM,7/11/2026 3:00:00 PM,7/11/2026 8:00:00 PM,7/11/2026 4:00:00 PM,RECO/MIDATL,276
7/9/2026 12:47:14 PM,7/9/2026 8:47:14 AM,7/11/2026 8:00:00 PM,7/11/2026 4:00:00 PM,7/11/2026 9:00:00 PM,7/11/2026 5:00:00 PM,RECO/MIDATL,278
7/9/2026 12:47:14 PM,7/9/2026 8:47:14 AM,7/11/2026 9:00:00 PM,7/11/2026 5:00:00 PM,7/11/2026 10:00:00 PM,7/11/2026 6:00:00 PM,RECO/MIDATL,276
7/9/2026 12:47:14 PM,7/9/2026 8:47:14 AM,7/11/2026 10:00:00 PM,7/11/2026 6:00:00 PM,7/11/2026 11:00:00 PM,7/11/2026 7:00:00 PM,RECO/MIDATL,266
7/9/2026 12:47:14 PM,7/9/2026 8:47:14 AM,7/11/2026 11:00:00 PM,7/11/2026 7:00:00 PM,7/12/2026 12:00:00 AM,7/11/2026 8:00:00 PM,RECO/MIDATL,256
7/9/2026 12:47:14 PM,7/9/2026 8:47:14 AM,7/12/2026 12:00:00 AM,7/11/2026 8:00:00 PM,7/12/2026 1:00:00 AM,7/11/2026 9:00:00 PM,RECO/MIDATL,242
7/9/2026 12:47:14 PM,7/9/2026 8:47:14 AM,7/12/2026 1:00:00 AM,7/11/2026 9:00:00 PM,7/12/2026 2:00:00 AM,7/11/2026 10:00:00 PM,RECO/MIDATL,231
7/9/2026 12:47:14 PM,7/9/2026 8:47:14 AM,7/12/2026 2:00:00 AM,7/11/2026 10:00:00 PM,7/12/2026 3:00:00 AM,7/11/2026 11:00:00 PM,RECO/MIDATL,214
7/9/2026 12:47:14 PM,7/9/2026 8:47:14 AM,7/12/2026 3:00:00 AM,7/11/2026 11:00:00 PM,7/12/2026 4:00:00 AM,7/12/2026 12:00:00 AM,RECO/MIDATL,197
7/9/2026 12:47:14 PM,7/9/2026 8:47:14 AM,7/12/2026 4:00:00 AM,7/12/2026 12:00:00 AM,7/12/2026 5:00:00 AM,7/12/2026 1:00:00 AM,RECO/MIDATL,179
7/9/2026 12:47:14 PM,7/9/2026 8:47:14 AM,7/12/2026 5:00:00 AM,7/12/2026 1:00:00 AM,7/12/2026 6:00:00 AM,7/12/2026 2:00:00 AM,RECO/MIDATL,166
7/9/2026 12:47:14 PM,7/9/2026 8:47:14 AM,7/12/2026 6:00:00 AM,7/12/2026 2:00:00 AM,7/12/2026 7:00:00 AM,7/12/2026 3:00:00 AM,RECO/MIDATL,157
7/9/2026 12:47:14 PM,7/9/2026 8:47:14 AM,7/12/2026 7:00:00 AM,7/12/2026 3:00:00 AM,7/12/2026 8:00:00 AM,7/12/2026 4:00:00 AM,RECO/MIDATL,150
7/9/2026 12:47:14 PM,7/9/2026 8:47:14 AM,7/12/2026 8:00:00 AM,7/12/2026 4:00:00 AM,7/12/2026 9:00:00 AM,7/12/2026 5:00:00 AM,RECO/MIDATL,147
7/9/2026 12:47:14 PM,7/9/2026 8:47:14 AM,7/12/2026 9:00:00 AM,7/12/2026 5:00:00 AM,7/12/2026 10:00:00 AM,7/12/2026 6:00:00 AM,RECO/MIDATL,144
7/9/2026 12:47:14 PM,7/9/2026 8:47:14 AM,7/12/2026 10:00:00 AM,7/12/2026 6:00:00 AM,7/12/2026 11:00:00 AM,7/12/2026 7:00:00 AM,RECO/MIDATL,144
7/9/2026 12:47:14 PM,7/9/2026 8:47:14 AM,7/12/2026 11:00:00 AM,7/12/2026 7:00:00 AM,7/12/2026 12:00:00 PM,7/12/2026 8:00:00 AM,RECO/MIDATL,149
7/9/2026 12:47:14 PM,7/9/2026 8:47:14 AM,7/12/2026 12:00:00 PM,7/12/2026 8:00:00 AM,7/12/2026 1:00:00 PM,7/12/2026 9:00:00 AM,RECO/MIDATL,161
7/9/2026 12:47:14 PM,7/9/2026 8:47:14 AM,7/12/2026 1:00:00 PM,7/12/2026 9:00:00 AM,7/12/2026 2:00:00 PM,7/12/2026 10:00:00 AM,RECO/MIDATL,173
7/9/2026 12:47:14 PM,7/9/2026 8:47:14 AM,7/12/2026 2:00:00 PM,7/12/2026 10:00:00 AM,7/12/2026 3:00:00 PM,7/12/2026 11:00:00 AM,RECO/MIDATL,187
7/9/2026 12:47:14 PM,7/9/2026 8:47:14 AM,7/12/2026 3:00:00 PM,7/12/2026 11:00:00 AM,7/12/2026 4:00:00 PM,7/12/2026 12:00:00 PM,RECO/MIDATL,201
7/9/2026 12:47:14 PM,7/9/2026 8:47:14 AM,7/12/2026 4:00:00 PM,7/12/2026 12:00:00 PM,7/12/2026 5:00:00 PM,7/12/2026 1:00:00 PM,RECO/MIDATL,216
7/9/2026 12:47:14 PM,7/9/2026 8:47:14 AM,7/12/2026 5:00:00 PM,7/12/2026 1:00:00 PM,7/12/2026 6:00:00 PM,7/12/2026 2:00:00 PM,RECO/MIDATL,230
7/9/2026 12:47:14 PM,7/9/2026 8:47:14 AM,7/12/2026 6:00:00 PM,7/12/2026 2:00:00 PM,7/12/2026 7:00:00 PM,7/12/2026 3:00:00 PM,RECO/MIDATL,243
7/9/2026 12:47:14 PM,7/9/2026 8:47:14 AM,7/12/2026 7:00:00 PM,7/12/2026 3:00:00 PM,7/12/2026 8:00:00 PM,7/12/2026 4:00:00 PM,RECO/MIDATL,254
7/9/2026 12:47:14 PM,7/9/2026 8:47:14 AM,7/12/2026 8:00:00 PM,7/12/2026 4:00:00 PM,7/12/2026 9:00:00 PM,7/12/2026 5:00:00 PM,RECO/MIDATL,263
7/9/2026 12:47:14 PM,7/9/2026 8:47:14 AM,7/12/2026 9:00:00 PM,7/12/2026 5:00:00 PM,7/12/2026 10:00:00 PM,7/12/2026 6:00:00 PM,RECO/MIDATL,266
7/9/2026 12:47:14 PM,7/9/2026 8:47:14 AM,7/12/2026 10:00:00 PM,7/12/2026 6:00:00 PM,7/12/2026 11:00:00 PM,7/12/2026 7:00:00 PM,RECO/MIDATL,262
7/9/2026 12:47:14 PM,7/9/2026 8:47:14 AM,7/12/2026 11:00:00 PM,7/12/2026 7:00:00 PM,7/13/2026 12:00:00 AM,7/12/2026 8:00:00 PM,RECO/MIDATL,251
7/9/2026 12:47:14 PM,7/9/2026 8:47:14 AM,7/13/2026 12:00:00 AM,7/12/2026 8:00:00 PM,7/13/2026 1:00:00 AM,7/12/2026 9:00:00 PM,RECO/MIDATL,239
7/9/2026 12:47:14 PM,7/9/2026 8:47:14 AM,7/13/2026 1:00:00 AM,7/12/2026 9:00:00 PM,7/13/2026 2:00:00 AM,7/12/2026 10:00:00 PM,RECO/MIDATL,228
7/9/2026 12:47:14 PM,7/9/2026 8:47:14 AM,7/13/2026 2:00:00 AM,7/12/2026 10:00:00 PM,7/13/2026 3:00:00 AM,7/12/2026 11:00:00 PM,RECO/MIDATL,211
7/9/2026 12:47:14 PM,7/9/2026 8:47:14 AM,7/13/2026 3:00:00 AM,7/12/2026 11:00:00 PM,7/13/2026 4:00:00 AM,7/13/2026 12:00:00 AM,RECO/MIDATL,194
7/9/2026 12:47:14 PM,7/9/2026 8:47:14 AM,7/13/2026 4:00:00 AM,7/13/2026 12:00:00 AM,7/13/2026 5:00:00 AM,7/13/2026 1:00:00 AM,RECO/MIDATL,180
7/9/2026 12:47:14 PM,7/9/2026 8:47:14 AM,7/13/2026 5:00:00 AM,7/13/2026 1:00:00 AM,7/13/2026 6:00:00 AM,7/13/2026 2:00:00 AM,RECO/MIDATL,169
7/9/2026 12:47:14 PM,7/9/2026 8:47:14 AM,7/13/2026 6:00:00 AM,7/13/2026 2:00:00 AM,7/13/2026 7:00:00 AM,7/13/2026 3:00:00 AM,RECO/MIDATL,161
7/9/2026 12:47:14 PM,7/9/2026 8:47:14 AM,7/13/2026 7:00:00 AM,7/13/2026 3:00:00 AM,7/13/2026 8:00:00 AM,7/13/2026 4:00:00 AM,RECO/MIDATL,156
7/9/2026 12:47:14 PM,7/9/2026 8:47:14 AM,7/13/2026 8:00:00 AM,7/13/2026 4:00:00 AM,7/13/2026 9:00:00 AM,7/13/2026 5:00:00 AM,RECO/MIDATL,154
7/9/2026 12:47:14 PM,7/9/2026 8:47:14 AM,7/13/2026 9:00:00 AM,7/13/2026 5:00:00 AM,7/13/2026 10:00:00 AM,7/13/2026 6:00:00 AM,RECO/MIDATL,156
7/9/2026 12:47:14 PM,7/9/2026 8:47:14 AM,7/13/2026 10:00:00 AM,7/13/2026 6:00:00 AM,7/13/2026 11:00:00 AM,7/13/2026 7:00:00 AM,RECO/MIDATL,166
7/9/2026 12:47:14 PM,7/9/2026 8:47:14 AM,7/13/2026 11:00:00 AM,7/13/2026 7:00:00 AM,7/13/2026 12:00:00 PM,7/13/2026 8:00:00 AM,RECO/MIDATL,182
7/9/2026 12:47:14 PM,7/9/2026 8:47:14 AM,7/13/2026 12:00:00 PM,7/13/2026 8:00:00 AM,7/13/2026 1:00:00 PM,7/13/2026 9:00:00 AM,RECO/MIDATL,200
7/9/2026 12:47:14 PM,7/9/2026 8:47:14 AM,7/13/2026 1:00:00 PM,7/13/2026 9:00:00 AM,7/13/2026 2:00:00 PM,7/13/2026 10:00:00 AM,RECO/MIDATL,215
7/9/2026 12:47:14 PM,7/9/2026 8:47:14 AM,7/13/2026 2:00:00 PM,7/13/2026 10:00:00 AM,7/13/2026 3:00:00 PM,7/13/2026 11:00:00 AM,RECO/MIDATL,230
7/9/2026 12:47:14 PM,7/9/2026 8:47:14 AM,7/13/2026 3:00:00 PM,7/13/2026 11:00:00 AM,7/13/2026 4:00:00 PM,7/13/2026 12:00:00 PM,RECO/MIDATL,246
7/9/2026 12:47:14 PM,7/9/2026 8:47:14 AM,7/13/2026 4:00:00 PM,7/13/2026 12:00:00 PM,7/13/2026 5:00:00 PM,7/13/2026 1:00:00 PM,RECO/MIDATL,262
7/9/2026 12:47:14 PM,7/9/2026 8:47:14 AM,7/13/2026 5:00:00 PM,7/13/2026 1:00:00 PM,7/13/2026 6:00:00 PM,7/13/2026 2:00:00 PM,RECO/MIDATL,277
7/9/2026 12:47:14 PM,7/9/2026 8:47:14 AM,7/13/2026 6:00:00 PM,7/13/2026 2:00:00 PM,7/13/2026 7:00:00 PM,7/13/2026 3:00:00 PM,RECO/MIDATL,290
7/9/2026 12:47:14 PM,7/9/2026 8:47:14 AM,7/13/2026 7:00:00 PM,7/13/2026 3:00:00 PM,7/13/2026 8:00:00 PM,7/13/2026 4:00:00 PM,RECO/MIDATL,299
7/9/2026 12:47:14 PM,7/9/2026 8:47:14 AM,7/13/2026 8:00:00 PM,7/13/2026 4:00:00 PM,7/13/2026 9:00:00 PM,7/13/2026 5:00:00 PM,RECO/MIDATL,306
7/9/2026 12:47:14 PM,7/9/2026 8:47:14 AM,7/13/2026 9:00:00 PM,7/13/2026 5:00:00 PM,7/13/2026 10:00:00 PM,7/13/2026 6:00:00 PM,RECO/MIDATL,303
7/9/2026 12:47:14 PM,7/9/2026 8:47:14 AM,7/13/2026 10:00:00 PM,7/13/2026 6:00:00 PM,7/13/2026 11:00:00 PM,7/13/2026 7:00:00 PM,RECO/MIDATL,291
7/9/2026 12:47:14 PM,7/9/2026 8:47:14 AM,7/13/2026 11:00:00 PM,7/13/2026 7:00:00 PM,7/14/2026 12:00:00 AM,7/13/2026 8:00:00 PM,RECO/MIDATL,276
7/9/2026 12:47:14 PM,7/9/2026 8:47:14 AM,7/14/2026 12:00:00 AM,7/13/2026 8:00:00 PM,7/14/2026 1:00:00 AM,7/13/2026 9:00:00 PM,RECO/MIDATL,260
7/9/2026 12:47:14 PM,7/9/2026 8:47:14 AM,7/14/2026 1:00:00 AM,7/13/2026 9:00:00 PM,7/14/2026 2:00:00 AM,7/13/2026 10:00:00 PM,RECO/MIDATL,245
7/9/2026 12:47:14 PM,7/9/2026 8:47:14 AM,7/14/2026 2:00:00 AM,7/13/2026 10:00:00 PM,7/14/2026 3:00:00 AM,7/13/2026 11:00:00 PM,RECO/MIDATL,224
7/9/2026 12:47:14 PM,7/9/2026 8:47:14 AM,7/14/2026 3:00:00 AM,7/13/2026 11:00:00 PM,7/14/2026 4:00:00 AM,7/14/2026 12:00:00 AM,RECO/MIDATL,202
7/9/2026 12:47:14 PM,7/9/2026 8:47:14 AM,7/14/2026 4:00:00 AM,7/14/2026 12:00:00 AM,7/14/2026 5:00:00 AM,7/14/2026 1:00:00 AM,RECO/MIDATL,183
7/9/2026 12:47:14 PM,7/9/2026 8:47:14 AM,7/14/2026 5:00:00 AM,7/14/2026 1:00:00 AM,7/14/2026 6:00:00 AM,7/14/2026 2:00:00 AM,RECO/MIDATL,170
7/9/2026 12:47:14 PM,7/9/2026 8:47:14 AM,7/14/2026 6:00:00 AM,7/14/2026 2:00:00 AM,7/14/2026 7:00:00 AM,7/14/2026 3:00:00 AM,RECO/MIDATL,160
7/9/2026 12:47:14 PM,7/9/2026 8:47:14 AM,7/14/2026 7:00:00 AM,7/14/2026 3:00:00 AM,7/14/2026 8:00:00 AM,7/14/2026 4:00:00 AM,RECO/MIDATL,155
7/9/2026 12:47:14 PM,7/9/2026 8:47:14 AM,7/14/2026 8:00:00 AM,7/14/2026 4:00:00 AM,7/14/2026 9:00:00 AM,7/14/2026 5:00:00 AM,RECO/MIDATL,154
7/9/2026 12:47:14 PM,7/9/2026 8:47:14 AM,7/14/2026 9:00:00 AM,7/14/2026 5:00:00 AM,7/14/2026 10:00:00 AM,7/14/2026 6:00:00 AM,RECO/MIDATL,157
7/9/2026 12:47:14 PM,7/9/2026 8:47:14 AM,7/14/2026 10:00:00 AM,7/14/2026 6:00:00 AM,7/14/2026 11:00:00 AM,7/14/2026 7:00:00 AM,RECO/MIDATL,163
7/9/2026 12:47:14 PM,7/9/2026 8:47:14 AM,7/14/2026 11:00:00 AM,7/14/2026 7:00:00 AM,7/14/2026 12:00:00 PM,7/14/2026 8:00:00 AM,RECO/MIDATL,177
7/9/2026 12:47:14 PM,7/9/2026 8:47:14 AM,7/14/2026 12:00:00 PM,7/14/2026 8:00:00 AM,7/14/2026 1:00:00 PM,7/14/2026 9:00:00 AM,RECO/MIDATL,197
7/9/2026 12:47:14 PM,7/9/2026 8:47:14 AM,7/14/2026 1:00:00 PM,7/14/2026 9:00:00 AM,7/14/2026 2:00:00 PM,7/14/2026 10:00:00 AM,RECO/MIDATL,212
7/9/2026 12:47:14 PM,7/9/2026 8:47:14 AM,7/14/2026 2:00:00 PM,7/14/2026 10:00:00 AM,7/14/2026 3:00:00 PM,7/14/2026 11:00:00 AM,RECO/MIDATL,229
7/9/2026 12:47:14 PM,7/9/2026 8:47:14 AM,7/14/2026 3:00:00 PM,7/14/2026 11:00:00 AM,7/14/2026 4:00:00 PM,7/14/2026 12:00:00 PM,RECO/MIDATL,248
7/9/2026 12:47:14 PM,7/9/2026 8:47:14 AM,7/14/2026 4:00:00 PM,7/14/2026 12:00:00 PM,7/14/2026 5:00:00 PM,7/14/2026 1:00:00 PM,RECO/MIDATL,267
7/9/2026 12:47:14 PM,7/9/2026 8:47:14 AM,7/14/2026 5:00:00 PM,7/14/2026 1:00:00 PM,7/14/2026 6:00:00 PM,7/14/2026 2:00:00 PM,RECO/MIDATL,290
7/9/2026 12:47:14 PM,7/9/2026 8:47:14 AM,7/14/2026 6:00:00 PM,7/14/2026 2:00:00 PM,7/14/2026 7:00:00 PM,7/14/2026 3:00:00 PM,RECO/MIDATL,306
7/9/2026 12:47:14 PM,7/9/2026 8:47:14 AM,7/14/2026 7:00:00 PM,7/14/2026 3:00:00 PM,7/14/2026 8:00:00 PM,7/14/2026 4:00:00 PM,RECO/MIDATL,320
7/9/2026 12:47:14 PM,7/9/2026 8:47:14 AM,7/14/2026 8:00:00 PM,7/14/2026 4:00:00 PM,7/14/2026 9:00:00 PM,7/14/2026 5:00:00 PM,RECO/MIDATL,325
7/9/2026 12:47:14 PM,7/9/2026 8:47:14 AM,7/14/2026 9:00:00 PM,7/14/2026 5:00:00 PM,7/14/2026 10:00:00 PM,7/14/2026 6:00:00 PM,RECO/MIDATL,325
7/9/2026 12:47:14 PM,7/9/2026 8:47:14 AM,7/14/2026 10:00:00 PM,7/14/2026 6:00:00 PM,7/14/2026 11:00:00 PM,7/14/2026 7:00:00 PM,RECO/MIDATL,318
7/9/2026 12:47:14 PM,7/9/2026 8:47:14 AM,7/14/2026 11:00:00 PM,7/14/2026 7:00:00 PM,7/15/2026 12:00:00 AM,7/14/2026 8:00:00 PM,RECO/MIDATL,301
7/9/2026 12:47:14 PM,7/9/2026 8:47:14 AM,7/15/2026 12:00:00 AM,7/14/2026 8:00:00 PM,7/15/2026 1:00:00 AM,7/14/2026 9:00:00 PM,RECO/MIDATL,285
7/9/2026 12:47:14 PM,7/9/2026 8:47:14 AM,7/15/2026 1:00:00 AM,7/14/2026 9:00:00 PM,7/15/2026 2:00:00 AM,7/14/2026 10:00:00 PM,RECO/MIDATL,268
7/9/2026 12:47:14 PM,7/9/2026 8:47:14 AM,7/15/2026 2:00:00 AM,7/14/2026 10:00:00 PM,7/15/2026 3:00:00 AM,7/14/2026 11:00:00 PM,RECO/MIDATL,244
7/9/2026 12:47:14 PM,7/9/2026 8:47:14 AM,7/15/2026 3:00:00 AM,7/14/2026 11:00:00 PM,7/15/2026 4:00:00 AM,7/15/2026 12:00:00 AM,RECO/MIDATL,224
7/9/2026 12:47:14 PM,7/9/2026 8:47:14 AM,7/15/2026 4:00:00 AM,7/15/2026 12:00:00 AM,7/15/2026 5:00:00 AM,7/15/2026 1:00:00 AM,RECO/MIDATL,206
7/9/2026 12:47:14 PM,7/9/2026 8:47:14 AM,7/15/2026 5:00:00 AM,7/15/2026 1:00:00 AM,7/15/2026 6:00:00 AM,7/15/2026 2:00:00 AM,RECO/MIDATL,193
7/9/2026 12:47:14 PM,7/9/2026 8:47:14 AM,7/15/2026 6:00:00 AM,7/15/2026 2:00:00 AM,7/15/2026 7:00:00 AM,7/15/2026 3:00:00 AM,RECO/MIDATL,183
7/9/2026 12:47:14 PM,7/9/2026 8:47:14 AM,7/15/2026 7:00:00 AM,7/15/2026 3:00:00 AM,7/15/2026 8:00:00 AM,7/15/2026 4:00:00 AM,RECO/MIDATL,176
7/9/2026 12:47:14 PM,7/9/2026 8:47:14 AM,7/15/2026 8:00:00 AM,7/15/2026 4:00:00 AM,7/15/2026 9:00:00 AM,7/15/2026 5:00:00 AM,RECO/MIDATL,173
7/9/2026 12:47:14 PM,7/9/2026 8:47:14 AM,7/15/2026 9:00:00 AM,7/15/2026 5:00:00 AM,7/15/2026 10:00:00 AM,7/15/2026 6:00:00 AM,RECO/MIDATL,177
7/9/2026 12:47:14 PM,7/9/2026 8:47:14 AM,7/15/2026 10:00:00 AM,7/15/2026 6:00:00 AM,7/15/2026 11:00:00 AM,7/15/2026 7:00:00 AM,RECO/MIDATL,185
7/9/2026 12:47:14 PM,7/9/2026 8:47:14 AM,7/15/2026 11:00:00 AM,7/15/2026 7:00:00 AM,7/15/2026 12:00:00 PM,7/15/2026 8:00:00 AM,RECO/MIDATL,204
7/9/2026 12:47:14 PM,7/9/2026 8:47:14 AM,7/15/2026 12:00:00 PM,7/15/2026 8:00:00 AM,7/15/2026 1:00:00 PM,7/15/2026 9:00:00 AM,RECO/MIDATL,227
7/9/2026 12:47:14 PM,7/9/2026 8:47:14 AM,7/15/2026 1:00:00 PM,7/15/2026 9:00:00 AM,7/15/2026 2:00:00 PM,7/15/2026 10:00:00 AM,RECO/MIDATL,248
7/9/2026 12:47:14 PM,7/9/2026 8:47:14 AM,7/15/2026 2:00:00 PM,7/15/2026 10:00:00 AM,7/15/2026 3:00:00 PM,7/15/2026 11:00:00 AM,RECO/MIDATL,270
7/9/2026 12:47:14 PM,7/9/2026 8:47:14 AM,7/15/2026 3:00:00 PM,7/15/2026 11:00:00 AM,7/15/2026 4:00:00 PM,7/15/2026 12:00:00 PM,RECO/MIDATL,298
7/9/2026 12:47:14 PM,7/9/2026 8:47:14 AM,7/15/2026 4:00:00 PM,7/15/2026 12:00:00 PM,7/15/2026 5:00:00 PM,7/15/2026 1:00:00 PM,RECO/MIDATL,323
7/9/2026 12:47:14 PM,7/9/2026 8:47:14 AM,7/15/2026 5:00:00 PM,7/15/2026 1:00:00 PM,7/15/2026 6:00:00 PM,7/15/2026 2:00:00 PM,RECO/MIDATL,354
7/9/2026 12:47:14 PM,7/9/2026 8:47:14 AM,7/15/2026 6:00:00 PM,7/15/2026 2:00:00 PM,7/15/2026 7:00:00 PM,7/15/2026 3:00:00 PM,RECO/MIDATL,379
7/9/2026 12:47:14 PM,7/9/2026 8:47:14 AM,7/15/2026 7:00:00 PM,7/15/2026 3:00:00 PM,7/15/2026 8:00:00 PM,7/15/2026 4:00:00 PM,RECO/MIDATL,396
7/9/2026 12:47:14 PM,7/9/2026 8:47:14 AM,7/15/2026 8:00:00 PM,7/15/2026 4:00:00 PM,7/15/2026 9:00:00 PM,7/15/2026 5:00:00 PM,RECO/MIDATL,401
7/9/2026 12:47:14 PM,7/9/2026 8:47:14 AM,7/15/2026 9:00:00 PM,7/15/2026 5:00:00 PM,7/15/2026 10:00:00 PM,7/15/2026 6:00:00 PM,RECO/MIDATL,399
7/9/2026 12:47:14 PM,7/9/2026 8:47:14 AM,7/15/2026 10:00:00 PM,7/15/2026 6:00:00 PM,7/15/2026 11:00:00 PM,7/15/2026 7:00:00 PM,RECO/MIDATL,380
7/9/2026 12:47:14 PM,7/9/2026 8:47:14 AM,7/15/2026 11:00:00 PM,7/15/2026 7:00:00 PM,7/16/2026 12:00:00 AM,7/15/2026 8:00:00 PM,RECO/MIDATL,356
7/9/2026 12:47:14 PM,7/9/2026 8:47:14 AM,7/16/2026 12:00:00 AM,7/15/2026 8:00:00 PM,7/16/2026 1:00:00 AM,7/15/2026 9:00:00 PM,RECO/MIDATL,331
7/9/2026 12:47:14 PM,7/9/2026 8:47:14 AM,7/16/2026 1:00:00 AM,7/15/2026 9:00:00 PM,7/16/2026 2:00:00 AM,7/15/2026 10:00:00 PM,RECO/MIDATL,307
7/9/2026 12:47:14 PM,7/9/2026 8:47:14 AM,7/16/2026 2:00:00 AM,7/15/2026 10:00:00 PM,7/16/2026 3:00:00 AM,7/15/2026 11:00:00 PM,RECO/MIDATL,279
7/9/2026 12:47:14 PM,7/9/2026 8:47:14 AM,7/16/2026 3:00:00 AM,7/15/2026 11:00:00 PM,7/16/2026 4:00:00 AM,7/16/2026 12:00:00 AM,RECO/MIDATL,253
7/9/2026 12:47:14 PM,7/9/2026 8:47:14 AM,7/9/2026 4:00:00 AM,7/9/2026 12:00:00 AM,7/9/2026 5:00:00 AM,7/9/2026 1:00:00 AM,RTO_COMBINED,104260
7/9/2026 12:47:14 PM,7/9/2026 8:47:14 AM,7/9/2026 5:00:00 AM,7/9/2026 1:00:00 AM,7/9/2026 6:00:00 AM,7/9/2026 2:00:00 AM,RTO_COMBINED,98835
7/9/2026 12:47:14 PM,7/9/2026 8:47:14 AM,7/9/2026 6:00:00 AM,7/9/2026 2:00:00 AM,7/9/2026 7:00:00 AM,7/9/2026 3:00:00 AM,RTO_COMBINED,94817
7/9/2026 12:47:14 PM,7/9/2026 8:47:14 AM,7/9/2026 7:00:00 AM,7/9/2026 3:00:00 AM,7/9/2026 8:00:00 AM,7/9/2026 4:00:00 AM,RTO_COMBINED,92447
7/9/2026 12:47:14 PM,7/9/2026 8:47:14 AM,7/9/2026 8:00:00 AM,7/9/2026 4:00:00 AM,7/9/2026 9:00:00 AM,7/9/2026 5:00:00 AM,RTO_COMBINED,92237
7/9/2026 12:47:14 PM,7/9/2026 8:47:14 AM,7/9/2026 9:00:00 AM,7/9/2026 5:00:00 AM,7/9/2026 10:00:00 AM,7/9/2026 6:00:00 AM,RTO_COMBINED,94380
7/9/2026 12:47:14 PM,7/9/2026 8:47:14 AM,7/9/2026 10:00:00 AM,7/9/2026 6:00:00 AM,7/9/2026 11:00:00 AM,7/9/2026 7:00:00 AM,RTO_COMBINED,98285
7/9/2026 12:47:14 PM,7/9/2026 8:47:14 AM,7/9/2026 11:00:00 AM,7/9/2026 7:00:00 AM,7/9/2026 12:00:00 PM,7/9/2026 8:00:00 AM,RTO_COMBINED,103539
7/9/2026 12:47:14 PM,7/9/2026 8:47:14 AM,7/9/2026 12:00:00 PM,7/9/2026 8:00:00 AM,7/9/2026 1:00:00 PM,7/9/2026 9:00:00 AM,RTO_COMBINED,107776
7/9/2026 12:47:14 PM,7/9/2026 8:47:14 AM,7/9/2026 1:00:00 PM,7/9/2026 9:00:00 AM,7/9/2026 2:00:00 PM,7/9/2026 10:00:00 AM,RTO_COMBINED,112580
7/9/2026 12:47:14 PM,7/9/2026 8:47:14 AM,7/9/2026 2:00:00 PM,7/9/2026 10:00:00 AM,7/9/2026 3:00:00 PM,7/9/2026 11:00:00 AM,RTO_COMBINED,117082
7/9/2026 12:47:14 PM,7/9/2026 8:47:14 AM,7/9/2026 3:00:00 PM,7/9/2026 11:00:00 AM,7/9/2026 4:00:00 PM,7/9/2026 12:00:00 PM,RTO_COMBINED,122040
7/9/2026 12:47:14 PM,7/9/2026 8:47:14 AM,7/9/2026 4:00:00 PM,7/9/2026 12:00:00 PM,7/9/2026 5:00:00 PM,7/9/2026 1:00:00 PM,RTO_COMBINED,127042
7/9/2026 12:47:14 PM,7/9/2026 8:47:14 AM,7/9/2026 5:00:00 PM,7/9/2026 1:00:00 PM,7/9/2026 6:00:00 PM,7/9/2026 2:00:00 PM,RTO_COMBINED,131105
7/9/2026 12:47:14 PM,7/9/2026 8:47:14 AM,7/9/2026 6:00:00 PM,7/9/2026 2:00:00 PM,7/9/2026 7:00:00 PM,7/9/2026 3:00:00 PM,RTO_COMBINED,134034
7/9/2026 12:47:14 PM,7/9/2026 8:47:14 AM,7/9/2026 7:00:00 PM,7/9/2026 3:00:00 PM,7/9/2026 8:00:00 PM,7/9/2026 4:00:00 PM,RTO_COMBINED,136256
7/9/2026 12:47:14 PM,7/9/2026 8:47:14 AM,7/9/2026 8:00:00 PM,7/9/2026 4:00:00 PM,7/9/2026 9:00:00 PM,7/9/2026 5:00:00 PM,RTO_COMBINED,137721
7/9/2026 12:47:14 PM,7/9/2026 8:47:14 AM,7/9/2026 9:00:00 PM,7/9/2026 5:00:00 PM,7/9/2026 10:00:00 PM,7/9/2026 6:00:00 PM,RTO_COMBINED,138456
7/9/2026 12:47:14 PM,7/9/2026 8:47:14 AM,7/9/2026 10:00:00 PM,7/9/2026 6:00:00 PM,7/9/2026 11:00:00 PM,7/9/2026 7:00:00 PM,RTO_COMBINED,136900
7/9/2026 12:47:14 PM,7/9/2026 8:47:14 AM,7/9/2026 11:00:00 PM,7/9/2026 7:00:00 PM,7/10/2026 12:00:00 AM,7/9/2026 8:00:00 PM,RTO_COMBINED,133712
7/9/2026 12:47:14 PM,7/9/2026 8:47:14 AM,7/10/2026 12:00:00 AM,7/9/2026 8:00:00 PM,7/10/2026 1:00:00 AM,7/9/2026 9:00:00 PM,RTO_COMBINED,129708
7/9/2026 12:47:14 PM,7/9/2026 8:47:14 AM,7/10/2026 1:00:00 AM,7/9/2026 9:00:00 PM,7/10/2026 2:00:00 AM,7/9/2026 10:00:00 PM,RTO_COMBINED,125003
7/9/2026 12:47:14 PM,7/9/2026 8:47:14 AM,7/10/2026 2:00:00 AM,7/9/2026 10:00:00 PM,7/10/2026 3:00:00 AM,7/9/2026 11:00:00 PM,RTO_COMBINED,117891
7/9/2026 12:47:14 PM,7/9/2026 8:47:14 AM,7/10/2026 3:00:00 AM,7/9/2026 11:00:00 PM,7/10/2026 4:00:00 AM,7/10/2026 12:00:00 AM,RTO_COMBINED,109905
7/9/2026 12:47:14 PM,7/9/2026 8:47:14 AM,7/10/2026 4:00:00 AM,7/10/2026 12:00:00 AM,7/10/2026 5:00:00 AM,7/10/2026 1:00:00 AM,RTO_COMBINED,103692
7/9/2026 12:47:14 PM,7/9/2026 8:47:14 AM,7/10/2026 5:00:00 AM,7/10/2026 1:00:00 AM,7/10/2026 6:00:00 AM,7/10/2026 2:00:00 AM,RTO_COMBINED,98400
7/9/2026 12:47:14 PM,7/9/2026 8:47:14 AM,7/10/2026 6:00:00 AM,7/10/2026 2:00:00 AM,7/10/2026 7:00:00 AM,7/10/2026 3:00:00 AM,RTO_COMBINED,94583
7/9/2026 12:47:14 PM,7/9/2026 8:47:14 AM,7/10/2026 7:00:00 AM,7/10/2026 3:00:00 AM,7/10/2026 8:00:00 AM,7/10/2026 4:00:00 AM,RTO_COMBINED,92016
7/9/2026 12:47:14 PM,7/9/2026 8:47:14 AM,7/10/2026 8:00:00 AM,7/10/2026 4:00:00 AM,7/10/2026 9:00:00 AM,7/10/2026 5:00:00 AM,RTO_COMBINED,91440
7/9/2026 12:47:14 PM,7/9/2026 8:47:14 AM,7/10/2026 9:00:00 AM,7/10/2026 5:00:00 AM,7/10/2026 10:00:00 AM,7/10/2026 6:00:00 AM,RTO_COMBINED,93123
7/9/2026 12:47:14 PM,7/9/2026 8:47:14 AM,7/10/2026 10:00:00 AM,7/10/2026 6:00:00 AM,7/10/2026 11:00:00 AM,7/10/2026 7:00:00 AM,RTO_COMBINED,96623
7/9/2026 12:47:14 PM,7/9/2026 8:47:14 AM,7/10/2026 11:00:00 AM,7/10/2026 7:00:00 AM,7/10/2026 12:00:00 PM,7/10/2026 8:00:00 AM,RTO_COMBINED,101408
7/9/2026 12:47:14 PM,7/9/2026 8:47:14 AM,7/10/2026 12:00:00 PM,7/10/2026 8:00:00 AM,7/10/2026 1:00:00 PM,7/10/2026 9:00:00 AM,RTO_COMBINED,106487
7/9/2026 12:47:14 PM,7/9/2026 8:47:14 AM,7/10/2026 1:00:00 PM,7/10/2026 9:00:00 AM,7/10/2026 2:00:00 PM,7/10/2026 10:00:00 AM,RTO_COMBINED,111655
7/9/2026 12:47:14 PM,7/9/2026 8:47:14 AM,7/10/2026 2:00:00 PM,7/10/2026 10:00:00 AM,7/10/2026 3:00:00 PM,7/10/2026 11:00:00 AM,RTO_COMBINED,117175
7/9/2026 12:47:14 PM,7/9/2026 8:47:14 AM,7/10/2026 3:00:00 PM,7/10/2026 11:00:00 AM,7/10/2026 4:00:00 PM,7/10/2026 12:00:00 PM,RTO_COMBINED,122551
7/9/2026 12:47:14 PM,7/9/2026 8:47:14 AM,7/10/2026 4:00:00 PM,7/10/2026 12:00:00 PM,7/10/2026 5:00:00 PM,7/10/2026 1:00:00 PM,RTO_COMBINED,127445
7/9/2026 12:47:14 PM,7/9/2026 8:47:14 AM,7/10/2026 5:00:00 PM,7/10/2026 1:00:00 PM,7/10/2026 6:00:00 PM,7/10/2026 2:00:00 PM,RTO_COMBINED,131483
7/9/2026 12:47:14 PM,7/9/2026 8:47:14 AM,7/10/2026 6:00:00 PM,7/10/2026 2:00:00 PM,7/10/2026 7:00:00 PM,7/10/2026 3:00:00 PM,RTO_COMBINED,134227
7/9/2026 12:47:14 PM,7/9/2026 8:47:14 AM,7/10/2026 7:00:00 PM,7/10/2026 3:00:00 PM,7/10/2026 8:00:00 PM,7/10/2026 4:00:00 PM,RTO_COMBINED,135756
7/9/2026 12:47:14 PM,7/9/2026 8:47:14 AM,7/10/2026 8:00:00 PM,7/10/2026 4:00:00 PM,7/10/2026 9:00:00 PM,7/10/2026 5:00:00 PM,RTO_COMBINED,136792
7/9/2026 12:47:14 PM,7/9/2026 8:47:14 AM,7/10/2026 9:00:00 PM,7/10/2026 5:00:00 PM,7/10/2026 10:00:00 PM,7/10/2026 6:00:00 PM,RTO_COMBINED,136703
7/9/2026 12:47:14 PM,7/9/2026 8:47:14 AM,7/10/2026 10:00:00 PM,7/10/2026 6:00:00 PM,7/10/2026 11:00:00 PM,7/10/2026 7:00:00 PM,RTO_COMBINED,134103
7/9/2026 12:47:14 PM,7/9/2026 8:47:14 AM,7/10/2026 11:00:00 PM,7/10/2026 7:00:00 PM,7/11/2026 12:00:00 AM,7/10/2026 8:00:00 PM,RTO_COMBINED,130150
7/9/2026 12:47:14 PM,7/9/2026 8:47:14 AM,7/11/2026 12:00:00 AM,7/10/2026 8:00:00 PM,7/11/2026 1:00:00 AM,7/10/2026 9:00:00 PM,RTO_COMBINED,125386
7/9/2026 12:47:14 PM,7/9/2026 8:47:14 AM,7/11/2026 1:00:00 AM,7/10/2026 9:00:00 PM,7/11/2026 2:00:00 AM,7/10/2026 10:00:00 PM,RTO_COMBINED,120984
7/9/2026 12:47:14 PM,7/9/2026 8:47:14 AM,7/11/2026 2:00:00 AM,7/10/2026 10:00:00 PM,7/11/2026 3:00:00 AM,7/10/2026 11:00:00 PM,RTO_COMBINED,114428
7/9/2026 12:47:14 PM,7/9/2026 8:47:14 AM,7/11/2026 3:00:00 AM,7/10/2026 11:00:00 PM,7/11/2026 4:00:00 AM,7/11/2026 12:00:00 AM,RTO_COMBINED,106953
7/9/2026 12:47:14 PM,7/9/2026 8:47:14 AM,7/11/2026 4:00:00 AM,7/11/2026 12:00:00 AM,7/11/2026 5:00:00 AM,7/11/2026 1:00:00 AM,RTO_COMBINED,101309
7/9/2026 12:47:14 PM,7/9/2026 8:47:14 AM,7/11/2026 5:00:00 AM,7/11/2026 1:00:00 AM,7/11/2026 6:00:00 AM,7/11/2026 2:00:00 AM,RTO_COMBINED,95893
7/9/2026 12:47:14 PM,7/9/2026 8:47:14 AM,7/11/2026 6:00:00 AM,7/11/2026 2:00:00 AM,7/11/2026 7:00:00 AM,7/11/2026 3:00:00 AM,RTO_COMBINED,91947
7/9/2026 12:47:14 PM,7/9/2026 8:47:14 AM,7/11/2026 7:00:00 AM,7/11/2026 3:00:00 AM,7/11/2026 8:00:00 AM,7/11/2026 4:00:00 AM,RTO_COMBINED,89069
7/9/2026 12:47:14 PM,7/9/2026 8:47:14 AM,7/11/2026 8:00:00 AM,7/11/2026 4:00:00 AM,7/11/2026 9:00:00 AM,7/11/2026 5:00:00 AM,RTO_COMBINED,87306
7/9/2026 12:47:14 PM,7/9/2026 8:47:14 AM,7/11/2026 9:00:00 AM,7/11/2026 5:00:00 AM,7/11/2026 10:00:00 AM,7/11/2026 6:00:00 AM,RTO_COMBINED,86870
7/9/2026 12:47:14 PM,7/9/2026 8:47:14 AM,7/11/2026 10:00:00 AM,7/11/2026 6:00:00 AM,7/11/2026 11:00:00 AM,7/11/2026 7:00:00 AM,RTO_COMBINED,87118
7/9/2026 12:47:14 PM,7/9/2026 8:47:14 AM,7/11/2026 11:00:00 AM,7/11/2026 7:00:00 AM,7/11/2026 12:00:00 PM,7/11/2026 8:00:00 AM,RTO_COMBINED,89665
7/9/2026 12:47:14 PM,7/9/2026 8:47:14 AM,7/11/2026 12:00:00 PM,7/11/2026 8:00:00 AM,7/11/2026 1:00:00 PM,7/11/2026 9:00:00 AM,RTO_COMBINED,94699
7/9/2026 12:47:14 PM,7/9/2026 8:47:14 AM,7/11/2026 1:00:00 PM,7/11/2026 9:00:00 AM,7/11/2026 2:00:00 PM,7/11/2026 10:00:00 AM,RTO_COMBINED,100524
7/9/2026 12:47:14 PM,7/9/2026 8:47:14 AM,7/11/2026 2:00:00 PM,7/11/2026 10:00:00 AM,7/11/2026 3:00:00 PM,7/11/2026 11:00:00 AM,RTO_COMBINED,106085
7/9/2026 12:47:14 PM,7/9/2026 8:47:14 AM,7/11/2026 3:00:00 PM,7/11/2026 11:00:00 AM,7/11/2026 4:00:00 PM,7/11/2026 12:00:00 PM,RTO_COMBINED,111257
7/9/2026 12:47:14 PM,7/9/2026 8:47:14 AM,7/11/2026 4:00:00 PM,7/11/2026 12:00:00 PM,7/11/2026 5:00:00 PM,7/11/2026 1:00:00 PM,RTO_COMBINED,115581
7/9/2026 12:47:14 PM,7/9/2026 8:47:14 AM,7/11/2026 5:00:00 PM,7/11/2026 1:00:00 PM,7/11/2026 6:00:00 PM,7/11/2026 2:00:00 PM,RTO_COMBINED,118878
7/9/2026 12:47:14 PM,7/9/2026 8:47:14 AM,7/11/2026 6:00:00 PM,7/11/2026 2:00:00 PM,7/11/2026 7:00:00 PM,7/11/2026 3:00:00 PM,RTO_COMBINED,121362
7/9/2026 12:47:14 PM,7/9/2026 8:47:14 AM,7/11/2026 7:00:00 PM,7/11/2026 3:00:00 PM,7/11/2026 8:00:00 PM,7/11/2026 4:00:00 PM,RTO_COMBINED,123381
7/9/2026 12:47:14 PM,7/9/2026 8:47:14 AM,7/11/2026 8:00:00 PM,7/11/2026 4:00:00 PM,7/11/2026 9:00:00 PM,7/11/2026 5:00:00 PM,RTO_COMBINED,125283
7/9/2026 12:47:14 PM,7/9/2026 8:47:14 AM,7/11/2026 9:00:00 PM,7/11/2026 5:00:00 PM,7/11/2026 10:00:00 PM,7/11/2026 6:00:00 PM,RTO_COMBINED,125824
7/9/2026 12:47:14 PM,7/9/2026 8:47:14 AM,7/11/2026 10:00:00 PM,7/11/2026 6:00:00 PM,7/11/2026 11:00:00 PM,7/11/2026 7:00:00 PM,RTO_COMBINED,124240
7/9/2026 12:47:14 PM,7/9/2026 8:47:14 AM,7/11/2026 11:00:00 PM,7/11/2026 7:00:00 PM,7/12/2026 12:00:00 AM,7/11/2026 8:00:00 PM,RTO_COMBINED,121186
7/9/2026 12:47:14 PM,7/9/2026 8:47:14 AM,7/12/2026 12:00:00 AM,7/11/2026 8:00:00 PM,7/12/2026 1:00:00 AM,7/11/2026 9:00:00 PM,RTO_COMBINED,117357
7/9/2026 12:47:14 PM,7/9/2026 8:47:14 AM,7/12/2026 1:00:00 AM,7/11/2026 9:00:00 PM,7/12/2026 2:00:00 AM,7/11/2026 10:00:00 PM,RTO_COMBINED,113724
7/9/2026 12:47:14 PM,7/9/2026 8:47:14 AM,7/12/2026 2:00:00 AM,7/11/2026 10:00:00 PM,7/12/2026 3:00:00 AM,7/11/2026 11:00:00 PM,RTO_COMBINED,108182
7/9/2026 12:47:14 PM,7/9/2026 8:47:14 AM,7/12/2026 3:00:00 AM,7/11/2026 11:00:00 PM,7/12/2026 4:00:00 AM,7/12/2026 12:00:00 AM,RTO_COMBINED,101557
7/9/2026 12:47:14 PM,7/9/2026 8:47:14 AM,7/12/2026 4:00:00 AM,7/12/2026 12:00:00 AM,7/12/2026 5:00:00 AM,7/12/2026 1:00:00 AM,RTO_COMBINED,94352
7/9/2026 12:47:14 PM,7/9/2026 8:47:14 AM,7/12/2026 5:00:00 AM,7/12/2026 1:00:00 AM,7/12/2026 6:00:00 AM,7/12/2026 2:00:00 AM,RTO_COMBINED,89554
7/9/2026 12:47:14 PM,7/9/2026 8:47:14 AM,7/12/2026 6:00:00 AM,7/12/2026 2:00:00 AM,7/12/2026 7:00:00 AM,7/12/2026 3:00:00 AM,RTO_COMBINED,85871
7/9/2026 12:47:14 PM,7/9/2026 8:47:14 AM,7/12/2026 7:00:00 AM,7/12/2026 3:00:00 AM,7/12/2026 8:00:00 AM,7/12/2026 4:00:00 AM,RTO_COMBINED,83144
7/9/2026 12:47:14 PM,7/9/2026 8:47:14 AM,7/12/2026 8:00:00 AM,7/12/2026 4:00:00 AM,7/12/2026 9:00:00 AM,7/12/2026 5:00:00 AM,RTO_COMBINED,81573
7/9/2026 12:47:14 PM,7/9/2026 8:47:14 AM,7/12/2026 9:00:00 AM,7/12/2026 5:00:00 AM,7/12/2026 10:00:00 AM,7/12/2026 6:00:00 AM,RTO_COMBINED,80828
7/9/2026 12:47:14 PM,7/9/2026 8:47:14 AM,7/12/2026 10:00:00 AM,7/12/2026 6:00:00 AM,7/12/2026 11:00:00 AM,7/12/2026 7:00:00 AM,RTO_COMBINED,80634
7/9/2026 12:47:14 PM,7/9/2026 8:47:14 AM,7/12/2026 11:00:00 AM,7/12/2026 7:00:00 AM,7/12/2026 12:00:00 PM,7/12/2026 8:00:00 AM,RTO_COMBINED,82761
7/9/2026 12:47:14 PM,7/9/2026 8:47:14 AM,7/12/2026 12:00:00 PM,7/12/2026 8:00:00 AM,7/12/2026 1:00:00 PM,7/12/2026 9:00:00 AM,RTO_COMBINED,87496
7/9/2026 12:47:14 PM,7/9/2026 8:47:14 AM,7/12/2026 1:00:00 PM,7/12/2026 9:00:00 AM,7/12/2026 2:00:00 PM,7/12/2026 10:00:00 AM,RTO_COMBINED,93187
7/9/2026 12:47:14 PM,7/9/2026 8:47:14 AM,7/12/2026 2:00:00 PM,7/12/2026 10:00:00 AM,7/12/2026 3:00:00 PM,7/12/2026 11:00:00 AM,RTO_COMBINED,98965
7/9/2026 12:47:14 PM,7/9/2026 8:47:14 AM,7/12/2026 3:00:00 PM,7/12/2026 11:00:00 AM,7/12/2026 4:00:00 PM,7/12/2026 12:00:00 PM,RTO_COMBINED,104738
7/9/2026 12:47:14 PM,7/9/2026 8:47:14 AM,7/12/2026 4:00:00 PM,7/12/2026 12:00:00 PM,7/12/2026 5:00:00 PM,7/12/2026 1:00:00 PM,RTO_COMBINED,110000
7/9/2026 12:47:14 PM,7/9/2026 8:47:14 AM,7/12/2026 5:00:00 PM,7/12/2026 1:00:00 PM,7/12/2026 6:00:00 PM,7/12/2026 2:00:00 PM,RTO_COMBINED,114537
7/9/2026 12:47:14 PM,7/9/2026 8:47:14 AM,7/12/2026 6:00:00 PM,7/12/2026 2:00:00 PM,7/12/2026 7:00:00 PM,7/12/2026 3:00:00 PM,RTO_COMBINED,118303
7/9/2026 12:47:14 PM,7/9/2026 8:47:14 AM,7/12/2026 7:00:00 PM,7/12/2026 3:00:00 PM,7/12/2026 8:00:00 PM,7/12/2026 4:00:00 PM,RTO_COMBINED,121811
7/9/2026 12:47:14 PM,7/9/2026 8:47:14 AM,7/12/2026 8:00:00 PM,7/12/2026 4:00:00 PM,7/12/2026 9:00:00 PM,7/12/2026 5:00:00 PM,RTO_COMBINED,124836
7/9/2026 12:47:14 PM,7/9/2026 8:47:14 AM,7/12/2026 9:00:00 PM,7/12/2026 5:00:00 PM,7/12/2026 10:00:00 PM,7/12/2026 6:00:00 PM,RTO_COMBINED,126650
7/9/2026 12:47:14 PM,7/9/2026 8:47:14 AM,7/12/2026 10:00:00 PM,7/12/2026 6:00:00 PM,7/12/2026 11:00:00 PM,7/12/2026 7:00:00 PM,RTO_COMBINED,125838
7/9/2026 12:47:14 PM,7/9/2026 8:47:14 AM,7/12/2026 11:00:00 PM,7/12/2026 7:00:00 PM,7/13/2026 12:00:00 AM,7/12/2026 8:00:00 PM,RTO_COMBINED,123264
7/9/2026 12:47:14 PM,7/9/2026 8:47:14 AM,7/13/2026 12:00:00 AM,7/12/2026 8:00:00 PM,7/13/2026 1:00:00 AM,7/12/2026 9:00:00 PM,RTO_COMBINED,119599
7/9/2026 12:47:14 PM,7/9/2026 8:47:14 AM,7/13/2026 1:00:00 AM,7/12/2026 9:00:00 PM,7/13/2026 2:00:00 AM,7/12/2026 10:00:00 PM,RTO_COMBINED,115566
7/9/2026 12:47:14 PM,7/9/2026 8:47:14 AM,7/13/2026 2:00:00 AM,7/12/2026 10:00:00 PM,7/13/2026 3:00:00 AM,7/12/2026 11:00:00 PM,RTO_COMBINED,109128
7/9/2026 12:47:14 PM,7/9/2026 8:47:14 AM,7/13/2026 3:00:00 AM,7/12/2026 11:00:00 PM,7/13/2026 4:00:00 AM,7/13/2026 12:00:00 AM,RTO_COMBINED,102055
7/9/2026 12:47:14 PM,7/9/2026 8:47:14 AM,7/13/2026 4:00:00 AM,7/13/2026 12:00:00 AM,7/13/2026 5:00:00 AM,7/13/2026 1:00:00 AM,RTO_COMBINED,93927
7/9/2026 12:47:14 PM,7/9/2026 8:47:14 AM,7/13/2026 5:00:00 AM,7/13/2026 1:00:00 AM,7/13/2026 6:00:00 AM,7/13/2026 2:00:00 AM,RTO_COMBINED,89226
7/9/2026 12:47:14 PM,7/9/2026 8:47:14 AM,7/13/2026 6:00:00 AM,7/13/2026 2:00:00 AM,7/13/2026 7:00:00 AM,7/13/2026 3:00:00 AM,RTO_COMBINED,86032
7/9/2026 12:47:14 PM,7/9/2026 8:47:14 AM,7/13/2026 7:00:00 AM,7/13/2026 3:00:00 AM,7/13/2026 8:00:00 AM,7/13/2026 4:00:00 AM,RTO_COMBINED,84103
7/9/2026 12:47:14 PM,7/9/2026 8:47:14 AM,7/13/2026 8:00:00 AM,7/13/2026 4:00:00 AM,7/13/2026 9:00:00 AM,7/13/2026 5:00:00 AM,RTO_COMBINED,84042
7/9/2026 12:47:14 PM,7/9/2026 8:47:14 AM,7/13/2026 9:00:00 AM,7/13/2026 5:00:00 AM,7/13/2026 10:00:00 AM,7/13/2026 6:00:00 AM,RTO_COMBINED,86493
7/9/2026 12:47:14 PM,7/9/2026 8:47:14 AM,7/13/2026 10:00:00 AM,7/13/2026 6:00:00 AM,7/13/2026 11:00:00 AM,7/13/2026 7:00:00 AM,RTO_COMBINED,90594
7/9/2026 12:47:14 PM,7/9/2026 8:47:14 AM,7/13/2026 11:00:00 AM,7/13/2026 7:00:00 AM,7/13/2026 12:00:00 PM,7/13/2026 8:00:00 AM,RTO_COMBINED,95520
7/9/2026 12:47:14 PM,7/9/2026 8:47:14 AM,7/13/2026 12:00:00 PM,7/13/2026 8:00:00 AM,7/13/2026 1:00:00 PM,7/13/2026 9:00:00 AM,RTO_COMBINED,100377
7/9/2026 12:47:14 PM,7/9/2026 8:47:14 AM,7/13/2026 1:00:00 PM,7/13/2026 9:00:00 AM,7/13/2026 2:00:00 PM,7/13/2026 10:00:00 AM,RTO_COMBINED,105132
7/9/2026 12:47:14 PM,7/9/2026 8:47:14 AM,7/13/2026 2:00:00 PM,7/13/2026 10:00:00 AM,7/13/2026 3:00:00 PM,7/13/2026 11:00:00 AM,RTO_COMBINED,110518
7/9/2026 12:47:14 PM,7/9/2026 8:47:14 AM,7/13/2026 3:00:00 PM,7/13/2026 11:00:00 AM,7/13/2026 4:00:00 PM,7/13/2026 12:00:00 PM,RTO_COMBINED,116080
7/9/2026 12:47:14 PM,7/9/2026 8:47:14 AM,7/13/2026 4:00:00 PM,7/13/2026 12:00:00 PM,7/13/2026 5:00:00 PM,7/13/2026 1:00:00 PM,RTO_COMBINED,121416
7/9/2026 12:47:14 PM,7/9/2026 8:47:14 AM,7/13/2026 5:00:00 PM,7/13/2026 1:00:00 PM,7/13/2026 6:00:00 PM,7/13/2026 2:00:00 PM,RTO_COMBINED,126468
7/9/2026 12:47:14 PM,7/9/2026 8:47:14 AM,7/13/2026 6:00:00 PM,7/13/2026 2:00:00 PM,7/13/2026 7:00:00 PM,7/13/2026 3:00:00 PM,RTO_COMBINED,130368
7/9/2026 12:47:14 PM,7/9/2026 8:47:14 AM,7/13/2026 7:00:00 PM,7/13/2026 3:00:00 PM,7/13/2026 8:00:00 PM,7/13/2026 4:00:00 PM,RTO_COMBINED,133593
7/9/2026 12:47:14 PM,7/9/2026 8:47:14 AM,7/13/2026 8:00:00 PM,7/13/2026 4:00:00 PM,7/13/2026 9:00:00 PM,7/13/2026 5:00:00 PM,RTO_COMBINED,136157
7/9/2026 12:47:14 PM,7/9/2026 8:47:14 AM,7/13/2026 9:00:00 PM,7/13/2026 5:00:00 PM,7/13/2026 10:00:00 PM,7/13/2026 6:00:00 PM,RTO_COMBINED,137341
7/9/2026 12:47:14 PM,7/9/2026 8:47:14 AM,7/13/2026 10:00:00 PM,7/13/2026 6:00:00 PM,7/13/2026 11:00:00 PM,7/13/2026 7:00:00 PM,RTO_COMBINED,135862
7/9/2026 12:47:14 PM,7/9/2026 8:47:14 AM,7/13/2026 11:00:00 PM,7/13/2026 7:00:00 PM,7/14/2026 12:00:00 AM,7/13/2026 8:00:00 PM,RTO_COMBINED,132414
7/9/2026 12:47:14 PM,7/9/2026 8:47:14 AM,7/14/2026 12:00:00 AM,7/13/2026 8:00:00 PM,7/14/2026 1:00:00 AM,7/13/2026 9:00:00 PM,RTO_COMBINED,127738
7/9/2026 12:47:14 PM,7/9/2026 8:47:14 AM,7/14/2026 1:00:00 AM,7/13/2026 9:00:00 PM,7/14/2026 2:00:00 AM,7/13/2026 10:00:00 PM,RTO_COMBINED,122602
7/9/2026 12:47:14 PM,7/9/2026 8:47:14 AM,7/14/2026 2:00:00 AM,7/13/2026 10:00:00 PM,7/14/2026 3:00:00 AM,7/13/2026 11:00:00 PM,RTO_COMBINED,114869
7/9/2026 12:47:14 PM,7/9/2026 8:47:14 AM,7/14/2026 3:00:00 AM,7/13/2026 11:00:00 PM,7/14/2026 4:00:00 AM,7/14/2026 12:00:00 AM,RTO_COMBINED,106555
7/9/2026 12:47:14 PM,7/9/2026 8:47:14 AM,7/14/2026 4:00:00 AM,7/14/2026 12:00:00 AM,7/14/2026 5:00:00 AM,7/14/2026 1:00:00 AM,RTO_COMBINED,98359
7/9/2026 12:47:14 PM,7/9/2026 8:47:14 AM,7/14/2026 5:00:00 AM,7/14/2026 1:00:00 AM,7/14/2026 6:00:00 AM,7/14/2026 2:00:00 AM,RTO_COMBINED,93073
7/9/2026 12:47:14 PM,7/9/2026 8:47:14 AM,7/14/2026 6:00:00 AM,7/14/2026 2:00:00 AM,7/14/2026 7:00:00 AM,7/14/2026 3:00:00 AM,RTO_COMBINED,89391
7/9/2026 12:47:14 PM,7/9/2026 8:47:14 AM,7/14/2026 7:00:00 AM,7/14/2026 3:00:00 AM,7/14/2026 8:00:00 AM,7/14/2026 4:00:00 AM,RTO_COMBINED,86917
7/9/2026 12:47:14 PM,7/9/2026 8:47:14 AM,7/14/2026 8:00:00 AM,7/14/2026 4:00:00 AM,7/14/2026 9:00:00 AM,7/14/2026 5:00:00 AM,RTO_COMBINED,86469
7/9/2026 12:47:14 PM,7/9/2026 8:47:14 AM,7/14/2026 9:00:00 AM,7/14/2026 5:00:00 AM,7/14/2026 10:00:00 AM,7/14/2026 6:00:00 AM,RTO_COMBINED,88373
7/9/2026 12:47:14 PM,7/9/2026 8:47:14 AM,7/14/2026 10:00:00 AM,7/14/2026 6:00:00 AM,7/14/2026 11:00:00 AM,7/14/2026 7:00:00 AM,RTO_COMBINED,92258
7/9/2026 12:47:14 PM,7/9/2026 8:47:14 AM,7/14/2026 11:00:00 AM,7/14/2026 7:00:00 AM,7/14/2026 12:00:00 PM,7/14/2026 8:00:00 AM,RTO_COMBINED,97157
7/9/2026 12:47:14 PM,7/9/2026 8:47:14 AM,7/14/2026 12:00:00 PM,7/14/2026 8:00:00 AM,7/14/2026 1:00:00 PM,7/14/2026 9:00:00 AM,RTO_COMBINED,102369
7/9/2026 12:47:14 PM,7/9/2026 8:47:14 AM,7/14/2026 1:00:00 PM,7/14/2026 9:00:00 AM,7/14/2026 2:00:00 PM,7/14/2026 10:00:00 AM,RTO_COMBINED,107740
7/9/2026 12:47:14 PM,7/9/2026 8:47:14 AM,7/14/2026 2:00:00 PM,7/14/2026 10:00:00 AM,7/14/2026 3:00:00 PM,7/14/2026 11:00:00 AM,RTO_COMBINED,113972
7/9/2026 12:47:14 PM,7/9/2026 8:47:14 AM,7/14/2026 3:00:00 PM,7/14/2026 11:00:00 AM,7/14/2026 4:00:00 PM,7/14/2026 12:00:00 PM,RTO_COMBINED,120351
7/9/2026 12:47:14 PM,7/9/2026 8:47:14 AM,7/14/2026 4:00:00 PM,7/14/2026 12:00:00 PM,7/14/2026 5:00:00 PM,7/14/2026 1:00:00 PM,RTO_COMBINED,126534
7/9/2026 12:47:14 PM,7/9/2026 8:47:14 AM,7/14/2026 5:00:00 PM,7/14/2026 1:00:00 PM,7/14/2026 6:00:00 PM,7/14/2026 2:00:00 PM,RTO_COMBINED,132163
7/9/2026 12:47:14 PM,7/9/2026 8:47:14 AM,7/14/2026 6:00:00 PM,7/14/2026 2:00:00 PM,7/14/2026 7:00:00 PM,7/14/2026 3:00:00 PM,RTO_COMBINED,136628
7/9/2026 12:47:14 PM,7/9/2026 8:47:14 AM,7/14/2026 7:00:00 PM,7/14/2026 3:00:00 PM,7/14/2026 8:00:00 PM,7/14/2026 4:00:00 PM,RTO_COMBINED,140636
7/9/2026 12:47:14 PM,7/9/2026 8:47:14 AM,7/14/2026 8:00:00 PM,7/14/2026 4:00:00 PM,7/14/2026 9:00:00 PM,7/14/2026 5:00:00 PM,RTO_COMBINED,143839
7/9/2026 12:47:14 PM,7/9/2026 8:47:14 AM,7/14/2026 9:00:00 PM,7/14/2026 5:00:00 PM,7/14/2026 10:00:00 PM,7/14/2026 6:00:00 PM,RTO_COMBINED,145634
7/9/2026 12:47:14 PM,7/9/2026 8:47:14 AM,7/14/2026 10:00:00 PM,7/14/2026 6:00:00 PM,7/14/2026 11:00:00 PM,7/14/2026 7:00:00 PM,RTO_COMBINED,144652
7/9/2026 12:47:14 PM,7/9/2026 8:47:14 AM,7/14/2026 11:00:00 PM,7/14/2026 7:00:00 PM,7/15/2026 12:00:00 AM,7/14/2026 8:00:00 PM,RTO_COMBINED,141302
7/9/2026 12:47:14 PM,7/9/2026 8:47:14 AM,7/15/2026 12:00:00 AM,7/14/2026 8:00:00 PM,7/15/2026 1:00:00 AM,7/14/2026 9:00:00 PM,RTO_COMBINED,136386
7/9/2026 12:47:14 PM,7/9/2026 8:47:14 AM,7/15/2026 1:00:00 AM,7/14/2026 9:00:00 PM,7/15/2026 2:00:00 AM,7/14/2026 10:00:00 PM,RTO_COMBINED,130832
7/9/2026 12:47:14 PM,7/9/2026 8:47:14 AM,7/15/2026 2:00:00 AM,7/14/2026 10:00:00 PM,7/15/2026 3:00:00 AM,7/14/2026 11:00:00 PM,RTO_COMBINED,122681
7/9/2026 12:47:14 PM,7/9/2026 8:47:14 AM,7/15/2026 3:00:00 AM,7/14/2026 11:00:00 PM,7/15/2026 4:00:00 AM,7/15/2026 12:00:00 AM,RTO_COMBINED,113936
7/9/2026 12:47:14 PM,7/9/2026 8:47:14 AM,7/15/2026 4:00:00 AM,7/15/2026 12:00:00 AM,7/15/2026 5:00:00 AM,7/15/2026 1:00:00 AM,RTO_COMBINED,105321
7/9/2026 12:47:14 PM,7/9/2026 8:47:14 AM,7/15/2026 5:00:00 AM,7/15/2026 1:00:00 AM,7/15/2026 6:00:00 AM,7/15/2026 2:00:00 AM,RTO_COMBINED,99642
7/9/2026 12:47:14 PM,7/9/2026 8:47:14 AM,7/15/2026 6:00:00 AM,7/15/2026 2:00:00 AM,7/15/2026 7:00:00 AM,7/15/2026 3:00:00 AM,RTO_COMBINED,95308
7/9/2026 12:47:14 PM,7/9/2026 8:47:14 AM,7/15/2026 7:00:00 AM,7/15/2026 3:00:00 AM,7/15/2026 8:00:00 AM,7/15/2026 4:00:00 AM,RTO_COMBINED,92638
7/9/2026 12:47:14 PM,7/9/2026 8:47:14 AM,7/15/2026 8:00:00 AM,7/15/2026 4:00:00 AM,7/15/2026 9:00:00 AM,7/15/2026 5:00:00 AM,RTO_COMBINED,91921
7/9/2026 12:47:14 PM,7/9/2026 8:47:14 AM,7/15/2026 9:00:00 AM,7/15/2026 5:00:00 AM,7/15/2026 10:00:00 AM,7/15/2026 6:00:00 AM,RTO_COMBINED,93842
7/9/2026 12:47:14 PM,7/9/2026 8:47:14 AM,7/15/2026 10:00:00 AM,7/15/2026 6:00:00 AM,7/15/2026 11:00:00 AM,7/15/2026 7:00:00 AM,RTO_COMBINED,97510
7/9/2026 12:47:14 PM,7/9/2026 8:47:14 AM,7/15/2026 11:00:00 AM,7/15/2026 7:00:00 AM,7/15/2026 12:00:00 PM,7/15/2026 8:00:00 AM,RTO_COMBINED,102967
7/9/2026 12:47:14 PM,7/9/2026 8:47:14 AM,7/15/2026 12:00:00 PM,7/15/2026 8:00:00 AM,7/15/2026 1:00:00 PM,7/15/2026 9:00:00 AM,RTO_COMBINED,109251
7/9/2026 12:47:14 PM,7/9/2026 8:47:14 AM,7/15/2026 1:00:00 PM,7/15/2026 9:00:00 AM,7/15/2026 2:00:00 PM,7/15/2026 10:00:00 AM,RTO_COMBINED,116036
7/9/2026 12:47:14 PM,7/9/2026 8:47:14 AM,7/15/2026 2:00:00 PM,7/15/2026 10:00:00 AM,7/15/2026 3:00:00 PM,7/15/2026 11:00:00 AM,RTO_COMBINED,123603
7/9/2026 12:47:14 PM,7/9/2026 8:47:14 AM,7/15/2026 3:00:00 PM,7/15/2026 11:00:00 AM,7/15/2026 4:00:00 PM,7/15/2026 12:00:00 PM,RTO_COMBINED,131272
7/9/2026 12:47:14 PM,7/9/2026 8:47:14 AM,7/15/2026 4:00:00 PM,7/15/2026 12:00:00 PM,7/15/2026 5:00:00 PM,7/15/2026 1:00:00 PM,RTO_COMBINED,138344
7/9/2026 12:47:14 PM,7/9/2026 8:47:14 AM,7/15/2026 5:00:00 PM,7/15/2026 1:00:00 PM,7/15/2026 6:00:00 PM,7/15/2026 2:00:00 PM,RTO_COMBINED,144326
7/9/2026 12:47:14 PM,7/9/2026 8:47:14 AM,7/15/2026 6:00:00 PM,7/15/2026 2:00:00 PM,7/15/2026 7:00:00 PM,7/15/2026 3:00:00 PM,RTO_COMBINED,148831
7/9/2026 12:47:14 PM,7/9/2026 8:47:14 AM,7/15/2026 7:00:00 PM,7/15/2026 3:00:00 PM,7/15/2026 8:00:00 PM,7/15/2026 4:00:00 PM,RTO_COMBINED,152534
7/9/2026 12:47:14 PM,7/9/2026 8:47:14 AM,7/15/2026 8:00:00 PM,7/15/2026 4:00:00 PM,7/15/2026 9:00:00 PM,7/15/2026 5:00:00 PM,RTO_COMBINED,155164
7/9/2026 12:47:14 PM,7/9/2026 8:47:14 AM,7/15/2026 9:00:00 PM,7/15/2026 5:00:00 PM,7/15/2026 10:00:00 PM,7/15/2026 6:00:00 PM,RTO_COMBINED,156434
7/9/2026 12:47:14 PM,7/9/2026 8:47:14 AM,7/15/2026 10:00:00 PM,7/15/2026 6:00:00 PM,7/15/2026 11:00:00 PM,7/15/2026 7:00:00 PM,RTO_COMBINED,155495
7/9/2026 12:47:14 PM,7/9/2026 8:47:14 AM,7/15/2026 11:00:00 PM,7/15/2026 7:00:00 PM,7/16/2026 12:00:00 AM,7/15/2026 8:00:00 PM,RTO_COMBINED,151922
7/9/2026 12:47:14 PM,7/9/2026 8:47:14 AM,7/16/2026 12:00:00 AM,7/15/2026 8:00:00 PM,7/16/2026 1:00:00 AM,7/15/2026 9:00:00 PM,RTO_COMBINED,146488
7/9/2026 12:47:14 PM,7/9/2026 8:47:14 AM,7/16/2026 1:00:00 AM,7/15/2026 9:00:00 PM,7/16/2026 2:00:00 AM,7/15/2026 10:00:00 PM,RTO_COMBINED,140858
7/9/2026 12:47:14 PM,7/9/2026 8:47:14 AM,7/16/2026 2:00:00 AM,7/15/2026 10:00:00 PM,7/16/2026 3:00:00 AM,7/15/2026 11:00:00 PM,RTO_COMBINED,131968
7/9/2026 12:47:14 PM,7/9/2026 8:47:14 AM,7/16/2026 3:00:00 AM,7/15/2026 11:00:00 PM,7/16/2026 4:00:00 AM,7/16/2026 12:00:00 AM,RTO_COMBINED,122752
7/9/2026 12:47:14 PM,7/9/2026 8:47:14 AM,7/9/2026 4:00:00 AM,7/9/2026 12:00:00 AM,7/9/2026 5:00:00 AM,7/9/2026 1:00:00 AM,SOUTHERN_REGION,16650
7/9/2026 12:47:14 PM,7/9/2026 8:47:14 AM,7/9/2026 5:00:00 AM,7/9/2026 1:00:00 AM,7/9/2026 6:00:00 AM,7/9/2026 2:00:00 AM,SOUTHERN_REGION,16112
7/9/2026 12:47:14 PM,7/9/2026 8:47:14 AM,7/9/2026 6:00:00 AM,7/9/2026 2:00:00 AM,7/9/2026 7:00:00 AM,7/9/2026 3:00:00 AM,SOUTHERN_REGION,15741
7/9/2026 12:47:14 PM,7/9/2026 8:47:14 AM,7/9/2026 7:00:00 AM,7/9/2026 3:00:00 AM,7/9/2026 8:00:00 AM,7/9/2026 4:00:00 AM,SOUTHERN_REGION,15562
7/9/2026 12:47:14 PM,7/9/2026 8:47:14 AM,7/9/2026 8:00:00 AM,7/9/2026 4:00:00 AM,7/9/2026 9:00:00 AM,7/9/2026 5:00:00 AM,SOUTHERN_REGION,15653
7/9/2026 12:47:14 PM,7/9/2026 8:47:14 AM,7/9/2026 9:00:00 AM,7/9/2026 5:00:00 AM,7/9/2026 10:00:00 AM,7/9/2026 6:00:00 AM,SOUTHERN_REGION,15983
7/9/2026 12:47:14 PM,7/9/2026 8:47:14 AM,7/9/2026 10:00:00 AM,7/9/2026 6:00:00 AM,7/9/2026 11:00:00 AM,7/9/2026 7:00:00 AM,SOUTHERN_REGION,16527
7/9/2026 12:47:14 PM,7/9/2026 8:47:14 AM,7/9/2026 11:00:00 AM,7/9/2026 7:00:00 AM,7/9/2026 12:00:00 PM,7/9/2026 8:00:00 AM,SOUTHERN_REGION,17161
7/9/2026 12:47:14 PM,7/9/2026 8:47:14 AM,7/9/2026 12:00:00 PM,7/9/2026 8:00:00 AM,7/9/2026 1:00:00 PM,7/9/2026 9:00:00 AM,SOUTHERN_REGION,17700
7/9/2026 12:47:14 PM,7/9/2026 8:47:14 AM,7/9/2026 1:00:00 PM,7/9/2026 9:00:00 AM,7/9/2026 2:00:00 PM,7/9/2026 10:00:00 AM,SOUTHERN_REGION,18364
7/9/2026 12:47:14 PM,7/9/2026 8:47:14 AM,7/9/2026 2:00:00 PM,7/9/2026 10:00:00 AM,7/9/2026 3:00:00 PM,7/9/2026 11:00:00 AM,SOUTHERN_REGION,19056
7/9/2026 12:47:14 PM,7/9/2026 8:47:14 AM,7/9/2026 3:00:00 PM,7/9/2026 11:00:00 AM,7/9/2026 4:00:00 PM,7/9/2026 12:00:00 PM,SOUTHERN_REGION,19943
7/9/2026 12:47:14 PM,7/9/2026 8:47:14 AM,7/9/2026 4:00:00 PM,7/9/2026 12:00:00 PM,7/9/2026 5:00:00 PM,7/9/2026 1:00:00 PM,SOUTHERN_REGION,20769
7/9/2026 12:47:14 PM,7/9/2026 8:47:14 AM,7/9/2026 5:00:00 PM,7/9/2026 1:00:00 PM,7/9/2026 6:00:00 PM,7/9/2026 2:00:00 PM,SOUTHERN_REGION,21521
7/9/2026 12:47:14 PM,7/9/2026 8:47:14 AM,7/9/2026 6:00:00 PM,7/9/2026 2:00:00 PM,7/9/2026 7:00:00 PM,7/9/2026 3:00:00 PM,SOUTHERN_REGION,22017
7/9/2026 12:47:14 PM,7/9/2026 8:47:14 AM,7/9/2026 7:00:00 PM,7/9/2026 3:00:00 PM,7/9/2026 8:00:00 PM,7/9/2026 4:00:00 PM,SOUTHERN_REGION,22349
7/9/2026 12:47:14 PM,7/9/2026 8:47:14 AM,7/9/2026 8:00:00 PM,7/9/2026 4:00:00 PM,7/9/2026 9:00:00 PM,7/9/2026 5:00:00 PM,SOUTHERN_REGION,22484
7/9/2026 12:47:14 PM,7/9/2026 8:47:14 AM,7/9/2026 9:00:00 PM,7/9/2026 5:00:00 PM,7/9/2026 10:00:00 PM,7/9/2026 6:00:00 PM,SOUTHERN_REGION,22524
7/9/2026 12:47:14 PM,7/9/2026 8:47:14 AM,7/9/2026 10:00:00 PM,7/9/2026 6:00:00 PM,7/9/2026 11:00:00 PM,7/9/2026 7:00:00 PM,SOUTHERN_REGION,22243
7/9/2026 12:47:14 PM,7/9/2026 8:47:14 AM,7/9/2026 11:00:00 PM,7/9/2026 7:00:00 PM,7/10/2026 12:00:00 AM,7/9/2026 8:00:00 PM,SOUTHERN_REGION,21742
7/9/2026 12:47:14 PM,7/9/2026 8:47:14 AM,7/10/2026 12:00:00 AM,7/9/2026 8:00:00 PM,7/10/2026 1:00:00 AM,7/9/2026 9:00:00 PM,SOUTHERN_REGION,21101
7/9/2026 12:47:14 PM,7/9/2026 8:47:14 AM,7/10/2026 1:00:00 AM,7/9/2026 9:00:00 PM,7/10/2026 2:00:00 AM,7/9/2026 10:00:00 PM,SOUTHERN_REGION,20339
7/9/2026 12:47:14 PM,7/9/2026 8:47:14 AM,7/10/2026 2:00:00 AM,7/9/2026 10:00:00 PM,7/10/2026 3:00:00 AM,7/9/2026 11:00:00 PM,SOUTHERN_REGION,19200
7/9/2026 12:47:14 PM,7/9/2026 8:47:14 AM,7/10/2026 3:00:00 AM,7/9/2026 11:00:00 PM,7/10/2026 4:00:00 AM,7/10/2026 12:00:00 AM,SOUTHERN_REGION,18108
7/9/2026 12:47:14 PM,7/9/2026 8:47:14 AM,7/10/2026 4:00:00 AM,7/10/2026 12:00:00 AM,7/10/2026 5:00:00 AM,7/10/2026 1:00:00 AM,SOUTHERN_REGION,17342
7/9/2026 12:47:14 PM,7/9/2026 8:47:14 AM,7/10/2026 5:00:00 AM,7/10/2026 1:00:00 AM,7/10/2026 6:00:00 AM,7/10/2026 2:00:00 AM,SOUTHERN_REGION,16618
7/9/2026 12:47:14 PM,7/9/2026 8:47:14 AM,7/10/2026 6:00:00 AM,7/10/2026 2:00:00 AM,7/10/2026 7:00:00 AM,7/10/2026 3:00:00 AM,SOUTHERN_REGION,16119
7/9/2026 12:47:14 PM,7/9/2026 8:47:14 AM,7/10/2026 7:00:00 AM,7/10/2026 3:00:00 AM,7/10/2026 8:00:00 AM,7/10/2026 4:00:00 AM,SOUTHERN_REGION,15777
7/9/2026 12:47:14 PM,7/9/2026 8:47:14 AM,7/10/2026 8:00:00 AM,7/10/2026 4:00:00 AM,7/10/2026 9:00:00 AM,7/10/2026 5:00:00 AM,SOUTHERN_REGION,15712
7/9/2026 12:47:14 PM,7/9/2026 8:47:14 AM,7/10/2026 9:00:00 AM,7/10/2026 5:00:00 AM,7/10/2026 10:00:00 AM,7/10/2026 6:00:00 AM,SOUTHERN_REGION,15952
7/9/2026 12:47:14 PM,7/9/2026 8:47:14 AM,7/10/2026 10:00:00 AM,7/10/2026 6:00:00 AM,7/10/2026 11:00:00 AM,7/10/2026 7:00:00 AM,SOUTHERN_REGION,16347
7/9/2026 12:47:14 PM,7/9/2026 8:47:14 AM,7/10/2026 11:00:00 AM,7/10/2026 7:00:00 AM,7/10/2026 12:00:00 PM,7/10/2026 8:00:00 AM,SOUTHERN_REGION,16933
7/9/2026 12:47:14 PM,7/9/2026 8:47:14 AM,7/10/2026 12:00:00 PM,7/10/2026 8:00:00 AM,7/10/2026 1:00:00 PM,7/10/2026 9:00:00 AM,SOUTHERN_REGION,17687
7/9/2026 12:47:14 PM,7/9/2026 8:47:14 AM,7/10/2026 1:00:00 PM,7/10/2026 9:00:00 AM,7/10/2026 2:00:00 PM,7/10/2026 10:00:00 AM,SOUTHERN_REGION,18609
7/9/2026 12:47:14 PM,7/9/2026 8:47:14 AM,7/10/2026 2:00:00 PM,7/10/2026 10:00:00 AM,7/10/2026 3:00:00 PM,7/10/2026 11:00:00 AM,SOUTHERN_REGION,19635
7/9/2026 12:47:14 PM,7/9/2026 8:47:14 AM,7/10/2026 3:00:00 PM,7/10/2026 11:00:00 AM,7/10/2026 4:00:00 PM,7/10/2026 12:00:00 PM,SOUTHERN_REGION,20688
7/9/2026 12:47:14 PM,7/9/2026 8:47:14 AM,7/10/2026 4:00:00 PM,7/10/2026 12:00:00 PM,7/10/2026 5:00:00 PM,7/10/2026 1:00:00 PM,SOUTHERN_REGION,21667
7/9/2026 12:47:14 PM,7/9/2026 8:47:14 AM,7/10/2026 5:00:00 PM,7/10/2026 1:00:00 PM,7/10/2026 6:00:00 PM,7/10/2026 2:00:00 PM,SOUTHERN_REGION,22411
7/9/2026 12:47:14 PM,7/9/2026 8:47:14 AM,7/10/2026 6:00:00 PM,7/10/2026 2:00:00 PM,7/10/2026 7:00:00 PM,7/10/2026 3:00:00 PM,SOUTHERN_REGION,22922
7/9/2026 12:47:14 PM,7/9/2026 8:47:14 AM,7/10/2026 7:00:00 PM,7/10/2026 3:00:00 PM,7/10/2026 8:00:00 PM,7/10/2026 4:00:00 PM,SOUTHERN_REGION,23192
7/9/2026 12:47:14 PM,7/9/2026 8:47:14 AM,7/10/2026 8:00:00 PM,7/10/2026 4:00:00 PM,7/10/2026 9:00:00 PM,7/10/2026 5:00:00 PM,SOUTHERN_REGION,23266
7/9/2026 12:47:14 PM,7/9/2026 8:47:14 AM,7/10/2026 9:00:00 PM,7/10/2026 5:00:00 PM,7/10/2026 10:00:00 PM,7/10/2026 6:00:00 PM,SOUTHERN_REGION,23203
7/9/2026 12:47:14 PM,7/9/2026 8:47:14 AM,7/10/2026 10:00:00 PM,7/10/2026 6:00:00 PM,7/10/2026 11:00:00 PM,7/10/2026 7:00:00 PM,SOUTHERN_REGION,22773
7/9/2026 12:47:14 PM,7/9/2026 8:47:14 AM,7/10/2026 11:00:00 PM,7/10/2026 7:00:00 PM,7/11/2026 12:00:00 AM,7/10/2026 8:00:00 PM,SOUTHERN_REGION,22176
7/9/2026 12:47:14 PM,7/9/2026 8:47:14 AM,7/11/2026 12:00:00 AM,7/10/2026 8:00:00 PM,7/11/2026 1:00:00 AM,7/10/2026 9:00:00 PM,SOUTHERN_REGION,21469
7/9/2026 12:47:14 PM,7/9/2026 8:47:14 AM,7/11/2026 1:00:00 AM,7/10/2026 9:00:00 PM,7/11/2026 2:00:00 AM,7/10/2026 10:00:00 PM,SOUTHERN_REGION,20715
7/9/2026 12:47:14 PM,7/9/2026 8:47:14 AM,7/11/2026 2:00:00 AM,7/10/2026 10:00:00 PM,7/11/2026 3:00:00 AM,7/10/2026 11:00:00 PM,SOUTHERN_REGION,19684
7/9/2026 12:47:14 PM,7/9/2026 8:47:14 AM,7/11/2026 3:00:00 AM,7/10/2026 11:00:00 PM,7/11/2026 4:00:00 AM,7/11/2026 12:00:00 AM,SOUTHERN_REGION,18645
7/9/2026 12:47:14 PM,7/9/2026 8:47:14 AM,7/11/2026 4:00:00 AM,7/11/2026 12:00:00 AM,7/11/2026 5:00:00 AM,7/11/2026 1:00:00 AM,SOUTHERN_REGION,17935
7/9/2026 12:47:14 PM,7/9/2026 8:47:14 AM,7/11/2026 5:00:00 AM,7/11/2026 1:00:00 AM,7/11/2026 6:00:00 AM,7/11/2026 2:00:00 AM,SOUTHERN_REGION,17110
7/9/2026 12:47:14 PM,7/9/2026 8:47:14 AM,7/11/2026 6:00:00 AM,7/11/2026 2:00:00 AM,7/11/2026 7:00:00 AM,7/11/2026 3:00:00 AM,SOUTHERN_REGION,16512
7/9/2026 12:47:14 PM,7/9/2026 8:47:14 AM,7/11/2026 7:00:00 AM,7/11/2026 3:00:00 AM,7/11/2026 8:00:00 AM,7/11/2026 4:00:00 AM,SOUTHERN_REGION,16062
7/9/2026 12:47:14 PM,7/9/2026 8:47:14 AM,7/11/2026 8:00:00 AM,7/11/2026 4:00:00 AM,7/11/2026 9:00:00 AM,7/11/2026 5:00:00 AM,SOUTHERN_REGION,15743
7/9/2026 12:47:14 PM,7/9/2026 8:47:14 AM,7/11/2026 9:00:00 AM,7/11/2026 5:00:00 AM,7/11/2026 10:00:00 AM,7/11/2026 6:00:00 AM,SOUTHERN_REGION,15581
7/9/2026 12:47:14 PM,7/9/2026 8:47:14 AM,7/11/2026 10:00:00 AM,7/11/2026 6:00:00 AM,7/11/2026 11:00:00 AM,7/11/2026 7:00:00 AM,SOUTHERN_REGION,15537
7/9/2026 12:47:14 PM,7/9/2026 8:47:14 AM,7/11/2026 11:00:00 AM,7/11/2026 7:00:00 AM,7/11/2026 12:00:00 PM,7/11/2026 8:00:00 AM,SOUTHERN_REGION,15849
7/9/2026 12:47:14 PM,7/9/2026 8:47:14 AM,7/11/2026 12:00:00 PM,7/11/2026 8:00:00 AM,7/11/2026 1:00:00 PM,7/11/2026 9:00:00 AM,SOUTHERN_REGION,16645
7/9/2026 12:47:14 PM,7/9/2026 8:47:14 AM,7/11/2026 1:00:00 PM,7/11/2026 9:00:00 AM,7/11/2026 2:00:00 PM,7/11/2026 10:00:00 AM,SOUTHERN_REGION,17659
7/9/2026 12:47:14 PM,7/9/2026 8:47:14 AM,7/11/2026 2:00:00 PM,7/11/2026 10:00:00 AM,7/11/2026 3:00:00 PM,7/11/2026 11:00:00 AM,SOUTHERN_REGION,18628
7/9/2026 12:47:14 PM,7/9/2026 8:47:14 AM,7/11/2026 3:00:00 PM,7/11/2026 11:00:00 AM,7/11/2026 4:00:00 PM,7/11/2026 12:00:00 PM,SOUTHERN_REGION,19492
7/9/2026 12:47:14 PM,7/9/2026 8:47:14 AM,7/11/2026 4:00:00 PM,7/11/2026 12:00:00 PM,7/11/2026 5:00:00 PM,7/11/2026 1:00:00 PM,SOUTHERN_REGION,20154
7/9/2026 12:47:14 PM,7/9/2026 8:47:14 AM,7/11/2026 5:00:00 PM,7/11/2026 1:00:00 PM,7/11/2026 6:00:00 PM,7/11/2026 2:00:00 PM,SOUTHERN_REGION,20552
7/9/2026 12:47:14 PM,7/9/2026 8:47:14 AM,7/11/2026 6:00:00 PM,7/11/2026 2:00:00 PM,7/11/2026 7:00:00 PM,7/11/2026 3:00:00 PM,SOUTHERN_REGION,20822
7/9/2026 12:47:14 PM,7/9/2026 8:47:14 AM,7/11/2026 7:00:00 PM,7/11/2026 3:00:00 PM,7/11/2026 8:00:00 PM,7/11/2026 4:00:00 PM,SOUTHERN_REGION,20918
7/9/2026 12:47:14 PM,7/9/2026 8:47:14 AM,7/11/2026 8:00:00 PM,7/11/2026 4:00:00 PM,7/11/2026 9:00:00 PM,7/11/2026 5:00:00 PM,SOUTHERN_REGION,21021
7/9/2026 12:47:14 PM,7/9/2026 8:47:14 AM,7/11/2026 9:00:00 PM,7/11/2026 5:00:00 PM,7/11/2026 10:00:00 PM,7/11/2026 6:00:00 PM,SOUTHERN_REGION,20958
7/9/2026 12:47:14 PM,7/9/2026 8:47:14 AM,7/11/2026 10:00:00 PM,7/11/2026 6:00:00 PM,7/11/2026 11:00:00 PM,7/11/2026 7:00:00 PM,SOUTHERN_REGION,20691
7/9/2026 12:47:14 PM,7/9/2026 8:47:14 AM,7/11/2026 11:00:00 PM,7/11/2026 7:00:00 PM,7/12/2026 12:00:00 AM,7/11/2026 8:00:00 PM,SOUTHERN_REGION,20172
7/9/2026 12:47:14 PM,7/9/2026 8:47:14 AM,7/12/2026 12:00:00 AM,7/11/2026 8:00:00 PM,7/12/2026 1:00:00 AM,7/11/2026 9:00:00 PM,SOUTHERN_REGION,19635
7/9/2026 12:47:14 PM,7/9/2026 8:47:14 AM,7/12/2026 1:00:00 AM,7/11/2026 9:00:00 PM,7/12/2026 2:00:00 AM,7/11/2026 10:00:00 PM,SOUTHERN_REGION,19039
7/9/2026 12:47:14 PM,7/9/2026 8:47:14 AM,7/12/2026 2:00:00 AM,7/11/2026 10:00:00 PM,7/12/2026 3:00:00 AM,7/11/2026 11:00:00 PM,SOUTHERN_REGION,18150
7/9/2026 12:47:14 PM,7/9/2026 8:47:14 AM,7/12/2026 3:00:00 AM,7/11/2026 11:00:00 PM,7/12/2026 4:00:00 AM,7/12/2026 12:00:00 AM,SOUTHERN_REGION,17250
7/9/2026 12:47:14 PM,7/9/2026 8:47:14 AM,7/12/2026 4:00:00 AM,7/12/2026 12:00:00 AM,7/12/2026 5:00:00 AM,7/12/2026 1:00:00 AM,SOUTHERN_REGION,16515
7/9/2026 12:47:14 PM,7/9/2026 8:47:14 AM,7/12/2026 5:00:00 AM,7/12/2026 1:00:00 AM,7/12/2026 6:00:00 AM,7/12/2026 2:00:00 AM,SOUTHERN_REGION,15794
7/9/2026 12:47:14 PM,7/9/2026 8:47:14 AM,7/12/2026 6:00:00 AM,7/12/2026 2:00:00 AM,7/12/2026 7:00:00 AM,7/12/2026 3:00:00 AM,SOUTHERN_REGION,15281
7/9/2026 12:47:14 PM,7/9/2026 8:47:14 AM,7/12/2026 7:00:00 AM,7/12/2026 3:00:00 AM,7/12/2026 8:00:00 AM,7/12/2026 4:00:00 AM,SOUTHERN_REGION,14914
7/9/2026 12:47:14 PM,7/9/2026 8:47:14 AM,7/12/2026 8:00:00 AM,7/12/2026 4:00:00 AM,7/12/2026 9:00:00 AM,7/12/2026 5:00:00 AM,SOUTHERN_REGION,14676
7/9/2026 12:47:14 PM,7/9/2026 8:47:14 AM,7/12/2026 9:00:00 AM,7/12/2026 5:00:00 AM,7/12/2026 10:00:00 AM,7/12/2026 6:00:00 AM,SOUTHERN_REGION,14617
7/9/2026 12:47:14 PM,7/9/2026 8:47:14 AM,7/12/2026 10:00:00 AM,7/12/2026 6:00:00 AM,7/12/2026 11:00:00 AM,7/12/2026 7:00:00 AM,SOUTHERN_REGION,14579
7/9/2026 12:47:14 PM,7/9/2026 8:47:14 AM,7/12/2026 11:00:00 AM,7/12/2026 7:00:00 AM,7/12/2026 12:00:00 PM,7/12/2026 8:00:00 AM,SOUTHERN_REGION,14920
7/9/2026 12:47:14 PM,7/9/2026 8:47:14 AM,7/12/2026 12:00:00 PM,7/12/2026 8:00:00 AM,7/12/2026 1:00:00 PM,7/12/2026 9:00:00 AM,SOUTHERN_REGION,15628
7/9/2026 12:47:14 PM,7/9/2026 8:47:14 AM,7/12/2026 1:00:00 PM,7/12/2026 9:00:00 AM,7/12/2026 2:00:00 PM,7/12/2026 10:00:00 AM,SOUTHERN_REGION,16492
7/9/2026 12:47:14 PM,7/9/2026 8:47:14 AM,7/12/2026 2:00:00 PM,7/12/2026 10:00:00 AM,7/12/2026 3:00:00 PM,7/12/2026 11:00:00 AM,SOUTHERN_REGION,17279
7/9/2026 12:47:14 PM,7/9/2026 8:47:14 AM,7/12/2026 3:00:00 PM,7/12/2026 11:00:00 AM,7/12/2026 4:00:00 PM,7/12/2026 12:00:00 PM,SOUTHERN_REGION,17998
7/9/2026 12:47:14 PM,7/9/2026 8:47:14 AM,7/12/2026 4:00:00 PM,7/12/2026 12:00:00 PM,7/12/2026 5:00:00 PM,7/12/2026 1:00:00 PM,SOUTHERN_REGION,18623
7/9/2026 12:47:14 PM,7/9/2026 8:47:14 AM,7/12/2026 5:00:00 PM,7/12/2026 1:00:00 PM,7/12/2026 6:00:00 PM,7/12/2026 2:00:00 PM,SOUTHERN_REGION,19150
7/9/2026 12:47:14 PM,7/9/2026 8:47:14 AM,7/12/2026 6:00:00 PM,7/12/2026 2:00:00 PM,7/12/2026 7:00:00 PM,7/12/2026 3:00:00 PM,SOUTHERN_REGION,19475
7/9/2026 12:47:14 PM,7/9/2026 8:47:14 AM,7/12/2026 7:00:00 PM,7/12/2026 3:00:00 PM,7/12/2026 8:00:00 PM,7/12/2026 4:00:00 PM,SOUTHERN_REGION,19733
7/9/2026 12:47:14 PM,7/9/2026 8:47:14 AM,7/12/2026 8:00:00 PM,7/12/2026 4:00:00 PM,7/12/2026 9:00:00 PM,7/12/2026 5:00:00 PM,SOUTHERN_REGION,19893
7/9/2026 12:47:14 PM,7/9/2026 8:47:14 AM,7/12/2026 9:00:00 PM,7/12/2026 5:00:00 PM,7/12/2026 10:00:00 PM,7/12/2026 6:00:00 PM,SOUTHERN_REGION,19929
7/9/2026 12:47:14 PM,7/9/2026 8:47:14 AM,7/12/2026 10:00:00 PM,7/12/2026 6:00:00 PM,7/12/2026 11:00:00 PM,7/12/2026 7:00:00 PM,SOUTHERN_REGION,19735
7/9/2026 12:47:14 PM,7/9/2026 8:47:14 AM,7/12/2026 11:00:00 PM,7/12/2026 7:00:00 PM,7/13/2026 12:00:00 AM,7/12/2026 8:00:00 PM,SOUTHERN_REGION,19395
7/9/2026 12:47:14 PM,7/9/2026 8:47:14 AM,7/13/2026 12:00:00 AM,7/12/2026 8:00:00 PM,7/13/2026 1:00:00 AM,7/12/2026 9:00:00 PM,SOUTHERN_REGION,18934
7/9/2026 12:47:14 PM,7/9/2026 8:47:14 AM,7/13/2026 1:00:00 AM,7/12/2026 9:00:00 PM,7/13/2026 2:00:00 AM,7/12/2026 10:00:00 PM,SOUTHERN_REGION,18353
7/9/2026 12:47:14 PM,7/9/2026 8:47:14 AM,7/13/2026 2:00:00 AM,7/12/2026 10:00:00 PM,7/13/2026 3:00:00 AM,7/12/2026 11:00:00 PM,SOUTHERN_REGION,17424
7/9/2026 12:47:14 PM,7/9/2026 8:47:14 AM,7/13/2026 3:00:00 AM,7/12/2026 11:00:00 PM,7/13/2026 4:00:00 AM,7/13/2026 12:00:00 AM,SOUTHERN_REGION,16456
7/9/2026 12:47:14 PM,7/9/2026 8:47:14 AM,7/13/2026 4:00:00 AM,7/13/2026 12:00:00 AM,7/13/2026 5:00:00 AM,7/13/2026 1:00:00 AM,SOUTHERN_REGION,15421
7/9/2026 12:47:14 PM,7/9/2026 8:47:14 AM,7/13/2026 5:00:00 AM,7/13/2026 1:00:00 AM,7/13/2026 6:00:00 AM,7/13/2026 2:00:00 AM,SOUTHERN_REGION,14797
7/9/2026 12:47:14 PM,7/9/2026 8:47:14 AM,7/13/2026 6:00:00 AM,7/13/2026 2:00:00 AM,7/13/2026 7:00:00 AM,7/13/2026 3:00:00 AM,SOUTHERN_REGION,14393
7/9/2026 12:47:14 PM,7/9/2026 8:47:14 AM,7/13/2026 7:00:00 AM,7/13/2026 3:00:00 AM,7/13/2026 8:00:00 AM,7/13/2026 4:00:00 AM,SOUTHERN_REGION,14195
7/9/2026 12:47:14 PM,7/9/2026 8:47:14 AM,7/13/2026 8:00:00 AM,7/13/2026 4:00:00 AM,7/13/2026 9:00:00 AM,7/13/2026 5:00:00 AM,SOUTHERN_REGION,14228
7/9/2026 12:47:14 PM,7/9/2026 8:47:14 AM,7/13/2026 9:00:00 AM,7/13/2026 5:00:00 AM,7/13/2026 10:00:00 AM,7/13/2026 6:00:00 AM,SOUTHERN_REGION,14631
7/9/2026 12:47:14 PM,7/9/2026 8:47:14 AM,7/13/2026 10:00:00 AM,7/13/2026 6:00:00 AM,7/13/2026 11:00:00 AM,7/13/2026 7:00:00 AM,SOUTHERN_REGION,15179
7/9/2026 12:47:14 PM,7/9/2026 8:47:14 AM,7/13/2026 11:00:00 AM,7/13/2026 7:00:00 AM,7/13/2026 12:00:00 PM,7/13/2026 8:00:00 AM,SOUTHERN_REGION,15730
7/9/2026 12:47:14 PM,7/9/2026 8:47:14 AM,7/13/2026 12:00:00 PM,7/13/2026 8:00:00 AM,7/13/2026 1:00:00 PM,7/13/2026 9:00:00 AM,SOUTHERN_REGION,16219
7/9/2026 12:47:14 PM,7/9/2026 8:47:14 AM,7/13/2026 1:00:00 PM,7/13/2026 9:00:00 AM,7/13/2026 2:00:00 PM,7/13/2026 10:00:00 AM,SOUTHERN_REGION,16781
7/9/2026 12:47:14 PM,7/9/2026 8:47:14 AM,7/13/2026 2:00:00 PM,7/13/2026 10:00:00 AM,7/13/2026 3:00:00 PM,7/13/2026 11:00:00 AM,SOUTHERN_REGION,17438
7/9/2026 12:47:14 PM,7/9/2026 8:47:14 AM,7/13/2026 3:00:00 PM,7/13/2026 11:00:00 AM,7/13/2026 4:00:00 PM,7/13/2026 12:00:00 PM,SOUTHERN_REGION,18147
7/9/2026 12:47:14 PM,7/9/2026 8:47:14 AM,7/13/2026 4:00:00 PM,7/13/2026 12:00:00 PM,7/13/2026 5:00:00 PM,7/13/2026 1:00:00 PM,SOUTHERN_REGION,18842
7/9/2026 12:47:14 PM,7/9/2026 8:47:14 AM,7/13/2026 5:00:00 PM,7/13/2026 1:00:00 PM,7/13/2026 6:00:00 PM,7/13/2026 2:00:00 PM,SOUTHERN_REGION,19443
7/9/2026 12:47:14 PM,7/9/2026 8:47:14 AM,7/13/2026 6:00:00 PM,7/13/2026 2:00:00 PM,7/13/2026 7:00:00 PM,7/13/2026 3:00:00 PM,SOUTHERN_REGION,19855
7/9/2026 12:47:14 PM,7/9/2026 8:47:14 AM,7/13/2026 7:00:00 PM,7/13/2026 3:00:00 PM,7/13/2026 8:00:00 PM,7/13/2026 4:00:00 PM,SOUTHERN_REGION,20187
7/9/2026 12:47:14 PM,7/9/2026 8:47:14 AM,7/13/2026 8:00:00 PM,7/13/2026 4:00:00 PM,7/13/2026 9:00:00 PM,7/13/2026 5:00:00 PM,SOUTHERN_REGION,20433
7/9/2026 12:47:14 PM,7/9/2026 8:47:14 AM,7/13/2026 9:00:00 PM,7/13/2026 5:00:00 PM,7/13/2026 10:00:00 PM,7/13/2026 6:00:00 PM,SOUTHERN_REGION,20538
7/9/2026 12:47:14 PM,7/9/2026 8:47:14 AM,7/13/2026 10:00:00 PM,7/13/2026 6:00:00 PM,7/13/2026 11:00:00 PM,7/13/2026 7:00:00 PM,SOUTHERN_REGION,20384
7/9/2026 12:47:14 PM,7/9/2026 8:47:14 AM,7/13/2026 11:00:00 PM,7/13/2026 7:00:00 PM,7/14/2026 12:00:00 AM,7/13/2026 8:00:00 PM,SOUTHERN_REGION,19999
7/9/2026 12:47:14 PM,7/9/2026 8:47:14 AM,7/14/2026 12:00:00 AM,7/13/2026 8:00:00 PM,7/14/2026 1:00:00 AM,7/13/2026 9:00:00 PM,SOUTHERN_REGION,19420
7/9/2026 12:47:14 PM,7/9/2026 8:47:14 AM,7/14/2026 1:00:00 AM,7/13/2026 9:00:00 PM,7/14/2026 2:00:00 AM,7/13/2026 10:00:00 PM,SOUTHERN_REGION,18725
7/9/2026 12:47:14 PM,7/9/2026 8:47:14 AM,7/14/2026 2:00:00 AM,7/13/2026 10:00:00 PM,7/14/2026 3:00:00 AM,7/13/2026 11:00:00 PM,SOUTHERN_REGION,17651
7/9/2026 12:47:14 PM,7/9/2026 8:47:14 AM,7/14/2026 3:00:00 AM,7/13/2026 11:00:00 PM,7/14/2026 4:00:00 AM,7/14/2026 12:00:00 AM,SOUTHERN_REGION,16533
7/9/2026 12:47:14 PM,7/9/2026 8:47:14 AM,7/14/2026 4:00:00 AM,7/14/2026 12:00:00 AM,7/14/2026 5:00:00 AM,7/14/2026 1:00:00 AM,SOUTHERN_REGION,15489
7/9/2026 12:47:14 PM,7/9/2026 8:47:14 AM,7/14/2026 5:00:00 AM,7/14/2026 1:00:00 AM,7/14/2026 6:00:00 AM,7/14/2026 2:00:00 AM,SOUTHERN_REGION,14834
7/9/2026 12:47:14 PM,7/9/2026 8:47:14 AM,7/14/2026 6:00:00 AM,7/14/2026 2:00:00 AM,7/14/2026 7:00:00 AM,7/14/2026 3:00:00 AM,SOUTHERN_REGION,14418
7/9/2026 12:47:14 PM,7/9/2026 8:47:14 AM,7/14/2026 7:00:00 AM,7/14/2026 3:00:00 AM,7/14/2026 8:00:00 AM,7/14/2026 4:00:00 AM,SOUTHERN_REGION,14181
7/9/2026 12:47:14 PM,7/9/2026 8:47:14 AM,7/14/2026 8:00:00 AM,7/14/2026 4:00:00 AM,7/14/2026 9:00:00 AM,7/14/2026 5:00:00 AM,SOUTHERN_REGION,14184
7/9/2026 12:47:14 PM,7/9/2026 8:47:14 AM,7/14/2026 9:00:00 AM,7/14/2026 5:00:00 AM,7/14/2026 10:00:00 AM,7/14/2026 6:00:00 AM,SOUTHERN_REGION,14540
7/9/2026 12:47:14 PM,7/9/2026 8:47:14 AM,7/14/2026 10:00:00 AM,7/14/2026 6:00:00 AM,7/14/2026 11:00:00 AM,7/14/2026 7:00:00 AM,SOUTHERN_REGION,15017
7/9/2026 12:47:14 PM,7/9/2026 8:47:14 AM,7/14/2026 11:00:00 AM,7/14/2026 7:00:00 AM,7/14/2026 12:00:00 PM,7/14/2026 8:00:00 AM,SOUTHERN_REGION,15580
7/9/2026 12:47:14 PM,7/9/2026 8:47:14 AM,7/14/2026 12:00:00 PM,7/14/2026 8:00:00 AM,7/14/2026 1:00:00 PM,7/14/2026 9:00:00 AM,SOUTHERN_REGION,16141
7/9/2026 12:47:14 PM,7/9/2026 8:47:14 AM,7/14/2026 1:00:00 PM,7/14/2026 9:00:00 AM,7/14/2026 2:00:00 PM,7/14/2026 10:00:00 AM,SOUTHERN_REGION,16806
7/9/2026 12:47:14 PM,7/9/2026 8:47:14 AM,7/14/2026 2:00:00 PM,7/14/2026 10:00:00 AM,7/14/2026 3:00:00 PM,7/14/2026 11:00:00 AM,SOUTHERN_REGION,17631
7/9/2026 12:47:14 PM,7/9/2026 8:47:14 AM,7/14/2026 3:00:00 PM,7/14/2026 11:00:00 AM,7/14/2026 4:00:00 PM,7/14/2026 12:00:00 PM,SOUTHERN_REGION,18515
7/9/2026 12:47:14 PM,7/9/2026 8:47:14 AM,7/14/2026 4:00:00 PM,7/14/2026 12:00:00 PM,7/14/2026 5:00:00 PM,7/14/2026 1:00:00 PM,SOUTHERN_REGION,19375
7/9/2026 12:47:14 PM,7/9/2026 8:47:14 AM,7/14/2026 5:00:00 PM,7/14/2026 1:00:00 PM,7/14/2026 6:00:00 PM,7/14/2026 2:00:00 PM,SOUTHERN_REGION,20132
7/9/2026 12:47:14 PM,7/9/2026 8:47:14 AM,7/14/2026 6:00:00 PM,7/14/2026 2:00:00 PM,7/14/2026 7:00:00 PM,7/14/2026 3:00:00 PM,SOUTHERN_REGION,20721
7/9/2026 12:47:14 PM,7/9/2026 8:47:14 AM,7/14/2026 7:00:00 PM,7/14/2026 3:00:00 PM,7/14/2026 8:00:00 PM,7/14/2026 4:00:00 PM,SOUTHERN_REGION,21198
7/9/2026 12:47:14 PM,7/9/2026 8:47:14 AM,7/14/2026 8:00:00 PM,7/14/2026 4:00:00 PM,7/14/2026 9:00:00 PM,7/14/2026 5:00:00 PM,SOUTHERN_REGION,21550
7/9/2026 12:47:14 PM,7/9/2026 8:47:14 AM,7/14/2026 9:00:00 PM,7/14/2026 5:00:00 PM,7/14/2026 10:00:00 PM,7/14/2026 6:00:00 PM,SOUTHERN_REGION,21705
7/9/2026 12:47:14 PM,7/9/2026 8:47:14 AM,7/14/2026 10:00:00 PM,7/14/2026 6:00:00 PM,7/14/2026 11:00:00 PM,7/14/2026 7:00:00 PM,SOUTHERN_REGION,21570
7/9/2026 12:47:14 PM,7/9/2026 8:47:14 AM,7/14/2026 11:00:00 PM,7/14/2026 7:00:00 PM,7/15/2026 12:00:00 AM,7/14/2026 8:00:00 PM,SOUTHERN_REGION,21172
7/9/2026 12:47:14 PM,7/9/2026 8:47:14 AM,7/15/2026 12:00:00 AM,7/14/2026 8:00:00 PM,7/15/2026 1:00:00 AM,7/14/2026 9:00:00 PM,SOUTHERN_REGION,20510
7/9/2026 12:47:14 PM,7/9/2026 8:47:14 AM,7/15/2026 1:00:00 AM,7/14/2026 9:00:00 PM,7/15/2026 2:00:00 AM,7/14/2026 10:00:00 PM,SOUTHERN_REGION,19769
7/9/2026 12:47:14 PM,7/9/2026 8:47:14 AM,7/15/2026 2:00:00 AM,7/14/2026 10:00:00 PM,7/15/2026 3:00:00 AM,7/14/2026 11:00:00 PM,SOUTHERN_REGION,18659
7/9/2026 12:47:14 PM,7/9/2026 8:47:14 AM,7/15/2026 3:00:00 AM,7/14/2026 11:00:00 PM,7/15/2026 4:00:00 AM,7/15/2026 12:00:00 AM,SOUTHERN_REGION,17508
7/9/2026 12:47:14 PM,7/9/2026 8:47:14 AM,7/15/2026 4:00:00 AM,7/15/2026 12:00:00 AM,7/15/2026 5:00:00 AM,7/15/2026 1:00:00 AM,SOUTHERN_REGION,16180
7/9/2026 12:47:14 PM,7/9/2026 8:47:14 AM,7/15/2026 5:00:00 AM,7/15/2026 1:00:00 AM,7/15/2026 6:00:00 AM,7/15/2026 2:00:00 AM,SOUTHERN_REGION,15476
7/9/2026 12:47:14 PM,7/9/2026 8:47:14 AM,7/15/2026 6:00:00 AM,7/15/2026 2:00:00 AM,7/15/2026 7:00:00 AM,7/15/2026 3:00:00 AM,SOUTHERN_REGION,14995
7/9/2026 12:47:14 PM,7/9/2026 8:47:14 AM,7/15/2026 7:00:00 AM,7/15/2026 3:00:00 AM,7/15/2026 8:00:00 AM,7/15/2026 4:00:00 AM,SOUTHERN_REGION,14690
7/9/2026 12:47:14 PM,7/9/2026 8:47:14 AM,7/15/2026 8:00:00 AM,7/15/2026 4:00:00 AM,7/15/2026 9:00:00 AM,7/15/2026 5:00:00 AM,SOUTHERN_REGION,14697
7/9/2026 12:47:14 PM,7/9/2026 8:47:14 AM,7/15/2026 9:00:00 AM,7/15/2026 5:00:00 AM,7/15/2026 10:00:00 AM,7/15/2026 6:00:00 AM,SOUTHERN_REGION,15039
7/9/2026 12:47:14 PM,7/9/2026 8:47:14 AM,7/15/2026 10:00:00 AM,7/15/2026 6:00:00 AM,7/15/2026 11:00:00 AM,7/15/2026 7:00:00 AM,SOUTHERN_REGION,15548
7/9/2026 12:47:14 PM,7/9/2026 8:47:14 AM,7/15/2026 11:00:00 AM,7/15/2026 7:00:00 AM,7/15/2026 12:00:00 PM,7/15/2026 8:00:00 AM,SOUTHERN_REGION,16208
7/9/2026 12:47:14 PM,7/9/2026 8:47:14 AM,7/15/2026 12:00:00 PM,7/15/2026 8:00:00 AM,7/15/2026 1:00:00 PM,7/15/2026 9:00:00 AM,SOUTHERN_REGION,16955
7/9/2026 12:47:14 PM,7/9/2026 8:47:14 AM,7/15/2026 1:00:00 PM,7/15/2026 9:00:00 AM,7/15/2026 2:00:00 PM,7/15/2026 10:00:00 AM,SOUTHERN_REGION,17852
7/9/2026 12:47:14 PM,7/9/2026 8:47:14 AM,7/15/2026 2:00:00 PM,7/15/2026 10:00:00 AM,7/15/2026 3:00:00 PM,7/15/2026 11:00:00 AM,SOUTHERN_REGION,18962
7/9/2026 12:47:14 PM,7/9/2026 8:47:14 AM,7/15/2026 3:00:00 PM,7/15/2026 11:00:00 AM,7/15/2026 4:00:00 PM,7/15/2026 12:00:00 PM,SOUTHERN_REGION,20100
7/9/2026 12:47:14 PM,7/9/2026 8:47:14 AM,7/15/2026 4:00:00 PM,7/15/2026 12:00:00 PM,7/15/2026 5:00:00 PM,7/15/2026 1:00:00 PM,SOUTHERN_REGION,21226
7/9/2026 12:47:14 PM,7/9/2026 8:47:14 AM,7/15/2026 5:00:00 PM,7/15/2026 1:00:00 PM,7/15/2026 6:00:00 PM,7/15/2026 2:00:00 PM,SOUTHERN_REGION,22178
7/9/2026 12:47:14 PM,7/9/2026 8:47:14 AM,7/15/2026 6:00:00 PM,7/15/2026 2:00:00 PM,7/15/2026 7:00:00 PM,7/15/2026 3:00:00 PM,SOUTHERN_REGION,22851
7/9/2026 12:47:14 PM,7/9/2026 8:47:14 AM,7/15/2026 7:00:00 PM,7/15/2026 3:00:00 PM,7/15/2026 8:00:00 PM,7/15/2026 4:00:00 PM,SOUTHERN_REGION,23381
7/9/2026 12:47:14 PM,7/9/2026 8:47:14 AM,7/15/2026 8:00:00 PM,7/15/2026 4:00:00 PM,7/15/2026 9:00:00 PM,7/15/2026 5:00:00 PM,SOUTHERN_REGION,23659
7/9/2026 12:47:14 PM,7/9/2026 8:47:14 AM,7/15/2026 9:00:00 PM,7/15/2026 5:00:00 PM,7/15/2026 10:00:00 PM,7/15/2026 6:00:00 PM,SOUTHERN_REGION,23782
7/9/2026 12:47:14 PM,7/9/2026 8:47:14 AM,7/15/2026 10:00:00 PM,7/15/2026 6:00:00 PM,7/15/2026 11:00:00 PM,7/15/2026 7:00:00 PM,SOUTHERN_REGION,23520
7/9/2026 12:47:14 PM,7/9/2026 8:47:14 AM,7/15/2026 11:00:00 PM,7/15/2026 7:00:00 PM,7/16/2026 12:00:00 AM,7/15/2026 8:00:00 PM,SOUTHERN_REGION,23015
7/9/2026 12:47:14 PM,7/9/2026 8:47:14 AM,7/16/2026 12:00:00 AM,7/15/2026 8:00:00 PM,7/16/2026 1:00:00 AM,7/15/2026 9:00:00 PM,SOUTHERN_REGION,22231
7/9/2026 12:47:14 PM,7/9/2026 8:47:14 AM,7/16/2026 1:00:00 AM,7/15/2026 9:00:00 PM,7/16/2026 2:00:00 AM,7/15/2026 10:00:00 PM,SOUTHERN_REGION,21358
7/9/2026 12:47:14 PM,7/9/2026 8:47:14 AM,7/16/2026 2:00:00 AM,7/15/2026 10:00:00 PM,7/16/2026 3:00:00 AM,7/15/2026 11:00:00 PM,SOUTHERN_REGION,20078
7/9/2026 12:47:14 PM,7/9/2026 8:47:14 AM,7/16/2026 3:00:00 AM,7/15/2026 11:00:00 PM,7/16/2026 4:00:00 AM,7/16/2026 12:00:00 AM,SOUTHERN_REGION,18850
7/9/2026 12:47:14 PM,7/9/2026 8:47:14 AM,7/9/2026 4:00:00 AM,7/9/2026 12:00:00 AM,7/9/2026 5:00:00 AM,7/9/2026 1:00:00 AM,UGI/MIDATL,116
7/9/2026 12:47:14 PM,7/9/2026 8:47:14 AM,7/9/2026 5:00:00 AM,7/9/2026 1:00:00 AM,7/9/2026 6:00:00 AM,7/9/2026 2:00:00 AM,UGI/MIDATL,108
7/9/2026 12:47:14 PM,7/9/2026 8:47:14 AM,7/9/2026 6:00:00 AM,7/9/2026 2:00:00 AM,7/9/2026 7:00:00 AM,7/9/2026 3:00:00 AM,UGI/MIDATL,103
7/9/2026 12:47:14 PM,7/9/2026 8:47:14 AM,7/9/2026 7:00:00 AM,7/9/2026 3:00:00 AM,7/9/2026 8:00:00 AM,7/9/2026 4:00:00 AM,UGI/MIDATL,100
7/9/2026 12:47:14 PM,7/9/2026 8:47:14 AM,7/9/2026 8:00:00 AM,7/9/2026 4:00:00 AM,7/9/2026 9:00:00 AM,7/9/2026 5:00:00 AM,UGI/MIDATL,99
7/9/2026 12:47:14 PM,7/9/2026 8:47:14 AM,7/9/2026 9:00:00 AM,7/9/2026 5:00:00 AM,7/9/2026 10:00:00 AM,7/9/2026 6:00:00 AM,UGI/MIDATL,101
7/9/2026 12:47:14 PM,7/9/2026 8:47:14 AM,7/9/2026 10:00:00 AM,7/9/2026 6:00:00 AM,7/9/2026 11:00:00 AM,7/9/2026 7:00:00 AM,UGI/MIDATL,107
7/9/2026 12:47:14 PM,7/9/2026 8:47:14 AM,7/9/2026 11:00:00 AM,7/9/2026 7:00:00 AM,7/9/2026 12:00:00 PM,7/9/2026 8:00:00 AM,UGI/MIDATL,118
7/9/2026 12:47:14 PM,7/9/2026 8:47:14 AM,7/9/2026 12:00:00 PM,7/9/2026 8:00:00 AM,7/9/2026 1:00:00 PM,7/9/2026 9:00:00 AM,UGI/MIDATL,120
7/9/2026 12:47:14 PM,7/9/2026 8:47:14 AM,7/9/2026 1:00:00 PM,7/9/2026 9:00:00 AM,7/9/2026 2:00:00 PM,7/9/2026 10:00:00 AM,UGI/MIDATL,125
7/9/2026 12:47:14 PM,7/9/2026 8:47:14 AM,7/9/2026 2:00:00 PM,7/9/2026 10:00:00 AM,7/9/2026 3:00:00 PM,7/9/2026 11:00:00 AM,UGI/MIDATL,135
7/9/2026 12:47:14 PM,7/9/2026 8:47:14 AM,7/9/2026 3:00:00 PM,7/9/2026 11:00:00 AM,7/9/2026 4:00:00 PM,7/9/2026 12:00:00 PM,UGI/MIDATL,142
7/9/2026 12:47:14 PM,7/9/2026 8:47:14 AM,7/9/2026 4:00:00 PM,7/9/2026 12:00:00 PM,7/9/2026 5:00:00 PM,7/9/2026 1:00:00 PM,UGI/MIDATL,148
7/9/2026 12:47:14 PM,7/9/2026 8:47:14 AM,7/9/2026 5:00:00 PM,7/9/2026 1:00:00 PM,7/9/2026 6:00:00 PM,7/9/2026 2:00:00 PM,UGI/MIDATL,154
7/9/2026 12:47:14 PM,7/9/2026 8:47:14 AM,7/9/2026 6:00:00 PM,7/9/2026 2:00:00 PM,7/9/2026 7:00:00 PM,7/9/2026 3:00:00 PM,UGI/MIDATL,157
7/9/2026 12:47:14 PM,7/9/2026 8:47:14 AM,7/9/2026 7:00:00 PM,7/9/2026 3:00:00 PM,7/9/2026 8:00:00 PM,7/9/2026 4:00:00 PM,UGI/MIDATL,158
7/9/2026 12:47:14 PM,7/9/2026 8:47:14 AM,7/9/2026 8:00:00 PM,7/9/2026 4:00:00 PM,7/9/2026 9:00:00 PM,7/9/2026 5:00:00 PM,UGI/MIDATL,161
7/9/2026 12:47:14 PM,7/9/2026 8:47:14 AM,7/9/2026 9:00:00 PM,7/9/2026 5:00:00 PM,7/9/2026 10:00:00 PM,7/9/2026 6:00:00 PM,UGI/MIDATL,162
7/9/2026 12:47:14 PM,7/9/2026 8:47:14 AM,7/9/2026 10:00:00 PM,7/9/2026 6:00:00 PM,7/9/2026 11:00:00 PM,7/9/2026 7:00:00 PM,UGI/MIDATL,160
7/9/2026 12:47:14 PM,7/9/2026 8:47:14 AM,7/9/2026 11:00:00 PM,7/9/2026 7:00:00 PM,7/10/2026 12:00:00 AM,7/9/2026 8:00:00 PM,UGI/MIDATL,157
7/9/2026 12:47:14 PM,7/9/2026 8:47:14 AM,7/10/2026 12:00:00 AM,7/9/2026 8:00:00 PM,7/10/2026 1:00:00 AM,7/9/2026 9:00:00 PM,UGI/MIDATL,151
7/9/2026 12:47:14 PM,7/9/2026 8:47:14 AM,7/10/2026 1:00:00 AM,7/9/2026 9:00:00 PM,7/10/2026 2:00:00 AM,7/9/2026 10:00:00 PM,UGI/MIDATL,146
7/9/2026 12:47:14 PM,7/9/2026 8:47:14 AM,7/10/2026 2:00:00 AM,7/9/2026 10:00:00 PM,7/10/2026 3:00:00 AM,7/9/2026 11:00:00 PM,UGI/MIDATL,131
7/9/2026 12:47:14 PM,7/9/2026 8:47:14 AM,7/10/2026 3:00:00 AM,7/9/2026 11:00:00 PM,7/10/2026 4:00:00 AM,7/10/2026 12:00:00 AM,UGI/MIDATL,118
7/9/2026 12:47:14 PM,7/9/2026 8:47:14 AM,7/10/2026 4:00:00 AM,7/10/2026 12:00:00 AM,7/10/2026 5:00:00 AM,7/10/2026 1:00:00 AM,UGI/MIDATL,122
7/9/2026 12:47:14 PM,7/9/2026 8:47:14 AM,7/10/2026 5:00:00 AM,7/10/2026 1:00:00 AM,7/10/2026 6:00:00 AM,7/10/2026 2:00:00 AM,UGI/MIDATL,114
7/9/2026 12:47:14 PM,7/9/2026 8:47:14 AM,7/10/2026 6:00:00 AM,7/10/2026 2:00:00 AM,7/10/2026 7:00:00 AM,7/10/2026 3:00:00 AM,UGI/MIDATL,108
7/9/2026 12:47:14 PM,7/9/2026 8:47:14 AM,7/10/2026 7:00:00 AM,7/10/2026 3:00:00 AM,7/10/2026 8:00:00 AM,7/10/2026 4:00:00 AM,UGI/MIDATL,104
7/9/2026 12:47:14 PM,7/9/2026 8:47:14 AM,7/10/2026 8:00:00 AM,7/10/2026 4:00:00 AM,7/10/2026 9:00:00 AM,7/10/2026 5:00:00 AM,UGI/MIDATL,103
7/9/2026 12:47:14 PM,7/9/2026 8:47:14 AM,7/10/2026 9:00:00 AM,7/10/2026 5:00:00 AM,7/10/2026 10:00:00 AM,7/10/2026 6:00:00 AM,UGI/MIDATL,105
7/9/2026 12:47:14 PM,7/9/2026 8:47:14 AM,7/10/2026 10:00:00 AM,7/10/2026 6:00:00 AM,7/10/2026 11:00:00 AM,7/10/2026 7:00:00 AM,UGI/MIDATL,112
7/9/2026 12:47:14 PM,7/9/2026 8:47:14 AM,7/10/2026 11:00:00 AM,7/10/2026 7:00:00 AM,7/10/2026 12:00:00 PM,7/10/2026 8:00:00 AM,UGI/MIDATL,120
7/9/2026 12:47:14 PM,7/9/2026 8:47:14 AM,7/10/2026 12:00:00 PM,7/10/2026 8:00:00 AM,7/10/2026 1:00:00 PM,7/10/2026 9:00:00 AM,UGI/MIDATL,130
7/9/2026 12:47:14 PM,7/9/2026 8:47:14 AM,7/10/2026 1:00:00 PM,7/10/2026 9:00:00 AM,7/10/2026 2:00:00 PM,7/10/2026 10:00:00 AM,UGI/MIDATL,138
7/9/2026 12:47:14 PM,7/9/2026 8:47:14 AM,7/10/2026 2:00:00 PM,7/10/2026 10:00:00 AM,7/10/2026 3:00:00 PM,7/10/2026 11:00:00 AM,UGI/MIDATL,147
7/9/2026 12:47:14 PM,7/9/2026 8:47:14 AM,7/10/2026 3:00:00 PM,7/10/2026 11:00:00 AM,7/10/2026 4:00:00 PM,7/10/2026 12:00:00 PM,UGI/MIDATL,156
7/9/2026 12:47:14 PM,7/9/2026 8:47:14 AM,7/10/2026 4:00:00 PM,7/10/2026 12:00:00 PM,7/10/2026 5:00:00 PM,7/10/2026 1:00:00 PM,UGI/MIDATL,163
7/9/2026 12:47:14 PM,7/9/2026 8:47:14 AM,7/10/2026 5:00:00 PM,7/10/2026 1:00:00 PM,7/10/2026 6:00:00 PM,7/10/2026 2:00:00 PM,UGI/MIDATL,168
7/9/2026 12:47:14 PM,7/9/2026 8:47:14 AM,7/10/2026 6:00:00 PM,7/10/2026 2:00:00 PM,7/10/2026 7:00:00 PM,7/10/2026 3:00:00 PM,UGI/MIDATL,170
7/9/2026 12:47:14 PM,7/9/2026 8:47:14 AM,7/10/2026 7:00:00 PM,7/10/2026 3:00:00 PM,7/10/2026 8:00:00 PM,7/10/2026 4:00:00 PM,UGI/MIDATL,172
7/9/2026 12:47:14 PM,7/9/2026 8:47:14 AM,7/10/2026 8:00:00 PM,7/10/2026 4:00:00 PM,7/10/2026 9:00:00 PM,7/10/2026 5:00:00 PM,UGI/MIDATL,174
7/9/2026 12:47:14 PM,7/9/2026 8:47:14 AM,7/10/2026 9:00:00 PM,7/10/2026 5:00:00 PM,7/10/2026 10:00:00 PM,7/10/2026 6:00:00 PM,UGI/MIDATL,173
7/9/2026 12:47:14 PM,7/9/2026 8:47:14 AM,7/10/2026 10:00:00 PM,7/10/2026 6:00:00 PM,7/10/2026 11:00:00 PM,7/10/2026 7:00:00 PM,UGI/MIDATL,170
7/9/2026 12:47:14 PM,7/9/2026 8:47:14 AM,7/10/2026 11:00:00 PM,7/10/2026 7:00:00 PM,7/11/2026 12:00:00 AM,7/10/2026 8:00:00 PM,UGI/MIDATL,165
7/9/2026 12:47:14 PM,7/9/2026 8:47:14 AM,7/11/2026 12:00:00 AM,7/10/2026 8:00:00 PM,7/11/2026 1:00:00 AM,7/10/2026 9:00:00 PM,UGI/MIDATL,159
7/9/2026 12:47:14 PM,7/9/2026 8:47:14 AM,7/11/2026 1:00:00 AM,7/10/2026 9:00:00 PM,7/11/2026 2:00:00 AM,7/10/2026 10:00:00 PM,UGI/MIDATL,154
7/9/2026 12:47:14 PM,7/9/2026 8:47:14 AM,7/11/2026 2:00:00 AM,7/10/2026 10:00:00 PM,7/11/2026 3:00:00 AM,7/10/2026 11:00:00 PM,UGI/MIDATL,143
7/9/2026 12:47:14 PM,7/9/2026 8:47:14 AM,7/11/2026 3:00:00 AM,7/10/2026 11:00:00 PM,7/11/2026 4:00:00 AM,7/11/2026 12:00:00 AM,UGI/MIDATL,130
7/9/2026 12:47:14 PM,7/9/2026 8:47:14 AM,7/11/2026 4:00:00 AM,7/11/2026 12:00:00 AM,7/11/2026 5:00:00 AM,7/11/2026 1:00:00 AM,UGI/MIDATL,119
7/9/2026 12:47:14 PM,7/9/2026 8:47:14 AM,7/11/2026 5:00:00 AM,7/11/2026 1:00:00 AM,7/11/2026 6:00:00 AM,7/11/2026 2:00:00 AM,UGI/MIDATL,111
7/9/2026 12:47:14 PM,7/9/2026 8:47:14 AM,7/11/2026 6:00:00 AM,7/11/2026 2:00:00 AM,7/11/2026 7:00:00 AM,7/11/2026 3:00:00 AM,UGI/MIDATL,105
7/9/2026 12:47:14 PM,7/9/2026 8:47:14 AM,7/11/2026 7:00:00 AM,7/11/2026 3:00:00 AM,7/11/2026 8:00:00 AM,7/11/2026 4:00:00 AM,UGI/MIDATL,101
7/9/2026 12:47:14 PM,7/9/2026 8:47:14 AM,7/11/2026 8:00:00 AM,7/11/2026 4:00:00 AM,7/11/2026 9:00:00 AM,7/11/2026 5:00:00 AM,UGI/MIDATL,99
7/9/2026 12:47:14 PM,7/9/2026 8:47:14 AM,7/11/2026 9:00:00 AM,7/11/2026 5:00:00 AM,7/11/2026 10:00:00 AM,7/11/2026 6:00:00 AM,UGI/MIDATL,97
7/9/2026 12:47:14 PM,7/9/2026 8:47:14 AM,7/11/2026 10:00:00 AM,7/11/2026 6:00:00 AM,7/11/2026 11:00:00 AM,7/11/2026 7:00:00 AM,UGI/MIDATL,98
7/9/2026 12:47:14 PM,7/9/2026 8:47:14 AM,7/11/2026 11:00:00 AM,7/11/2026 7:00:00 AM,7/11/2026 12:00:00 PM,7/11/2026 8:00:00 AM,UGI/MIDATL,104
7/9/2026 12:47:14 PM,7/9/2026 8:47:14 AM,7/11/2026 12:00:00 PM,7/11/2026 8:00:00 AM,7/11/2026 1:00:00 PM,7/11/2026 9:00:00 AM,UGI/MIDATL,115
7/9/2026 12:47:14 PM,7/9/2026 8:47:14 AM,7/11/2026 1:00:00 PM,7/11/2026 9:00:00 AM,7/11/2026 2:00:00 PM,7/11/2026 10:00:00 AM,UGI/MIDATL,124
7/9/2026 12:47:14 PM,7/9/2026 8:47:14 AM,7/11/2026 2:00:00 PM,7/11/2026 10:00:00 AM,7/11/2026 3:00:00 PM,7/11/2026 11:00:00 AM,UGI/MIDATL,133
7/9/2026 12:47:14 PM,7/9/2026 8:47:14 AM,7/11/2026 3:00:00 PM,7/11/2026 11:00:00 AM,7/11/2026 4:00:00 PM,7/11/2026 12:00:00 PM,UGI/MIDATL,141
7/9/2026 12:47:14 PM,7/9/2026 8:47:14 AM,7/11/2026 4:00:00 PM,7/11/2026 12:00:00 PM,7/11/2026 5:00:00 PM,7/11/2026 1:00:00 PM,UGI/MIDATL,148
7/9/2026 12:47:14 PM,7/9/2026 8:47:14 AM,7/11/2026 5:00:00 PM,7/11/2026 1:00:00 PM,7/11/2026 6:00:00 PM,7/11/2026 2:00:00 PM,UGI/MIDATL,152
7/9/2026 12:47:14 PM,7/9/2026 8:47:14 AM,7/11/2026 6:00:00 PM,7/11/2026 2:00:00 PM,7/11/2026 7:00:00 PM,7/11/2026 3:00:00 PM,UGI/MIDATL,153
7/9/2026 12:47:14 PM,7/9/2026 8:47:14 AM,7/11/2026 7:00:00 PM,7/11/2026 3:00:00 PM,7/11/2026 8:00:00 PM,7/11/2026 4:00:00 PM,UGI/MIDATL,155
7/9/2026 12:47:14 PM,7/9/2026 8:47:14 AM,7/11/2026 8:00:00 PM,7/11/2026 4:00:00 PM,7/11/2026 9:00:00 PM,7/11/2026 5:00:00 PM,UGI/MIDATL,157
7/9/2026 12:47:14 PM,7/9/2026 8:47:14 AM,7/11/2026 9:00:00 PM,7/11/2026 5:00:00 PM,7/11/2026 10:00:00 PM,7/11/2026 6:00:00 PM,UGI/MIDATL,156
7/9/2026 12:47:14 PM,7/9/2026 8:47:14 AM,7/11/2026 10:00:00 PM,7/11/2026 6:00:00 PM,7/11/2026 11:00:00 PM,7/11/2026 7:00:00 PM,UGI/MIDATL,153
7/9/2026 12:47:14 PM,7/9/2026 8:47:14 AM,7/11/2026 11:00:00 PM,7/11/2026 7:00:00 PM,7/12/2026 12:00:00 AM,7/11/2026 8:00:00 PM,UGI/MIDATL,149
7/9/2026 12:47:14 PM,7/9/2026 8:47:14 AM,7/12/2026 12:00:00 AM,7/11/2026 8:00:00 PM,7/12/2026 1:00:00 AM,7/11/2026 9:00:00 PM,UGI/MIDATL,144
7/9/2026 12:47:14 PM,7/9/2026 8:47:14 AM,7/12/2026 1:00:00 AM,7/11/2026 9:00:00 PM,7/12/2026 2:00:00 AM,7/11/2026 10:00:00 PM,UGI/MIDATL,139
7/9/2026 12:47:14 PM,7/9/2026 8:47:14 AM,7/12/2026 2:00:00 AM,7/11/2026 10:00:00 PM,7/12/2026 3:00:00 AM,7/11/2026 11:00:00 PM,UGI/MIDATL,130
7/9/2026 12:47:14 PM,7/9/2026 8:47:14 AM,7/12/2026 3:00:00 AM,7/11/2026 11:00:00 PM,7/12/2026 4:00:00 AM,7/12/2026 12:00:00 AM,UGI/MIDATL,120
7/9/2026 12:47:14 PM,7/9/2026 8:47:14 AM,7/12/2026 4:00:00 AM,7/12/2026 12:00:00 AM,7/12/2026 5:00:00 AM,7/12/2026 1:00:00 AM,UGI/MIDATL,104
7/9/2026 12:47:14 PM,7/9/2026 8:47:14 AM,7/12/2026 5:00:00 AM,7/12/2026 1:00:00 AM,7/12/2026 6:00:00 AM,7/12/2026 2:00:00 AM,UGI/MIDATL,98
7/9/2026 12:47:14 PM,7/9/2026 8:47:14 AM,7/12/2026 6:00:00 AM,7/12/2026 2:00:00 AM,7/12/2026 7:00:00 AM,7/12/2026 3:00:00 AM,UGI/MIDATL,93
7/9/2026 12:47:14 PM,7/9/2026 8:47:14 AM,7/12/2026 7:00:00 AM,7/12/2026 3:00:00 AM,7/12/2026 8:00:00 AM,7/12/2026 4:00:00 AM,UGI/MIDATL,89
7/9/2026 12:47:14 PM,7/9/2026 8:47:14 AM,7/12/2026 8:00:00 AM,7/12/2026 4:00:00 AM,7/12/2026 9:00:00 AM,7/12/2026 5:00:00 AM,UGI/MIDATL,87
7/9/2026 12:47:14 PM,7/9/2026 8:47:14 AM,7/12/2026 9:00:00 AM,7/12/2026 5:00:00 AM,7/12/2026 10:00:00 AM,7/12/2026 6:00:00 AM,UGI/MIDATL,86
7/9/2026 12:47:14 PM,7/9/2026 8:47:14 AM,7/12/2026 10:00:00 AM,7/12/2026 6:00:00 AM,7/12/2026 11:00:00 AM,7/12/2026 7:00:00 AM,UGI/MIDATL,87
7/9/2026 12:47:14 PM,7/9/2026 8:47:14 AM,7/12/2026 11:00:00 AM,7/12/2026 7:00:00 AM,7/12/2026 12:00:00 PM,7/12/2026 8:00:00 AM,UGI/MIDATL,92
7/9/2026 12:47:14 PM,7/9/2026 8:47:14 AM,7/12/2026 12:00:00 PM,7/12/2026 8:00:00 AM,7/12/2026 1:00:00 PM,7/12/2026 9:00:00 AM,UGI/MIDATL,101
7/9/2026 12:47:14 PM,7/9/2026 8:47:14 AM,7/12/2026 1:00:00 PM,7/12/2026 9:00:00 AM,7/12/2026 2:00:00 PM,7/12/2026 10:00:00 AM,UGI/MIDATL,109
7/9/2026 12:47:14 PM,7/9/2026 8:47:14 AM,7/12/2026 2:00:00 PM,7/12/2026 10:00:00 AM,7/12/2026 3:00:00 PM,7/12/2026 11:00:00 AM,UGI/MIDATL,116
7/9/2026 12:47:14 PM,7/9/2026 8:47:14 AM,7/12/2026 3:00:00 PM,7/12/2026 11:00:00 AM,7/12/2026 4:00:00 PM,7/12/2026 12:00:00 PM,UGI/MIDATL,124
7/9/2026 12:47:14 PM,7/9/2026 8:47:14 AM,7/12/2026 4:00:00 PM,7/12/2026 12:00:00 PM,7/12/2026 5:00:00 PM,7/12/2026 1:00:00 PM,UGI/MIDATL,131
7/9/2026 12:47:14 PM,7/9/2026 8:47:14 AM,7/12/2026 5:00:00 PM,7/12/2026 1:00:00 PM,7/12/2026 6:00:00 PM,7/12/2026 2:00:00 PM,UGI/MIDATL,135
7/9/2026 12:47:14 PM,7/9/2026 8:47:14 AM,7/12/2026 6:00:00 PM,7/12/2026 2:00:00 PM,7/12/2026 7:00:00 PM,7/12/2026 3:00:00 PM,UGI/MIDATL,138
7/9/2026 12:47:14 PM,7/9/2026 8:47:14 AM,7/12/2026 7:00:00 PM,7/12/2026 3:00:00 PM,7/12/2026 8:00:00 PM,7/12/2026 4:00:00 PM,UGI/MIDATL,141
7/9/2026 12:47:14 PM,7/9/2026 8:47:14 AM,7/12/2026 8:00:00 PM,7/12/2026 4:00:00 PM,7/12/2026 9:00:00 PM,7/12/2026 5:00:00 PM,UGI/MIDATL,145
7/9/2026 12:47:14 PM,7/9/2026 8:47:14 AM,7/12/2026 9:00:00 PM,7/12/2026 5:00:00 PM,7/12/2026 10:00:00 PM,7/12/2026 6:00:00 PM,UGI/MIDATL,147
7/9/2026 12:47:14 PM,7/9/2026 8:47:14 AM,7/12/2026 10:00:00 PM,7/12/2026 6:00:00 PM,7/12/2026 11:00:00 PM,7/12/2026 7:00:00 PM,UGI/MIDATL,146
7/9/2026 12:47:14 PM,7/9/2026 8:47:14 AM,7/12/2026 11:00:00 PM,7/12/2026 7:00:00 PM,7/13/2026 12:00:00 AM,7/12/2026 8:00:00 PM,UGI/MIDATL,143
7/9/2026 12:47:14 PM,7/9/2026 8:47:14 AM,7/13/2026 12:00:00 AM,7/12/2026 8:00:00 PM,7/13/2026 1:00:00 AM,7/12/2026 9:00:00 PM,UGI/MIDATL,139
7/9/2026 12:47:14 PM,7/9/2026 8:47:14 AM,7/13/2026 1:00:00 AM,7/12/2026 9:00:00 PM,7/13/2026 2:00:00 AM,7/12/2026 10:00:00 PM,UGI/MIDATL,134
7/9/2026 12:47:14 PM,7/9/2026 8:47:14 AM,7/13/2026 2:00:00 AM,7/12/2026 10:00:00 PM,7/13/2026 3:00:00 AM,7/12/2026 11:00:00 PM,UGI/MIDATL,124
7/9/2026 12:47:14 PM,7/9/2026 8:47:14 AM,7/13/2026 3:00:00 AM,7/12/2026 11:00:00 PM,7/13/2026 4:00:00 AM,7/13/2026 12:00:00 AM,UGI/MIDATL,112
7/9/2026 12:47:14 PM,7/9/2026 8:47:14 AM,7/13/2026 4:00:00 AM,7/13/2026 12:00:00 AM,7/13/2026 5:00:00 AM,7/13/2026 1:00:00 AM,UGI/MIDATL,101
7/9/2026 12:47:14 PM,7/9/2026 8:47:14 AM,7/13/2026 5:00:00 AM,7/13/2026 1:00:00 AM,7/13/2026 6:00:00 AM,7/13/2026 2:00:00 AM,UGI/MIDATL,96
7/9/2026 12:47:14 PM,7/9/2026 8:47:14 AM,7/13/2026 6:00:00 AM,7/13/2026 2:00:00 AM,7/13/2026 7:00:00 AM,7/13/2026 3:00:00 AM,UGI/MIDATL,92
7/9/2026 12:47:14 PM,7/9/2026 8:47:14 AM,7/13/2026 7:00:00 AM,7/13/2026 3:00:00 AM,7/13/2026 8:00:00 AM,7/13/2026 4:00:00 AM,UGI/MIDATL,90
7/9/2026 12:47:14 PM,7/9/2026 8:47:14 AM,7/13/2026 8:00:00 AM,7/13/2026 4:00:00 AM,7/13/2026 9:00:00 AM,7/13/2026 5:00:00 AM,UGI/MIDATL,90
7/9/2026 12:47:14 PM,7/9/2026 8:47:14 AM,7/13/2026 9:00:00 AM,7/13/2026 5:00:00 AM,7/13/2026 10:00:00 AM,7/13/2026 6:00:00 AM,UGI/MIDATL,93
7/9/2026 12:47:14 PM,7/9/2026 8:47:14 AM,7/13/2026 10:00:00 AM,7/13/2026 6:00:00 AM,7/13/2026 11:00:00 AM,7/13/2026 7:00:00 AM,UGI/MIDATL,101
7/9/2026 12:47:14 PM,7/9/2026 8:47:14 AM,7/13/2026 11:00:00 AM,7/13/2026 7:00:00 AM,7/13/2026 12:00:00 PM,7/13/2026 8:00:00 AM,UGI/MIDATL,110
7/9/2026 12:47:14 PM,7/9/2026 8:47:14 AM,7/13/2026 12:00:00 PM,7/13/2026 8:00:00 AM,7/13/2026 1:00:00 PM,7/13/2026 9:00:00 AM,UGI/MIDATL,118
7/9/2026 12:47:14 PM,7/9/2026 8:47:14 AM,7/13/2026 1:00:00 PM,7/13/2026 9:00:00 AM,7/13/2026 2:00:00 PM,7/13/2026 10:00:00 AM,UGI/MIDATL,124
7/9/2026 12:47:14 PM,7/9/2026 8:47:14 AM,7/13/2026 2:00:00 PM,7/13/2026 10:00:00 AM,7/13/2026 3:00:00 PM,7/13/2026 11:00:00 AM,UGI/MIDATL,131
7/9/2026 12:47:14 PM,7/9/2026 8:47:14 AM,7/13/2026 3:00:00 PM,7/13/2026 11:00:00 AM,7/13/2026 4:00:00 PM,7/13/2026 12:00:00 PM,UGI/MIDATL,139
7/9/2026 12:47:14 PM,7/9/2026 8:47:14 AM,7/13/2026 4:00:00 PM,7/13/2026 12:00:00 PM,7/13/2026 5:00:00 PM,7/13/2026 1:00:00 PM,UGI/MIDATL,145
7/9/2026 12:47:14 PM,7/9/2026 8:47:14 AM,7/13/2026 5:00:00 PM,7/13/2026 1:00:00 PM,7/13/2026 6:00:00 PM,7/13/2026 2:00:00 PM,UGI/MIDATL,149
7/9/2026 12:47:14 PM,7/9/2026 8:47:14 AM,7/13/2026 6:00:00 PM,7/13/2026 2:00:00 PM,7/13/2026 7:00:00 PM,7/13/2026 3:00:00 PM,UGI/MIDATL,152
7/9/2026 12:47:14 PM,7/9/2026 8:47:14 AM,7/13/2026 7:00:00 PM,7/13/2026 3:00:00 PM,7/13/2026 8:00:00 PM,7/13/2026 4:00:00 PM,UGI/MIDATL,155
7/9/2026 12:47:14 PM,7/9/2026 8:47:14 AM,7/13/2026 8:00:00 PM,7/13/2026 4:00:00 PM,7/13/2026 9:00:00 PM,7/13/2026 5:00:00 PM,UGI/MIDATL,159
7/9/2026 12:47:14 PM,7/9/2026 8:47:14 AM,7/13/2026 9:00:00 PM,7/13/2026 5:00:00 PM,7/13/2026 10:00:00 PM,7/13/2026 6:00:00 PM,UGI/MIDATL,162
7/9/2026 12:47:14 PM,7/9/2026 8:47:14 AM,7/13/2026 10:00:00 PM,7/13/2026 6:00:00 PM,7/13/2026 11:00:00 PM,7/13/2026 7:00:00 PM,UGI/MIDATL,160
7/9/2026 12:47:14 PM,7/9/2026 8:47:14 AM,7/13/2026 11:00:00 PM,7/13/2026 7:00:00 PM,7/14/2026 12:00:00 AM,7/13/2026 8:00:00 PM,UGI/MIDATL,156
7/9/2026 12:47:14 PM,7/9/2026 8:47:14 AM,7/14/2026 12:00:00 AM,7/13/2026 8:00:00 PM,7/14/2026 1:00:00 AM,7/13/2026 9:00:00 PM,UGI/MIDATL,151
7/9/2026 12:47:14 PM,7/9/2026 8:47:14 AM,7/14/2026 1:00:00 AM,7/13/2026 9:00:00 PM,7/14/2026 2:00:00 AM,7/13/2026 10:00:00 PM,UGI/MIDATL,145
7/9/2026 12:47:14 PM,7/9/2026 8:47:14 AM,7/14/2026 2:00:00 AM,7/13/2026 10:00:00 PM,7/14/2026 3:00:00 AM,7/13/2026 11:00:00 PM,UGI/MIDATL,133
7/9/2026 12:47:14 PM,7/9/2026 8:47:14 AM,7/14/2026 3:00:00 AM,7/13/2026 11:00:00 PM,7/14/2026 4:00:00 AM,7/14/2026 12:00:00 AM,UGI/MIDATL,120
7/9/2026 12:47:14 PM,7/9/2026 8:47:14 AM,7/14/2026 4:00:00 AM,7/14/2026 12:00:00 AM,7/14/2026 5:00:00 AM,7/14/2026 1:00:00 AM,UGI/MIDATL,111
7/9/2026 12:47:14 PM,7/9/2026 8:47:14 AM,7/14/2026 5:00:00 AM,7/14/2026 1:00:00 AM,7/14/2026 6:00:00 AM,7/14/2026 2:00:00 AM,UGI/MIDATL,103
7/9/2026 12:47:14 PM,7/9/2026 8:47:14 AM,7/14/2026 6:00:00 AM,7/14/2026 2:00:00 AM,7/14/2026 7:00:00 AM,7/14/2026 3:00:00 AM,UGI/MIDATL,98
7/9/2026 12:47:14 PM,7/9/2026 8:47:14 AM,7/14/2026 7:00:00 AM,7/14/2026 3:00:00 AM,7/14/2026 8:00:00 AM,7/14/2026 4:00:00 AM,UGI/MIDATL,96
7/9/2026 12:47:14 PM,7/9/2026 8:47:14 AM,7/14/2026 8:00:00 AM,7/14/2026 4:00:00 AM,7/14/2026 9:00:00 AM,7/14/2026 5:00:00 AM,UGI/MIDATL,95
7/9/2026 12:47:14 PM,7/9/2026 8:47:14 AM,7/14/2026 9:00:00 AM,7/14/2026 5:00:00 AM,7/14/2026 10:00:00 AM,7/14/2026 6:00:00 AM,UGI/MIDATL,99
7/9/2026 12:47:14 PM,7/9/2026 8:47:14 AM,7/14/2026 10:00:00 AM,7/14/2026 6:00:00 AM,7/14/2026 11:00:00 AM,7/14/2026 7:00:00 AM,UGI/MIDATL,105
7/9/2026 12:47:14 PM,7/9/2026 8:47:14 AM,7/14/2026 11:00:00 AM,7/14/2026 7:00:00 AM,7/14/2026 12:00:00 PM,7/14/2026 8:00:00 AM,UGI/MIDATL,115
7/9/2026 12:47:14 PM,7/9/2026 8:47:14 AM,7/14/2026 12:00:00 PM,7/14/2026 8:00:00 AM,7/14/2026 1:00:00 PM,7/14/2026 9:00:00 AM,UGI/MIDATL,124
7/9/2026 12:47:14 PM,7/9/2026 8:47:14 AM,7/14/2026 1:00:00 PM,7/14/2026 9:00:00 AM,7/14/2026 2:00:00 PM,7/14/2026 10:00:00 AM,UGI/MIDATL,131
7/9/2026 12:47:14 PM,7/9/2026 8:47:14 AM,7/14/2026 2:00:00 PM,7/14/2026 10:00:00 AM,7/14/2026 3:00:00 PM,7/14/2026 11:00:00 AM,UGI/MIDATL,141
7/9/2026 12:47:14 PM,7/9/2026 8:47:14 AM,7/14/2026 3:00:00 PM,7/14/2026 11:00:00 AM,7/14/2026 4:00:00 PM,7/14/2026 12:00:00 PM,UGI/MIDATL,150
7/9/2026 12:47:14 PM,7/9/2026 8:47:14 AM,7/14/2026 4:00:00 PM,7/14/2026 12:00:00 PM,7/14/2026 5:00:00 PM,7/14/2026 1:00:00 PM,UGI/MIDATL,158
7/9/2026 12:47:14 PM,7/9/2026 8:47:14 AM,7/14/2026 5:00:00 PM,7/14/2026 1:00:00 PM,7/14/2026 6:00:00 PM,7/14/2026 2:00:00 PM,UGI/MIDATL,164
7/9/2026 12:47:14 PM,7/9/2026 8:47:14 AM,7/14/2026 6:00:00 PM,7/14/2026 2:00:00 PM,7/14/2026 7:00:00 PM,7/14/2026 3:00:00 PM,UGI/MIDATL,167
7/9/2026 12:47:14 PM,7/9/2026 8:47:14 AM,7/14/2026 7:00:00 PM,7/14/2026 3:00:00 PM,7/14/2026 8:00:00 PM,7/14/2026 4:00:00 PM,UGI/MIDATL,171
7/9/2026 12:47:14 PM,7/9/2026 8:47:14 AM,7/14/2026 8:00:00 PM,7/14/2026 4:00:00 PM,7/14/2026 9:00:00 PM,7/14/2026 5:00:00 PM,UGI/MIDATL,176
7/9/2026 12:47:14 PM,7/9/2026 8:47:14 AM,7/14/2026 9:00:00 PM,7/14/2026 5:00:00 PM,7/14/2026 10:00:00 PM,7/14/2026 6:00:00 PM,UGI/MIDATL,178
7/9/2026 12:47:14 PM,7/9/2026 8:47:14 AM,7/14/2026 10:00:00 PM,7/14/2026 6:00:00 PM,7/14/2026 11:00:00 PM,7/14/2026 7:00:00 PM,UGI/MIDATL,177
7/9/2026 12:47:14 PM,7/9/2026 8:47:14 AM,7/14/2026 11:00:00 PM,7/14/2026 7:00:00 PM,7/15/2026 12:00:00 AM,7/14/2026 8:00:00 PM,UGI/MIDATL,172
7/9/2026 12:47:14 PM,7/9/2026 8:47:14 AM,7/15/2026 12:00:00 AM,7/14/2026 8:00:00 PM,7/15/2026 1:00:00 AM,7/14/2026 9:00:00 PM,UGI/MIDATL,166
7/9/2026 12:47:14 PM,7/9/2026 8:47:14 AM,7/15/2026 1:00:00 AM,7/14/2026 9:00:00 PM,7/15/2026 2:00:00 AM,7/14/2026 10:00:00 PM,UGI/MIDATL,159
7/9/2026 12:47:14 PM,7/9/2026 8:47:14 AM,7/15/2026 2:00:00 AM,7/14/2026 10:00:00 PM,7/15/2026 3:00:00 AM,7/14/2026 11:00:00 PM,UGI/MIDATL,145
7/9/2026 12:47:14 PM,7/9/2026 8:47:14 AM,7/15/2026 3:00:00 AM,7/14/2026 11:00:00 PM,7/15/2026 4:00:00 AM,7/15/2026 12:00:00 AM,UGI/MIDATL,131
7/9/2026 12:47:14 PM,7/9/2026 8:47:14 AM,7/15/2026 4:00:00 AM,7/15/2026 12:00:00 AM,7/15/2026 5:00:00 AM,7/15/2026 1:00:00 AM,UGI/MIDATL,124
7/9/2026 12:47:14 PM,7/9/2026 8:47:14 AM,7/15/2026 5:00:00 AM,7/15/2026 1:00:00 AM,7/15/2026 6:00:00 AM,7/15/2026 2:00:00 AM,UGI/MIDATL,116
7/9/2026 12:47:14 PM,7/9/2026 8:47:14 AM,7/15/2026 6:00:00 AM,7/15/2026 2:00:00 AM,7/15/2026 7:00:00 AM,7/15/2026 3:00:00 AM,UGI/MIDATL,111
7/9/2026 12:47:14 PM,7/9/2026 8:47:14 AM,7/15/2026 7:00:00 AM,7/15/2026 3:00:00 AM,7/15/2026 8:00:00 AM,7/15/2026 4:00:00 AM,UGI/MIDATL,107
7/9/2026 12:47:14 PM,7/9/2026 8:47:14 AM,7/15/2026 8:00:00 AM,7/15/2026 4:00:00 AM,7/15/2026 9:00:00 AM,7/15/2026 5:00:00 AM,UGI/MIDATL,107
7/9/2026 12:47:14 PM,7/9/2026 8:47:14 AM,7/15/2026 9:00:00 AM,7/15/2026 5:00:00 AM,7/15/2026 10:00:00 AM,7/15/2026 6:00:00 AM,UGI/MIDATL,109
7/9/2026 12:47:14 PM,7/9/2026 8:47:14 AM,7/15/2026 10:00:00 AM,7/15/2026 6:00:00 AM,7/15/2026 11:00:00 AM,7/15/2026 7:00:00 AM,UGI/MIDATL,116
7/9/2026 12:47:14 PM,7/9/2026 8:47:14 AM,7/15/2026 11:00:00 AM,7/15/2026 7:00:00 AM,7/15/2026 12:00:00 PM,7/15/2026 8:00:00 AM,UGI/MIDATL,127
7/9/2026 12:47:14 PM,7/9/2026 8:47:14 AM,7/15/2026 12:00:00 PM,7/15/2026 8:00:00 AM,7/15/2026 1:00:00 PM,7/15/2026 9:00:00 AM,UGI/MIDATL,138
7/9/2026 12:47:14 PM,7/9/2026 8:47:14 AM,7/15/2026 1:00:00 PM,7/15/2026 9:00:00 AM,7/15/2026 2:00:00 PM,7/15/2026 10:00:00 AM,UGI/MIDATL,148
7/9/2026 12:47:14 PM,7/9/2026 8:47:14 AM,7/15/2026 2:00:00 PM,7/15/2026 10:00:00 AM,7/15/2026 3:00:00 PM,7/15/2026 11:00:00 AM,UGI/MIDATL,160
7/9/2026 12:47:14 PM,7/9/2026 8:47:14 AM,7/15/2026 3:00:00 PM,7/15/2026 11:00:00 AM,7/15/2026 4:00:00 PM,7/15/2026 12:00:00 PM,UGI/MIDATL,171
7/9/2026 12:47:14 PM,7/9/2026 8:47:14 AM,7/15/2026 4:00:00 PM,7/15/2026 12:00:00 PM,7/15/2026 5:00:00 PM,7/15/2026 1:00:00 PM,UGI/MIDATL,181
7/9/2026 12:47:14 PM,7/9/2026 8:47:14 AM,7/15/2026 5:00:00 PM,7/15/2026 1:00:00 PM,7/15/2026 6:00:00 PM,7/15/2026 2:00:00 PM,UGI/MIDATL,189
7/9/2026 12:47:14 PM,7/9/2026 8:47:14 AM,7/15/2026 6:00:00 PM,7/15/2026 2:00:00 PM,7/15/2026 7:00:00 PM,7/15/2026 3:00:00 PM,UGI/MIDATL,193
7/9/2026 12:47:14 PM,7/9/2026 8:47:14 AM,7/15/2026 7:00:00 PM,7/15/2026 3:00:00 PM,7/15/2026 8:00:00 PM,7/15/2026 4:00:00 PM,UGI/MIDATL,195
7/9/2026 12:47:14 PM,7/9/2026 8:47:14 AM,7/15/2026 8:00:00 PM,7/15/2026 4:00:00 PM,7/15/2026 9:00:00 PM,7/15/2026 5:00:00 PM,UGI/MIDATL,197
7/9/2026 12:47:14 PM,7/9/2026 8:47:14 AM,7/15/2026 9:00:00 PM,7/15/2026 5:00:00 PM,7/15/2026 10:00:00 PM,7/15/2026 6:00:00 PM,UGI/MIDATL,195
7/9/2026 12:47:14 PM,7/9/2026 8:47:14 AM,7/15/2026 10:00:00 PM,7/15/2026 6:00:00 PM,7/15/2026 11:00:00 PM,7/15/2026 7:00:00 PM,UGI/MIDATL,190
7/9/2026 12:47:14 PM,7/9/2026 8:47:14 AM,7/15/2026 11:00:00 PM,7/15/2026 7:00:00 PM,7/16/2026 12:00:00 AM,7/15/2026 8:00:00 PM,UGI/MIDATL,185
7/9/2026 12:47:14 PM,7/9/2026 8:47:14 AM,7/16/2026 12:00:00 AM,7/15/2026 8:00:00 PM,7/16/2026 1:00:00 AM,7/15/2026 9:00:00 PM,UGI/MIDATL,177
7/9/2026 12:47:14 PM,7/9/2026 8:47:14 AM,7/16/2026 1:00:00 AM,7/15/2026 9:00:00 PM,7/16/2026 2:00:00 AM,7/15/2026 10:00:00 PM,UGI/MIDATL,170
7/9/2026 12:47:14 PM,7/9/2026 8:47:14 AM,7/16/2026 2:00:00 AM,7/15/2026 10:00:00 PM,7/16/2026 3:00:00 AM,7/15/2026 11:00:00 PM,UGI/MIDATL,156
7/9/2026 12:47:14 PM,7/9/2026 8:47:14 AM,7/16/2026 3:00:00 AM,7/15/2026 11:00:00 PM,7/16/2026 4:00:00 AM,7/16/2026 12:00:00 AM,UGI/MIDATL,142
7/9/2026 12:47:14 PM,7/9/2026 8:47:14 AM,7/9/2026 4:00:00 AM,7/9/2026 12:00:00 AM,7/9/2026 5:00:00 AM,7/9/2026 1:00:00 AM,WESTERN_REGION,55465
7/9/2026 12:47:14 PM,7/9/2026 8:47:14 AM,7/9/2026 5:00:00 AM,7/9/2026 1:00:00 AM,7/9/2026 6:00:00 AM,7/9/2026 2:00:00 AM,WESTERN_REGION,52510
7/9/2026 12:47:14 PM,7/9/2026 8:47:14 AM,7/9/2026 6:00:00 AM,7/9/2026 2:00:00 AM,7/9/2026 7:00:00 AM,7/9/2026 3:00:00 AM,WESTERN_REGION,50179
7/9/2026 12:47:14 PM,7/9/2026 8:47:14 AM,7/9/2026 7:00:00 AM,7/9/2026 3:00:00 AM,7/9/2026 8:00:00 AM,7/9/2026 4:00:00 AM,WESTERN_REGION,48645
7/9/2026 12:47:14 PM,7/9/2026 8:47:14 AM,7/9/2026 8:00:00 AM,7/9/2026 4:00:00 AM,7/9/2026 9:00:00 AM,7/9/2026 5:00:00 AM,WESTERN_REGION,48316
7/9/2026 12:47:14 PM,7/9/2026 8:47:14 AM,7/9/2026 9:00:00 AM,7/9/2026 5:00:00 AM,7/9/2026 10:00:00 AM,7/9/2026 6:00:00 AM,WESTERN_REGION,49123
7/9/2026 12:47:14 PM,7/9/2026 8:47:14 AM,7/9/2026 10:00:00 AM,7/9/2026 6:00:00 AM,7/9/2026 11:00:00 AM,7/9/2026 7:00:00 AM,WESTERN_REGION,50681
7/9/2026 12:47:14 PM,7/9/2026 8:47:14 AM,7/9/2026 11:00:00 AM,7/9/2026 7:00:00 AM,7/9/2026 12:00:00 PM,7/9/2026 8:00:00 AM,WESTERN_REGION,53216
7/9/2026 12:47:14 PM,7/9/2026 8:47:14 AM,7/9/2026 12:00:00 PM,7/9/2026 8:00:00 AM,7/9/2026 1:00:00 PM,7/9/2026 9:00:00 AM,WESTERN_REGION,55601
7/9/2026 12:47:14 PM,7/9/2026 8:47:14 AM,7/9/2026 1:00:00 PM,7/9/2026 9:00:00 AM,7/9/2026 2:00:00 PM,7/9/2026 10:00:00 AM,WESTERN_REGION,58505
7/9/2026 12:47:14 PM,7/9/2026 8:47:14 AM,7/9/2026 2:00:00 PM,7/9/2026 10:00:00 AM,7/9/2026 3:00:00 PM,7/9/2026 11:00:00 AM,WESTERN_REGION,61553
7/9/2026 12:47:14 PM,7/9/2026 8:47:14 AM,7/9/2026 3:00:00 PM,7/9/2026 11:00:00 AM,7/9/2026 4:00:00 PM,7/9/2026 12:00:00 PM,WESTERN_REGION,64499
7/9/2026 12:47:14 PM,7/9/2026 8:47:14 AM,7/9/2026 4:00:00 PM,7/9/2026 12:00:00 PM,7/9/2026 5:00:00 PM,7/9/2026 1:00:00 PM,WESTERN_REGION,67390
7/9/2026 12:47:14 PM,7/9/2026 8:47:14 AM,7/9/2026 5:00:00 PM,7/9/2026 1:00:00 PM,7/9/2026 6:00:00 PM,7/9/2026 2:00:00 PM,WESTERN_REGION,69584
7/9/2026 12:47:14 PM,7/9/2026 8:47:14 AM,7/9/2026 6:00:00 PM,7/9/2026 2:00:00 PM,7/9/2026 7:00:00 PM,7/9/2026 3:00:00 PM,WESTERN_REGION,71000
7/9/2026 12:47:14 PM,7/9/2026 8:47:14 AM,7/9/2026 7:00:00 PM,7/9/2026 3:00:00 PM,7/9/2026 8:00:00 PM,7/9/2026 4:00:00 PM,WESTERN_REGION,71970
7/9/2026 12:47:14 PM,7/9/2026 8:47:14 AM,7/9/2026 8:00:00 PM,7/9/2026 4:00:00 PM,7/9/2026 9:00:00 PM,7/9/2026 5:00:00 PM,WESTERN_REGION,72500
7/9/2026 12:47:14 PM,7/9/2026 8:47:14 AM,7/9/2026 9:00:00 PM,7/9/2026 5:00:00 PM,7/9/2026 10:00:00 PM,7/9/2026 6:00:00 PM,WESTERN_REGION,72663
7/9/2026 12:47:14 PM,7/9/2026 8:47:14 AM,7/9/2026 10:00:00 PM,7/9/2026 6:00:00 PM,7/9/2026 11:00:00 PM,7/9/2026 7:00:00 PM,WESTERN_REGION,71978
7/9/2026 12:47:14 PM,7/9/2026 8:47:14 AM,7/9/2026 11:00:00 PM,7/9/2026 7:00:00 PM,7/10/2026 12:00:00 AM,7/9/2026 8:00:00 PM,WESTERN_REGION,70444
7/9/2026 12:47:14 PM,7/9/2026 8:47:14 AM,7/10/2026 12:00:00 AM,7/9/2026 8:00:00 PM,7/10/2026 1:00:00 AM,7/9/2026 9:00:00 PM,WESTERN_REGION,68323
7/9/2026 12:47:14 PM,7/9/2026 8:47:14 AM,7/10/2026 1:00:00 AM,7/9/2026 9:00:00 PM,7/10/2026 2:00:00 AM,7/9/2026 10:00:00 PM,WESTERN_REGION,65893
7/9/2026 12:47:14 PM,7/9/2026 8:47:14 AM,7/10/2026 2:00:00 AM,7/9/2026 10:00:00 PM,7/10/2026 3:00:00 AM,7/9/2026 11:00:00 PM,WESTERN_REGION,62253
7/9/2026 12:47:14 PM,7/9/2026 8:47:14 AM,7/10/2026 3:00:00 AM,7/9/2026 11:00:00 PM,7/10/2026 4:00:00 AM,7/10/2026 12:00:00 AM,WESTERN_REGION,58156
7/9/2026 12:47:14 PM,7/9/2026 8:47:14 AM,7/10/2026 4:00:00 AM,7/10/2026 12:00:00 AM,7/10/2026 5:00:00 AM,7/10/2026 1:00:00 AM,WESTERN_REGION,53949
7/9/2026 12:47:14 PM,7/9/2026 8:47:14 AM,7/10/2026 5:00:00 AM,7/10/2026 1:00:00 AM,7/10/2026 6:00:00 AM,7/10/2026 2:00:00 AM,WESTERN_REGION,51121
7/9/2026 12:47:14 PM,7/9/2026 8:47:14 AM,7/10/2026 6:00:00 AM,7/10/2026 2:00:00 AM,7/10/2026 7:00:00 AM,7/10/2026 3:00:00 AM,WESTERN_REGION,49037
7/9/2026 12:47:14 PM,7/9/2026 8:47:14 AM,7/10/2026 7:00:00 AM,7/10/2026 3:00:00 AM,7/10/2026 8:00:00 AM,7/10/2026 4:00:00 AM,WESTERN_REGION,47544
7/9/2026 12:47:14 PM,7/9/2026 8:47:14 AM,7/10/2026 8:00:00 AM,7/10/2026 4:00:00 AM,7/10/2026 9:00:00 AM,7/10/2026 5:00:00 AM,WESTERN_REGION,47012
7/9/2026 12:47:14 PM,7/9/2026 8:47:14 AM,7/10/2026 9:00:00 AM,7/10/2026 5:00:00 AM,7/10/2026 10:00:00 AM,7/10/2026 6:00:00 AM,WESTERN_REGION,47669
7/9/2026 12:47:14 PM,7/9/2026 8:47:14 AM,7/10/2026 10:00:00 AM,7/10/2026 6:00:00 AM,7/10/2026 11:00:00 AM,7/10/2026 7:00:00 AM,WESTERN_REGION,49200
7/9/2026 12:47:14 PM,7/9/2026 8:47:14 AM,7/10/2026 11:00:00 AM,7/10/2026 7:00:00 AM,7/10/2026 12:00:00 PM,7/10/2026 8:00:00 AM,WESTERN_REGION,51391
7/9/2026 12:47:14 PM,7/9/2026 8:47:14 AM,7/10/2026 12:00:00 PM,7/10/2026 8:00:00 AM,7/10/2026 1:00:00 PM,7/10/2026 9:00:00 AM,WESTERN_REGION,53814
7/9/2026 12:47:14 PM,7/9/2026 8:47:14 AM,7/10/2026 1:00:00 PM,7/10/2026 9:00:00 AM,7/10/2026 2:00:00 PM,7/10/2026 10:00:00 AM,WESTERN_REGION,56285
7/9/2026 12:47:14 PM,7/9/2026 8:47:14 AM,7/10/2026 2:00:00 PM,7/10/2026 10:00:00 AM,7/10/2026 3:00:00 PM,7/10/2026 11:00:00 AM,WESTERN_REGION,58719
7/9/2026 12:47:14 PM,7/9/2026 8:47:14 AM,7/10/2026 3:00:00 PM,7/10/2026 11:00:00 AM,7/10/2026 4:00:00 PM,7/10/2026 12:00:00 PM,WESTERN_REGION,60986
7/9/2026 12:47:14 PM,7/9/2026 8:47:14 AM,7/10/2026 4:00:00 PM,7/10/2026 12:00:00 PM,7/10/2026 5:00:00 PM,7/10/2026 1:00:00 PM,WESTERN_REGION,63012
7/9/2026 12:47:14 PM,7/9/2026 8:47:14 AM,7/10/2026 5:00:00 PM,7/10/2026 1:00:00 PM,7/10/2026 6:00:00 PM,7/10/2026 2:00:00 PM,WESTERN_REGION,64601
7/9/2026 12:47:14 PM,7/9/2026 8:47:14 AM,7/10/2026 6:00:00 PM,7/10/2026 2:00:00 PM,7/10/2026 7:00:00 PM,7/10/2026 3:00:00 PM,WESTERN_REGION,65675
7/9/2026 12:47:14 PM,7/9/2026 8:47:14 AM,7/10/2026 7:00:00 PM,7/10/2026 3:00:00 PM,7/10/2026 8:00:00 PM,7/10/2026 4:00:00 PM,WESTERN_REGION,66144
7/9/2026 12:47:14 PM,7/9/2026 8:47:14 AM,7/10/2026 8:00:00 PM,7/10/2026 4:00:00 PM,7/10/2026 9:00:00 PM,7/10/2026 5:00:00 PM,WESTERN_REGION,66582
7/9/2026 12:47:14 PM,7/9/2026 8:47:14 AM,7/10/2026 9:00:00 PM,7/10/2026 5:00:00 PM,7/10/2026 10:00:00 PM,7/10/2026 6:00:00 PM,WESTERN_REGION,66496
7/9/2026 12:47:14 PM,7/9/2026 8:47:14 AM,7/10/2026 10:00:00 PM,7/10/2026 6:00:00 PM,7/10/2026 11:00:00 PM,7/10/2026 7:00:00 PM,WESTERN_REGION,65422
7/9/2026 12:47:14 PM,7/9/2026 8:47:14 AM,7/10/2026 11:00:00 PM,7/10/2026 7:00:00 PM,7/11/2026 12:00:00 AM,7/10/2026 8:00:00 PM,WESTERN_REGION,63724
7/9/2026 12:47:14 PM,7/9/2026 8:47:14 AM,7/11/2026 12:00:00 AM,7/10/2026 8:00:00 PM,7/11/2026 1:00:00 AM,7/10/2026 9:00:00 PM,WESTERN_REGION,61591
7/9/2026 12:47:14 PM,7/9/2026 8:47:14 AM,7/11/2026 1:00:00 AM,7/10/2026 9:00:00 PM,7/11/2026 2:00:00 AM,7/10/2026 10:00:00 PM,WESTERN_REGION,59648
7/9/2026 12:47:14 PM,7/9/2026 8:47:14 AM,7/11/2026 2:00:00 AM,7/10/2026 10:00:00 PM,7/11/2026 3:00:00 AM,7/10/2026 11:00:00 PM,WESTERN_REGION,56699
7/9/2026 12:47:14 PM,7/9/2026 8:47:14 AM,7/11/2026 3:00:00 AM,7/10/2026 11:00:00 PM,7/11/2026 4:00:00 AM,7/11/2026 12:00:00 AM,WESTERN_REGION,53001
7/9/2026 12:47:14 PM,7/9/2026 8:47:14 AM,7/11/2026 4:00:00 AM,7/11/2026 12:00:00 AM,7/11/2026 5:00:00 AM,7/11/2026 1:00:00 AM,WESTERN_REGION,50024
7/9/2026 12:47:14 PM,7/9/2026 8:47:14 AM,7/11/2026 5:00:00 AM,7/11/2026 1:00:00 AM,7/11/2026 6:00:00 AM,7/11/2026 2:00:00 AM,WESTERN_REGION,47393
7/9/2026 12:47:14 PM,7/9/2026 8:47:14 AM,7/11/2026 6:00:00 AM,7/11/2026 2:00:00 AM,7/11/2026 7:00:00 AM,7/11/2026 3:00:00 AM,WESTERN_REGION,45512
7/9/2026 12:47:14 PM,7/9/2026 8:47:14 AM,7/11/2026 7:00:00 AM,7/11/2026 3:00:00 AM,7/11/2026 8:00:00 AM,7/11/2026 4:00:00 AM,WESTERN_REGION,44093
7/9/2026 12:47:14 PM,7/9/2026 8:47:14 AM,7/11/2026 8:00:00 AM,7/11/2026 4:00:00 AM,7/11/2026 9:00:00 AM,7/11/2026 5:00:00 AM,WESTERN_REGION,43255
7/9/2026 12:47:14 PM,7/9/2026 8:47:14 AM,7/11/2026 9:00:00 AM,7/11/2026 5:00:00 AM,7/11/2026 10:00:00 AM,7/11/2026 6:00:00 AM,WESTERN_REGION,43058
7/9/2026 12:47:14 PM,7/9/2026 8:47:14 AM,7/11/2026 10:00:00 AM,7/11/2026 6:00:00 AM,7/11/2026 11:00:00 AM,7/11/2026 7:00:00 AM,WESTERN_REGION,43179
7/9/2026 12:47:14 PM,7/9/2026 8:47:14 AM,7/11/2026 11:00:00 AM,7/11/2026 7:00:00 AM,7/11/2026 12:00:00 PM,7/11/2026 8:00:00 AM,WESTERN_REGION,44225
7/9/2026 12:47:14 PM,7/9/2026 8:47:14 AM,7/11/2026 12:00:00 PM,7/11/2026 8:00:00 AM,7/11/2026 1:00:00 PM,7/11/2026 9:00:00 AM,WESTERN_REGION,46471
7/9/2026 12:47:14 PM,7/9/2026 8:47:14 AM,7/11/2026 1:00:00 PM,7/11/2026 9:00:00 AM,7/11/2026 2:00:00 PM,7/11/2026 10:00:00 AM,WESTERN_REGION,49330
7/9/2026 12:47:14 PM,7/9/2026 8:47:14 AM,7/11/2026 2:00:00 PM,7/11/2026 10:00:00 AM,7/11/2026 3:00:00 PM,7/11/2026 11:00:00 AM,WESTERN_REGION,51918
7/9/2026 12:47:14 PM,7/9/2026 8:47:14 AM,7/11/2026 3:00:00 PM,7/11/2026 11:00:00 AM,7/11/2026 4:00:00 PM,7/11/2026 12:00:00 PM,WESTERN_REGION,54473
7/9/2026 12:47:14 PM,7/9/2026 8:47:14 AM,7/11/2026 4:00:00 PM,7/11/2026 12:00:00 PM,7/11/2026 5:00:00 PM,7/11/2026 1:00:00 PM,WESTERN_REGION,56567
7/9/2026 12:47:14 PM,7/9/2026 8:47:14 AM,7/11/2026 5:00:00 PM,7/11/2026 1:00:00 PM,7/11/2026 6:00:00 PM,7/11/2026 2:00:00 PM,WESTERN_REGION,58351
7/9/2026 12:47:14 PM,7/9/2026 8:47:14 AM,7/11/2026 6:00:00 PM,7/11/2026 2:00:00 PM,7/11/2026 7:00:00 PM,7/11/2026 3:00:00 PM,WESTERN_REGION,59828
7/9/2026 12:47:14 PM,7/9/2026 8:47:14 AM,7/11/2026 7:00:00 PM,7/11/2026 3:00:00 PM,7/11/2026 8:00:00 PM,7/11/2026 4:00:00 PM,WESTERN_REGION,61171
7/9/2026 12:47:14 PM,7/9/2026 8:47:14 AM,7/11/2026 8:00:00 PM,7/11/2026 4:00:00 PM,7/11/2026 9:00:00 PM,7/11/2026 5:00:00 PM,WESTERN_REGION,62456
7/9/2026 12:47:14 PM,7/9/2026 8:47:14 AM,7/11/2026 9:00:00 PM,7/11/2026 5:00:00 PM,7/11/2026 10:00:00 PM,7/11/2026 6:00:00 PM,WESTERN_REGION,62924
7/9/2026 12:47:14 PM,7/9/2026 8:47:14 AM,7/11/2026 10:00:00 PM,7/11/2026 6:00:00 PM,7/11/2026 11:00:00 PM,7/11/2026 7:00:00 PM,WESTERN_REGION,62238
7/9/2026 12:47:14 PM,7/9/2026 8:47:14 AM,7/11/2026 11:00:00 PM,7/11/2026 7:00:00 PM,7/12/2026 12:00:00 AM,7/11/2026 8:00:00 PM,WESTERN_REGION,60833
7/9/2026 12:47:14 PM,7/9/2026 8:47:14 AM,7/12/2026 12:00:00 AM,7/11/2026 8:00:00 PM,7/12/2026 1:00:00 AM,7/11/2026 9:00:00 PM,WESTERN_REGION,58808
7/9/2026 12:47:14 PM,7/9/2026 8:47:14 AM,7/12/2026 1:00:00 AM,7/11/2026 9:00:00 PM,7/12/2026 2:00:00 AM,7/11/2026 10:00:00 PM,WESTERN_REGION,57033
7/9/2026 12:47:14 PM,7/9/2026 8:47:14 AM,7/12/2026 2:00:00 AM,7/11/2026 10:00:00 PM,7/12/2026 3:00:00 AM,7/11/2026 11:00:00 PM,WESTERN_REGION,54441
7/9/2026 12:47:14 PM,7/9/2026 8:47:14 AM,7/12/2026 3:00:00 AM,7/11/2026 11:00:00 PM,7/12/2026 4:00:00 AM,7/12/2026 12:00:00 AM,WESTERN_REGION,51114
7/9/2026 12:47:14 PM,7/9/2026 8:47:14 AM,7/12/2026 4:00:00 AM,7/12/2026 12:00:00 AM,7/12/2026 5:00:00 AM,7/12/2026 1:00:00 AM,WESTERN_REGION,47467
7/9/2026 12:47:14 PM,7/9/2026 8:47:14 AM,7/12/2026 5:00:00 AM,7/12/2026 1:00:00 AM,7/12/2026 6:00:00 AM,7/12/2026 2:00:00 AM,WESTERN_REGION,45102
7/9/2026 12:47:14 PM,7/9/2026 8:47:14 AM,7/12/2026 6:00:00 AM,7/12/2026 2:00:00 AM,7/12/2026 7:00:00 AM,7/12/2026 3:00:00 AM,WESTERN_REGION,43242
7/9/2026 12:47:14 PM,7/9/2026 8:47:14 AM,7/12/2026 7:00:00 AM,7/12/2026 3:00:00 AM,7/12/2026 8:00:00 AM,7/12/2026 4:00:00 AM,WESTERN_REGION,41861
7/9/2026 12:47:14 PM,7/9/2026 8:47:14 AM,7/12/2026 8:00:00 AM,7/12/2026 4:00:00 AM,7/12/2026 9:00:00 AM,7/12/2026 5:00:00 AM,WESTERN_REGION,41014
7/9/2026 12:47:14 PM,7/9/2026 8:47:14 AM,7/12/2026 9:00:00 AM,7/12/2026 5:00:00 AM,7/12/2026 10:00:00 AM,7/12/2026 6:00:00 AM,WESTERN_REGION,40568
7/9/2026 12:47:14 PM,7/9/2026 8:47:14 AM,7/12/2026 10:00:00 AM,7/12/2026 6:00:00 AM,7/12/2026 11:00:00 AM,7/12/2026 7:00:00 AM,WESTERN_REGION,40358
7/9/2026 12:47:14 PM,7/9/2026 8:47:14 AM,7/12/2026 11:00:00 AM,7/12/2026 7:00:00 AM,7/12/2026 12:00:00 PM,7/12/2026 8:00:00 AM,WESTERN_REGION,41244
7/9/2026 12:47:14 PM,7/9/2026 8:47:14 AM,7/12/2026 12:00:00 PM,7/12/2026 8:00:00 AM,7/12/2026 1:00:00 PM,7/12/2026 9:00:00 AM,WESTERN_REGION,43626
7/9/2026 12:47:14 PM,7/9/2026 8:47:14 AM,7/12/2026 1:00:00 PM,7/12/2026 9:00:00 AM,7/12/2026 2:00:00 PM,7/12/2026 10:00:00 AM,WESTERN_REGION,46637
7/9/2026 12:47:14 PM,7/9/2026 8:47:14 AM,7/12/2026 2:00:00 PM,7/12/2026 10:00:00 AM,7/12/2026 3:00:00 PM,7/12/2026 11:00:00 AM,WESTERN_REGION,49734
7/9/2026 12:47:14 PM,7/9/2026 8:47:14 AM,7/12/2026 3:00:00 PM,7/12/2026 11:00:00 AM,7/12/2026 4:00:00 PM,7/12/2026 12:00:00 PM,WESTERN_REGION,52903
7/9/2026 12:47:14 PM,7/9/2026 8:47:14 AM,7/12/2026 4:00:00 PM,7/12/2026 12:00:00 PM,7/12/2026 5:00:00 PM,7/12/2026 1:00:00 PM,WESTERN_REGION,55799
7/9/2026 12:47:14 PM,7/9/2026 8:47:14 AM,7/12/2026 5:00:00 PM,7/12/2026 1:00:00 PM,7/12/2026 6:00:00 PM,7/12/2026 2:00:00 PM,WESTERN_REGION,58290
7/9/2026 12:47:14 PM,7/9/2026 8:47:14 AM,7/12/2026 6:00:00 PM,7/12/2026 2:00:00 PM,7/12/2026 7:00:00 PM,7/12/2026 3:00:00 PM,WESTERN_REGION,60466
7/9/2026 12:47:14 PM,7/9/2026 8:47:14 AM,7/12/2026 7:00:00 PM,7/12/2026 3:00:00 PM,7/12/2026 8:00:00 PM,7/12/2026 4:00:00 PM,WESTERN_REGION,62414
7/9/2026 12:47:14 PM,7/9/2026 8:47:14 AM,7/12/2026 8:00:00 PM,7/12/2026 4:00:00 PM,7/12/2026 9:00:00 PM,7/12/2026 5:00:00 PM,WESTERN_REGION,64121
7/9/2026 12:47:14 PM,7/9/2026 8:47:14 AM,7/12/2026 9:00:00 PM,7/12/2026 5:00:00 PM,7/12/2026 10:00:00 PM,7/12/2026 6:00:00 PM,WESTERN_REGION,65099
7/9/2026 12:47:14 PM,7/9/2026 8:47:14 AM,7/12/2026 10:00:00 PM,7/12/2026 6:00:00 PM,7/12/2026 11:00:00 PM,7/12/2026 7:00:00 PM,WESTERN_REGION,64781
7/9/2026 12:47:14 PM,7/9/2026 8:47:14 AM,7/12/2026 11:00:00 PM,7/12/2026 7:00:00 PM,7/13/2026 12:00:00 AM,7/12/2026 8:00:00 PM,WESTERN_REGION,63544
7/9/2026 12:47:14 PM,7/9/2026 8:47:14 AM,7/13/2026 12:00:00 AM,7/12/2026 8:00:00 PM,7/13/2026 1:00:00 AM,7/12/2026 9:00:00 PM,WESTERN_REGION,61556
7/9/2026 12:47:14 PM,7/9/2026 8:47:14 AM,7/13/2026 1:00:00 AM,7/12/2026 9:00:00 PM,7/13/2026 2:00:00 AM,7/12/2026 10:00:00 PM,WESTERN_REGION,59513
7/9/2026 12:47:14 PM,7/9/2026 8:47:14 AM,7/13/2026 2:00:00 AM,7/12/2026 10:00:00 PM,7/13/2026 3:00:00 AM,7/12/2026 11:00:00 PM,WESTERN_REGION,56447
7/9/2026 12:47:14 PM,7/9/2026 8:47:14 AM,7/13/2026 3:00:00 AM,7/12/2026 11:00:00 PM,7/13/2026 4:00:00 AM,7/13/2026 12:00:00 AM,WESTERN_REGION,52922
7/9/2026 12:47:14 PM,7/9/2026 8:47:14 AM,7/13/2026 4:00:00 AM,7/13/2026 12:00:00 AM,7/13/2026 5:00:00 AM,7/13/2026 1:00:00 AM,WESTERN_REGION,48652
7/9/2026 12:47:14 PM,7/9/2026 8:47:14 AM,7/13/2026 5:00:00 AM,7/13/2026 1:00:00 AM,7/13/2026 6:00:00 AM,7/13/2026 2:00:00 AM,WESTERN_REGION,46272
7/9/2026 12:47:14 PM,7/9/2026 8:47:14 AM,7/13/2026 6:00:00 AM,7/13/2026 2:00:00 AM,7/13/2026 7:00:00 AM,7/13/2026 3:00:00 AM,WESTERN_REGION,44569
7/9/2026 12:47:14 PM,7/9/2026 8:47:14 AM,7/13/2026 7:00:00 AM,7/13/2026 3:00:00 AM,7/13/2026 8:00:00 AM,7/13/2026 4:00:00 AM,WESTERN_REGION,43447
7/9/2026 12:47:14 PM,7/9/2026 8:47:14 AM,7/13/2026 8:00:00 AM,7/13/2026 4:00:00 AM,7/13/2026 9:00:00 AM,7/13/2026 5:00:00 AM,WESTERN_REGION,43300
7/9/2026 12:47:14 PM,7/9/2026 8:47:14 AM,7/13/2026 9:00:00 AM,7/13/2026 5:00:00 AM,7/13/2026 10:00:00 AM,7/13/2026 6:00:00 AM,WESTERN_REGION,44394
7/9/2026 12:47:14 PM,7/9/2026 8:47:14 AM,7/13/2026 10:00:00 AM,7/13/2026 6:00:00 AM,7/13/2026 11:00:00 AM,7/13/2026 7:00:00 AM,WESTERN_REGION,46389
7/9/2026 12:47:14 PM,7/9/2026 8:47:14 AM,7/13/2026 11:00:00 AM,7/13/2026 7:00:00 AM,7/13/2026 12:00:00 PM,7/13/2026 8:00:00 AM,WESTERN_REGION,49042
7/9/2026 12:47:14 PM,7/9/2026 8:47:14 AM,7/13/2026 12:00:00 PM,7/13/2026 8:00:00 AM,7/13/2026 1:00:00 PM,7/13/2026 9:00:00 AM,WESTERN_REGION,51889
7/9/2026 12:47:14 PM,7/9/2026 8:47:14 AM,7/13/2026 1:00:00 PM,7/13/2026 9:00:00 AM,7/13/2026 2:00:00 PM,7/13/2026 10:00:00 AM,WESTERN_REGION,54802
7/9/2026 12:47:14 PM,7/9/2026 8:47:14 AM,7/13/2026 2:00:00 PM,7/13/2026 10:00:00 AM,7/13/2026 3:00:00 PM,7/13/2026 11:00:00 AM,WESTERN_REGION,58022
7/9/2026 12:47:14 PM,7/9/2026 8:47:14 AM,7/13/2026 3:00:00 PM,7/13/2026 11:00:00 AM,7/13/2026 4:00:00 PM,7/13/2026 12:00:00 PM,WESTERN_REGION,61232
7/9/2026 12:47:14 PM,7/9/2026 8:47:14 AM,7/13/2026 4:00:00 PM,7/13/2026 12:00:00 PM,7/13/2026 5:00:00 PM,7/13/2026 1:00:00 PM,WESTERN_REGION,64281
7/9/2026 12:47:14 PM,7/9/2026 8:47:14 AM,7/13/2026 5:00:00 PM,7/13/2026 1:00:00 PM,7/13/2026 6:00:00 PM,7/13/2026 2:00:00 PM,WESTERN_REGION,67019
7/9/2026 12:47:14 PM,7/9/2026 8:47:14 AM,7/13/2026 6:00:00 PM,7/13/2026 2:00:00 PM,7/13/2026 7:00:00 PM,7/13/2026 3:00:00 PM,WESTERN_REGION,69142
7/9/2026 12:47:14 PM,7/9/2026 8:47:14 AM,7/13/2026 7:00:00 PM,7/13/2026 3:00:00 PM,7/13/2026 8:00:00 PM,7/13/2026 4:00:00 PM,WESTERN_REGION,70819
7/9/2026 12:47:14 PM,7/9/2026 8:47:14 AM,7/13/2026 8:00:00 PM,7/13/2026 4:00:00 PM,7/13/2026 9:00:00 PM,7/13/2026 5:00:00 PM,WESTERN_REGION,72079
7/9/2026 12:47:14 PM,7/9/2026 8:47:14 AM,7/13/2026 9:00:00 PM,7/13/2026 5:00:00 PM,7/13/2026 10:00:00 PM,7/13/2026 6:00:00 PM,WESTERN_REGION,72733
7/9/2026 12:47:14 PM,7/9/2026 8:47:14 AM,7/13/2026 10:00:00 PM,7/13/2026 6:00:00 PM,7/13/2026 11:00:00 PM,7/13/2026 7:00:00 PM,WESTERN_REGION,72264
7/9/2026 12:47:14 PM,7/9/2026 8:47:14 AM,7/13/2026 11:00:00 PM,7/13/2026 7:00:00 PM,7/14/2026 12:00:00 AM,7/13/2026 8:00:00 PM,WESTERN_REGION,70623
7/9/2026 12:47:14 PM,7/9/2026 8:47:14 AM,7/14/2026 12:00:00 AM,7/13/2026 8:00:00 PM,7/14/2026 1:00:00 AM,7/13/2026 9:00:00 PM,WESTERN_REGION,68164
7/9/2026 12:47:14 PM,7/9/2026 8:47:14 AM,7/14/2026 1:00:00 AM,7/13/2026 9:00:00 PM,7/14/2026 2:00:00 AM,7/13/2026 10:00:00 PM,WESTERN_REGION,65564
7/9/2026 12:47:14 PM,7/9/2026 8:47:14 AM,7/14/2026 2:00:00 AM,7/13/2026 10:00:00 PM,7/14/2026 3:00:00 AM,7/13/2026 11:00:00 PM,WESTERN_REGION,61720
7/9/2026 12:47:14 PM,7/9/2026 8:47:14 AM,7/14/2026 3:00:00 AM,7/13/2026 11:00:00 PM,7/14/2026 4:00:00 AM,7/14/2026 12:00:00 AM,WESTERN_REGION,57392
7/9/2026 12:47:14 PM,7/9/2026 8:47:14 AM,7/14/2026 4:00:00 AM,7/14/2026 12:00:00 AM,7/14/2026 5:00:00 AM,7/14/2026 1:00:00 AM,WESTERN_REGION,52751
7/9/2026 12:47:14 PM,7/9/2026 8:47:14 AM,7/14/2026 5:00:00 AM,7/14/2026 1:00:00 AM,7/14/2026 6:00:00 AM,7/14/2026 2:00:00 AM,WESTERN_REGION,49919
7/9/2026 12:47:14 PM,7/9/2026 8:47:14 AM,7/14/2026 6:00:00 AM,7/14/2026 2:00:00 AM,7/14/2026 7:00:00 AM,7/14/2026 3:00:00 AM,WESTERN_REGION,47842
7/9/2026 12:47:14 PM,7/9/2026 8:47:14 AM,7/14/2026 7:00:00 AM,7/14/2026 3:00:00 AM,7/14/2026 8:00:00 AM,7/14/2026 4:00:00 AM,WESTERN_REGION,46357
7/9/2026 12:47:14 PM,7/9/2026 8:47:14 AM,7/14/2026 8:00:00 AM,7/14/2026 4:00:00 AM,7/14/2026 9:00:00 AM,7/14/2026 5:00:00 AM,WESTERN_REGION,45971
7/9/2026 12:47:14 PM,7/9/2026 8:47:14 AM,7/14/2026 9:00:00 AM,7/14/2026 5:00:00 AM,7/14/2026 10:00:00 AM,7/14/2026 6:00:00 AM,WESTERN_REGION,46646
7/9/2026 12:47:14 PM,7/9/2026 8:47:14 AM,7/14/2026 10:00:00 AM,7/14/2026 6:00:00 AM,7/14/2026 11:00:00 AM,7/14/2026 7:00:00 AM,WESTERN_REGION,48462
7/9/2026 12:47:14 PM,7/9/2026 8:47:14 AM,7/14/2026 11:00:00 AM,7/14/2026 7:00:00 AM,7/14/2026 12:00:00 PM,7/14/2026 8:00:00 AM,WESTERN_REGION,50934
7/9/2026 12:47:14 PM,7/9/2026 8:47:14 AM,7/14/2026 12:00:00 PM,7/14/2026 8:00:00 AM,7/14/2026 1:00:00 PM,7/14/2026 9:00:00 AM,WESTERN_REGION,53853
7/9/2026 12:47:14 PM,7/9/2026 8:47:14 AM,7/14/2026 1:00:00 PM,7/14/2026 9:00:00 AM,7/14/2026 2:00:00 PM,7/14/2026 10:00:00 AM,WESTERN_REGION,56989
7/9/2026 12:47:14 PM,7/9/2026 8:47:14 AM,7/14/2026 2:00:00 PM,7/14/2026 10:00:00 AM,7/14/2026 3:00:00 PM,7/14/2026 11:00:00 AM,WESTERN_REGION,60537
7/9/2026 12:47:14 PM,7/9/2026 8:47:14 AM,7/14/2026 3:00:00 PM,7/14/2026 11:00:00 AM,7/14/2026 4:00:00 PM,7/14/2026 12:00:00 PM,WESTERN_REGION,64040
7/9/2026 12:47:14 PM,7/9/2026 8:47:14 AM,7/14/2026 4:00:00 PM,7/14/2026 12:00:00 PM,7/14/2026 5:00:00 PM,7/14/2026 1:00:00 PM,WESTERN_REGION,67317
7/9/2026 12:47:14 PM,7/9/2026 8:47:14 AM,7/14/2026 5:00:00 PM,7/14/2026 1:00:00 PM,7/14/2026 6:00:00 PM,7/14/2026 2:00:00 PM,WESTERN_REGION,70153
7/9/2026 12:47:14 PM,7/9/2026 8:47:14 AM,7/14/2026 6:00:00 PM,7/14/2026 2:00:00 PM,7/14/2026 7:00:00 PM,7/14/2026 3:00:00 PM,WESTERN_REGION,72291
7/9/2026 12:47:14 PM,7/9/2026 8:47:14 AM,7/14/2026 7:00:00 PM,7/14/2026 3:00:00 PM,7/14/2026 8:00:00 PM,7/14/2026 4:00:00 PM,WESTERN_REGION,74099
7/9/2026 12:47:14 PM,7/9/2026 8:47:14 AM,7/14/2026 8:00:00 PM,7/14/2026 4:00:00 PM,7/14/2026 9:00:00 PM,7/14/2026 5:00:00 PM,WESTERN_REGION,75373
7/9/2026 12:47:14 PM,7/9/2026 8:47:14 AM,7/14/2026 9:00:00 PM,7/14/2026 5:00:00 PM,7/14/2026 10:00:00 PM,7/14/2026 6:00:00 PM,WESTERN_REGION,76042
7/9/2026 12:47:14 PM,7/9/2026 8:47:14 AM,7/14/2026 10:00:00 PM,7/14/2026 6:00:00 PM,7/14/2026 11:00:00 PM,7/14/2026 7:00:00 PM,WESTERN_REGION,75635
7/9/2026 12:47:14 PM,7/9/2026 8:47:14 AM,7/14/2026 11:00:00 PM,7/14/2026 7:00:00 PM,7/15/2026 12:00:00 AM,7/14/2026 8:00:00 PM,WESTERN_REGION,74231
7/9/2026 12:47:14 PM,7/9/2026 8:47:14 AM,7/15/2026 12:00:00 AM,7/14/2026 8:00:00 PM,7/15/2026 1:00:00 AM,7/14/2026 9:00:00 PM,WESTERN_REGION,71855
7/9/2026 12:47:14 PM,7/9/2026 8:47:14 AM,7/15/2026 1:00:00 AM,7/14/2026 9:00:00 PM,7/15/2026 2:00:00 AM,7/14/2026 10:00:00 PM,WESTERN_REGION,69179
7/9/2026 12:47:14 PM,7/9/2026 8:47:14 AM,7/15/2026 2:00:00 AM,7/14/2026 10:00:00 PM,7/15/2026 3:00:00 AM,7/14/2026 11:00:00 PM,WESTERN_REGION,65290
7/9/2026 12:47:14 PM,7/9/2026 8:47:14 AM,7/15/2026 3:00:00 AM,7/14/2026 11:00:00 PM,7/15/2026 4:00:00 AM,7/15/2026 12:00:00 AM,WESTERN_REGION,60891
7/9/2026 12:47:14 PM,7/9/2026 8:47:14 AM,7/15/2026 4:00:00 AM,7/15/2026 12:00:00 AM,7/15/2026 5:00:00 AM,7/15/2026 1:00:00 AM,WESTERN_REGION,55858
7/9/2026 12:47:14 PM,7/9/2026 8:47:14 AM,7/15/2026 5:00:00 AM,7/15/2026 1:00:00 AM,7/15/2026 6:00:00 AM,7/15/2026 2:00:00 AM,WESTERN_REGION,52787
7/9/2026 12:47:14 PM,7/9/2026 8:47:14 AM,7/15/2026 6:00:00 AM,7/15/2026 2:00:00 AM,7/15/2026 7:00:00 AM,7/15/2026 3:00:00 AM,WESTERN_REGION,50338
7/9/2026 12:47:14 PM,7/9/2026 8:47:14 AM,7/15/2026 7:00:00 AM,7/15/2026 3:00:00 AM,7/15/2026 8:00:00 AM,7/15/2026 4:00:00 AM,WESTERN_REGION,48722
7/9/2026 12:47:14 PM,7/9/2026 8:47:14 AM,7/15/2026 8:00:00 AM,7/15/2026 4:00:00 AM,7/15/2026 9:00:00 AM,7/15/2026 5:00:00 AM,WESTERN_REGION,48106
7/9/2026 12:47:14 PM,7/9/2026 8:47:14 AM,7/15/2026 9:00:00 AM,7/15/2026 5:00:00 AM,7/15/2026 10:00:00 AM,7/15/2026 6:00:00 AM,WESTERN_REGION,48736
7/9/2026 12:47:14 PM,7/9/2026 8:47:14 AM,7/15/2026 10:00:00 AM,7/15/2026 6:00:00 AM,7/15/2026 11:00:00 AM,7/15/2026 7:00:00 AM,WESTERN_REGION,50269
7/9/2026 12:47:14 PM,7/9/2026 8:47:14 AM,7/15/2026 11:00:00 AM,7/15/2026 7:00:00 AM,7/15/2026 12:00:00 PM,7/15/2026 8:00:00 AM,WESTERN_REGION,52807
7/9/2026 12:47:14 PM,7/9/2026 8:47:14 AM,7/15/2026 12:00:00 PM,7/15/2026 8:00:00 AM,7/15/2026 1:00:00 PM,7/15/2026 9:00:00 AM,WESTERN_REGION,56141
7/9/2026 12:47:14 PM,7/9/2026 8:47:14 AM,7/15/2026 1:00:00 PM,7/15/2026 9:00:00 AM,7/15/2026 2:00:00 PM,7/15/2026 10:00:00 AM,WESTERN_REGION,59753
7/9/2026 12:47:14 PM,7/9/2026 8:47:14 AM,7/15/2026 2:00:00 PM,7/15/2026 10:00:00 AM,7/15/2026 3:00:00 PM,7/15/2026 11:00:00 AM,WESTERN_REGION,63769
7/9/2026 12:47:14 PM,7/9/2026 8:47:14 AM,7/15/2026 3:00:00 PM,7/15/2026 11:00:00 AM,7/15/2026 4:00:00 PM,7/15/2026 12:00:00 PM,WESTERN_REGION,67549
7/9/2026 12:47:14 PM,7/9/2026 8:47:14 AM,7/15/2026 4:00:00 PM,7/15/2026 12:00:00 PM,7/15/2026 5:00:00 PM,7/15/2026 1:00:00 PM,WESTERN_REGION,70975
7/9/2026 12:47:14 PM,7/9/2026 8:47:14 AM,7/15/2026 5:00:00 PM,7/15/2026 1:00:00 PM,7/15/2026 6:00:00 PM,7/15/2026 2:00:00 PM,WESTERN_REGION,73685
7/9/2026 12:47:14 PM,7/9/2026 8:47:14 AM,7/15/2026 6:00:00 PM,7/15/2026 2:00:00 PM,7/15/2026 7:00:00 PM,7/15/2026 3:00:00 PM,WESTERN_REGION,75573
7/9/2026 12:47:14 PM,7/9/2026 8:47:14 AM,7/15/2026 7:00:00 PM,7/15/2026 3:00:00 PM,7/15/2026 8:00:00 PM,7/15/2026 4:00:00 PM,WESTERN_REGION,77001
7/9/2026 12:47:14 PM,7/9/2026 8:47:14 AM,7/15/2026 8:00:00 PM,7/15/2026 4:00:00 PM,7/15/2026 9:00:00 PM,7/15/2026 5:00:00 PM,WESTERN_REGION,77890
7/9/2026 12:47:14 PM,7/9/2026 8:47:14 AM,7/15/2026 9:00:00 PM,7/15/2026 5:00:00 PM,7/15/2026 10:00:00 PM,7/15/2026 6:00:00 PM,WESTERN_REGION,78287
7/9/2026 12:47:14 PM,7/9/2026 8:47:14 AM,7/15/2026 10:00:00 PM,7/15/2026 6:00:00 PM,7/15/2026 11:00:00 PM,7/15/2026 7:00:00 PM,WESTERN_REGION,77999
7/9/2026 12:47:14 PM,7/9/2026 8:47:14 AM,7/15/2026 11:00:00 PM,7/15/2026 7:00:00 PM,7/16/2026 12:00:00 AM,7/15/2026 8:00:00 PM,WESTERN_REGION,76510
7/9/2026 12:47:14 PM,7/9/2026 8:47:14 AM,7/16/2026 12:00:00 AM,7/15/2026 8:00:00 PM,7/16/2026 1:00:00 AM,7/15/2026 9:00:00 PM,WESTERN_REGION,74009
7/9/2026 12:47:14 PM,7/9/2026 8:47:14 AM,7/16/2026 1:00:00 AM,7/15/2026 9:00:00 PM,7/16/2026 2:00:00 AM,7/15/2026 10:00:00 PM,WESTERN_REGION,71427
7/9/2026 12:47:14 PM,7/9/2026 8:47:14 AM,7/16/2026 2:00:00 AM,7/15/2026 10:00:00 PM,7/16/2026 3:00:00 AM,7/15/2026 11:00:00 PM,WESTERN_REGION,67324
7/9/2026 12:47:14 PM,7/9/2026 8:47:14 AM,7/16/2026 3:00:00 AM,7/15/2026 11:00:00 PM,7/16/2026 4:00:00 AM,7/16/2026 12:00:00 AM,WESTERN_REGION,62894
